{"credit":"MadewithBlockbench","textures":{"2":"furnituresplus:furnituresplus/iron_block","3":"furnituresplus:furnituresplus/gray_wool"},"elements":[{"from":[2,0,0.1],"to":[3,15,2.1],"rotation":{"angle":0,"axis":"y","origin":[0,0,-1]},"faces":{"north":{"uv":[0,0,1,14],"texture":"#2"},"east":{"uv":[0,0,1,14],"texture":"#2"},"south":{"uv":[0,0,1,14],"texture":"#2"},"west":{"uv":[0,0,1,14],"texture":"#2"},"up":{"uv":[0,0,1,1],"rotation":90,"texture":"#2"},"down":{"uv":[0,0,1,1],"rotation":270,"texture":"#2"}}},{"from":[13,-0.3,13.9],"to":[14,15,15.9],"faces":{"north":{"uv":[0,0,1,14.3],"texture":"#2"},"east":{"uv":[0,0,1,14.3],"texture":"#2"},"south":{"uv":[0,0,1,14.3],"texture":"#2"},"west":{"uv":[0,0,1,14.3],"texture":"#2"},"up":{"uv":[0,0,1,1],"rotation":90,"texture":"#2"},"down":{"uv":[0,0,1,1],"rotation":270,"texture":"#2"}}},{"from":[13,5,0.1],"to":[14,15,2.1],"rotation":{"angle":0,"axis":"y","origin":[0,0,-1]},"faces":{"north":{"uv":[0,0,1,14],"texture":"#2"},"east":{"uv":[0,0,1,14],"texture":"#2"},"south":{"uv":[0,0,1,14],"texture":"#2"},"west":{"uv":[0,0,1,14],"texture":"#2"},"up":{"uv":[0,0,1,1],"rotation":90,"texture":"#2"},"down":{"uv":[0,0,1,1],"rotation":270,"texture":"#2"}}},{"from":[13,-0.1,5.1],"to":[14,7,7.1],"rotation":{"angle":0,"axis":"y","origin":[0,0,-1]},"faces":{"north":{"uv":[0,0,1,14],"texture":"#2"},"east":{"uv":[0,0,1,14],"texture":"#2"},"south":{"uv":[0,0,1,14],"texture":"#2"},"west":{"uv":[0,0,1,14],"texture":"#2"},"up":{"uv":[0,0,1,1],"rotation":90,"texture":"#2"},"down":{"uv":[0,0,1,1],"rotation":270,"texture":"#2"}}},{"from":[13,5,2.1],"to":[14,7,5.1],"rotation":{"angle":0,"axis":"y","origin":[0,0,-1]},"faces":{"north":{"uv":[0,0,1,14],"texture":"#2"},"east":{"uv":[0,0,1,14],"texture":"#2"},"south":{"uv":[0,0,1,14],"texture":"#2"},"west":{"uv":[0,0,1,14],"texture":"#2"},"up":{"uv":[0,0,1,1],"rotation":90,"texture":"#2"},"down":{"uv":[0,0,1,1],"rotation":270,"texture":"#2"}}},{"from":[2,5,11.1],"to":[3,7,14.1],"rotation":{"angle":0,"axis":"y","origin":[0,0,-1]},"faces":{"north":{"uv":[0,0,1,14],"texture":"#2"},"east":{"uv":[0,0,1,14],"texture":"#2"},"south":{"uv":[0,0,1,14],"texture":"#2"},"west":{"uv":[0,0,1,14],"texture":"#2"},"up":{"uv":[0,0,1,1],"rotation":90,"texture":"#2"},"down":{"uv":[0,0,1,1],"rotation":270,"texture":"#2"}}},{"from":[2,5,14.1],"to":[3,15,16.1],"rotation":{"angle":0,"axis":"y","origin":[0,0,-1]},"faces":{"north":{"uv":[0,0,1,14],"texture":"#2"},"east":{"uv":[0,0,1,14],"texture":"#2"},"south":{"uv":[0,0,1,14],"texture":"#2"},"west":{"uv":[0,0,1,14],"texture":"#2"},"up":{"uv":[0,0,1,1],"rotation":90,"texture":"#2"},"down":{"uv":[0,0,1,1],"rotation":270,"texture":"#2"}}},{"from":[2,13,2.1],"to":[3,15,14.1],"rotation":{"angle":0,"axis":"y","origin":[0,0,-1]},"faces":{"north":{"uv":[0,0,1,14],"texture":"#2"},"east":{"uv":[0,0,1,14],"texture":"#2"},"south":{"uv":[0,0,1,14],"texture":"#2"},"west":{"uv":[0,0,1,14],"texture":"#2"},"up":{"uv":[0,0,1,1],"rotation":90,"texture":"#2"},"down":{"uv":[0,0,1,1],"rotation":270,"texture":"#2"}}},{"from":[13,13,2.1],"to":[14,15,14.1],"rotation":{"angle":0,"axis":"y","origin":[0,0,-1]},"faces":{"north":{"uv":[0,0,1,14],"texture":"#2"},"east":{"uv":[0,0,1,14],"texture":"#2"},"south":{"uv":[0,0,1,14],"texture":"#2"},"west":{"uv":[0,0,1,14],"texture":"#2"},"up":{"uv":[0,0,1,1],"rotation":90,"texture":"#2"},"down":{"uv":[0,0,1,1],"rotation":270,"texture":"#2"}}},{"from":[2,0.2,9.1],"to":[3,7,11.1],"rotation":{"angle":0,"axis":"y","origin":[0,0,-1]},"faces":{"north":{"uv":[0,0,1,14],"texture":"#2"},"east":{"uv":[0,0,1,14],"texture":"#2"},"south":{"uv":[0,0,1,14],"texture":"#2"},"west":{"uv":[0,0,1,14],"texture":"#2"},"up":{"uv":[0,0,1,1],"rotation":90,"texture":"#2"},"down":{"uv":[0,0,1,1],"rotation":270,"texture":"#2"}}},{"from":[0,14.8,-1],"to":[16,16,17],"faces":{"north":{"uv":[0,0,16,1],"texture":"#3"},"east":{"uv":[0,0,16,1],"texture":"#3"},"south":{"uv":[0,0,16,1],"texture":"#3"},"west":{"uv":[0,0,16,1],"texture":"#3"},"up":{"uv":[0,0,16,16],"rotation":90,"texture":"#3"},"down":{"uv":[0,0,16,16],"rotation":270,"texture":"#3"}}}],"display":{"thirdperson_righthand":{"rotation":[75,45,0],"translation":[0,2.5,0],"scale":[0.375,0.375,0.375]},"thirdperson_lefthand":{"rotation":[75,45,0],"translation":[0,2.5,0],"scale":[0.375,0.375,0.375]},"firstperson_righthand":{"rotation":[0,45,0],"scale":[0.4,0.4,0.4]},"firstperson_lefthand":{"rotation":[0,45,0],"scale":[0.4,0.4,0.4]},"ground":{"translation":[0,2,0],"scale":[0.5,0.5,0.5]},"gui":{"rotation":[30,45,0],"translation":[0,-0.6,0],"scale":[0.5,0.5,0.5]},"head":{"translation":[0,-30.4,0],"scale":[1.6,1.6,1.6]},"fixed":{"rotation":[-90,180,0],"translation":[0,0,-14],"scale":[2.01,2.01,2.01]}}}