{"providers":[{"file":"char/black.png","chars":[""],"height":1,"ascent":-5000,"type":"bitmap"},{"file":"char/black.png","chars":[""],"height":2,"ascent":-5000,"type":"bitmap"},{"file":"char/black.png","chars":[""],"height":3,"ascent":-5000,"type":"bitmap"},{"file":"char/black.png","chars":[""],"height":4,"ascent":-5000,"type":"bitmap"},{"file":"char/black.png","chars":[""],"height":5,"ascent":-5000,"type":"bitmap"},{"file":"char/black.png","chars":[""],"height":6,"ascent":-5000,"type":"bitmap"},{"file":"char/black.png","chars":[""],"height":7,"ascent":-5000,"type":"bitmap"},{"file":"char/black.png","chars":[""],"height":15,"ascent":-5000,"type":"bitmap"},{"file":"char/black.png","chars":[""],"height":31,"ascent":-5000,"type":"bitmap"},{"file":"char/black.png","chars":[""],"height":63,"ascent":-5000,"type":"bitmap"},{"file":"char/black.png","chars":[""],"height":127,"ascent":-5000,"type":"bitmap"},{"file":"char/black.png","chars":[""],"height":256,"ascent":-5000,"type":"bitmap"},{"file":"char/black.png","chars":[""],"height":512,"ascent":-5000,"type":"bitmap"},{"file":"char/black.png","chars":[""],"height":1024,"ascent":-5000,"type":"bitmap"},{"file":"char/black.png","chars":[""],"height":-3,"ascent":-5000,"type":"bitmap"},{"file":"char/black.png","chars":[""],"height":-4,"ascent":-5000,"type":"bitmap"},{"file":"char/black.png","chars":[""],"height":-5,"ascent":-5000,"type":"bitmap"},{"file":"char/black.png","chars":[""],"height":-6,"ascent":-5000,"type":"bitmap"},{"file":"char/black.png","chars":[""],"height":-7,"ascent":-5000,"type":"bitmap"},{"file":"char/black.png","chars":[""],"height":-8,"ascent":-5000,"type":"bitmap"},{"file":"char/black.png","chars":[""],"height":-9,"ascent":-5000,"type":"bitmap"},{"file":"char/black.png","chars":[""],"height":-10,"ascent":-5000,"type":"bitmap"},{"file":"char/black.png","chars":[""],"height":-18,"ascent":-5000,"type":"bitmap"},{"file":"char/black.png","chars":[""],"height":-34,"ascent":-5000,"type":"bitmap"},{"file":"char/black.png","chars":[""],"height":-66,"ascent":-5000,"type":"bitmap"},{"file":"char/black.png","chars":[""],"height":-130,"ascent":-5000,"type":"bitmap"},{"file":"char/black.png","chars":[""],"height":-259,"ascent":-5000,"type":"bitmap"},{"file":"char/black.png","chars":[""],"height":-515,"ascent":-5000,"type":"bitmap"},{"file":"char/black.png","chars":[""],"height":-1027,"ascent":-5000,"type":"bitmap"},{"file":"iadeco:gui/vending_machine_left.png","chars":[""],"height":164,"ascent":12,"type":"bitmap"},{"file":"iadeco:gui/vending_machine_right.png","chars":[""],"height":164,"ascent":12,"type":"bitmap"},{"file":"iadeco:gui/coffee_machine_left.png","chars":[""],"height":164,"ascent":12,"type":"bitmap"},{"file":"iadeco:gui/coffee_machine_right.png","chars":[""],"height":164,"ascent":12,"type":"bitmap"},{"file":"superior_esc:esc.png","chars":["ナ"],"height":256,"ascent":128,"type":"bitmap"},{"file":"superior_esc:loading.png","chars":["ツ"],"height":100,"ascent":10,"type":"bitmap"},{"file":"superior_esc:loading1.png","chars":["ぬ"],"height":100,"ascent":-20,"type":"bitmap"},{"file":"superior_enchants:fire_aspect.png","chars":["エ"],"height":9,"ascent":7,"type":"bitmap"},{"file":"superior_enchants:fire_protection.png","chars":["ケ"],"height":9,"ascent":7,"type":"bitmap"},{"file":"superior_enchants:feather_falling.png","chars":["セ"],"height":9,"ascent":7,"type":"bitmap"},{"file":"superior_enchants:efficiency.png","chars":["テ"],"height":9,"ascent":7,"type":"bitmap"},{"file":"superior_enchants:depth_strider.png","chars":["ネ"],"height":9,"ascent":7,"type":"bitmap"},{"file":"superior_enchants:channeling.png","chars":["ヘ"],"height":9,"ascent":7,"type":"bitmap"},{"file":"superior_enchants:blast_protection.png","chars":["メ"],"height":9,"ascent":7,"type":"bitmap"},{"file":"superior_enchants:binding_curse.png","chars":["ェ"],"height":9,"ascent":7,"type":"bitmap"},{"file":"superior_enchants:flame.png","chars":["レ"],"height":9,"ascent":7,"type":"bitmap"},{"file":"superior_enchants:fortune.png","chars":["ゲ"],"height":9,"ascent":7,"type":"bitmap"},{"file":"superior_enchants:frost_walker.png","chars":["ズ"],"height":9,"ascent":7,"type":"bitmap"},{"file":"superior_enchants:impaling.png","chars":["ヅ"],"height":9,"ascent":7,"type":"bitmap"},{"file":"superior_enchants:infinity.png","chars":["ブ"],"height":9,"ascent":7,"type":"bitmap"},{"file":"superior_enchants:knockback.png","chars":["ギ"],"height":9,"ascent":7,"type":"bitmap"},{"file":"superior_enchants:looting.png","chars":["ガ"],"height":9,"ascent":7,"type":"bitmap"},{"file":"superior_enchants:luck_of_the_sea.png","chars":["ダ"],"height":9,"ascent":7,"type":"bitmap"},{"file":"superior_enchants:lure.png","chars":["バ"],"height":9,"ascent":7,"type":"bitmap"},{"file":"superior_enchants:mending.png","chars":["パ"],"height":9,"ascent":7,"type":"bitmap"},{"file":"superior_enchants:multishot.png","chars":["ピ"],"height":9,"ascent":7,"type":"bitmap"},{"file":"superior_enchants:piercing.png","chars":["プ"],"height":9,"ascent":7,"type":"bitmap"},{"file":"superior_enchants:power.png","chars":["ペ"],"height":9,"ascent":7,"type":"bitmap"},{"file":"superior_enchants:punch.png","chars":["ポ"],"height":9,"ascent":7,"type":"bitmap"},{"file":"superior_enchants:projectile_protection.png","chars":["に"],"height":9,"ascent":7,"type":"bitmap"},{"file":"superior_enchants:protection.png","chars":["と"],"height":9,"ascent":7,"type":"bitmap"},{"file":"superior_enchants:aqua_affinity.png","chars":["っ"],"height":9,"ascent":7,"type":"bitmap"},{"file":"superior_enchants:frost_walker.png","chars":["て"],"height":9,"ascent":7,"type":"bitmap"},{"file":"superior_enchants:smite.png","chars":["は"],"height":9,"ascent":7,"type":"bitmap"},{"file":"superior_enchants:sharpness.png","chars":["な"],"height":9,"ascent":7,"type":"bitmap"},{"file":"superior_enchants:thorns.png","chars":["も"],"height":9,"ascent":7,"type":"bitmap"},{"file":"superior_enchants:sweeping.png","chars":["の"],"height":9,"ascent":7,"type":"bitmap"},{"file":"superior_enchants:loyalty.png","chars":["ザ"],"height":9,"ascent":7,"type":"bitmap"},{"file":"superior_enchants:silk_touch.png","chars":["で"],"height":9,"ascent":7,"type":"bitmap"},{"file":"superior_enchants:unbreaking.png","chars":["す"],"height":9,"ascent":7,"type":"bitmap"},{"file":"superior_enchants:riptide.png","chars":["り"],"height":9,"ascent":7,"type":"bitmap"},{"file":"superior_enchants:quick_charge.png","chars":["ゅ"],"height":9,"ascent":7,"type":"bitmap"},{"file":"superior_enchants:vanishing_curse.png","chars":["う"],"height":9,"ascent":7,"type":"bitmap"},{"file":"superior_enchants:soul_speed.png","chars":["が"],"height":9,"ascent":7,"type":"bitmap"},{"file":"superior_enchants:vein.png","chars":["く"],"height":9,"ascent":7,"type":"bitmap"},{"file":"superior_enchants:soulbound.png","chars":["せ"],"height":9,"ascent":7,"type":"bitmap"},{"file":"superior_enchants:thor.png","chars":["い"],"height":9,"ascent":7,"type":"bitmap"},{"file":"superior_enchants:revenant.png","chars":["あ"],"height":9,"ascent":7,"type":"bitmap"},{"file":"superior_enchants:wisdom.png","chars":["ま"],"height":9,"ascent":7,"type":"bitmap"},{"file":"superior_enchants:wateraspect.png","chars":["る"],"height":9,"ascent":7,"type":"bitmap"},{"file":"superior_enchants:wateraffinity.png","chars":["わ"],"height":9,"ascent":7,"type":"bitmap"},{"file":"superior_enchants:enderism.png","chars":["を"],"height":9,"ascent":7,"type":"bitmap"},{"file":"superior_enchants:netheric.png","chars":["け"],"height":9,"ascent":7,"type":"bitmap"},{"file":"superior_enchants:nocturnal.png","chars":["ん"],"height":9,"ascent":7,"type":"bitmap"},{"file":"superior_enchants:telekinesis.png","chars":["お"],"height":9,"ascent":7,"type":"bitmap"},{"file":"superior_enchants:tectonic.png","chars":["き"],"height":9,"ascent":7,"type":"bitmap"},{"file":"superior_enchants:tripleshot.png","chars":["ホ"],"height":9,"ascent":7,"type":"bitmap"},{"file":"superior_enchants:succession.png","chars":["ん"],"height":9,"ascent":7,"type":"bitmap"},{"file":"superior_enchants:supercritical.png","chars":["ず"],"height":9,"ascent":7,"type":"bitmap"},{"file":"superior_enchants:magnetic.png","chars":["こ"],"height":9,"ascent":7,"type":"bitmap"},{"file":"superior_enchants:strayaspect.png","chars":["ぴ"],"height":9,"ascent":7,"type":"bitmap"},{"file":"superior_enchants:dousing.png","chars":["び"],"height":9,"ascent":7,"type":"bitmap"},{"file":"superior_enchants:diverse.png","chars":["ぺ"],"height":9,"ascent":7,"type":"bitmap"},{"file":"superior_enchants:abattoir.png","chars":["ぼ"],"height":9,"ascent":7,"type":"bitmap"},{"file":"superior_enchants:evasion.png","chars":["た"],"height":9,"ascent":7,"type":"bitmap"},{"file":"superior_enchants:dweller.png","chars":["ょ"],"height":9,"ascent":7,"type":"bitmap"},{"file":"superior_enchants:infernal_touch.png","chars":["さ"],"height":9,"ascent":7,"type":"bitmap"},{"file":"superior_enchants:cleave.png","chars":["め"],"height":9,"ascent":7,"type":"bitmap"},{"file":"superior_enchants:splash.png","chars":["じ"],"height":9,"ascent":7,"type":"bitmap"},{"file":"superior_enchants:arborist.png","chars":["し"],"height":9,"ascent":7,"type":"bitmap"},{"file":"superior_enchants:spearfishing.png","chars":["ぐ"],"height":9,"ascent":7,"type":"bitmap"},{"file":"superior_enchants:abrasion.png","chars":["れ"],"height":9,"ascent":7,"type":"bitmap"},{"file":"superior_enchants:liquid.png","chars":["ふ"],"height":9,"ascent":7,"type":"bitmap"},{"file":"superior_enchants:arcanic.png","chars":["ふ"],"height":9,"ascent":7,"type":"bitmap"},{"file":"superior_enchants:bleed.png","chars":["ゆ"],"height":9,"ascent":7,"type":"bitmap"},{"file":"superior_enchants:normal.png","chars":["か"],"height":9,"ascent":7,"type":"bitmap"},{"file":"superior_enchants:collateral.png","chars":["ら"],"height":9,"ascent":7,"type":"bitmap"},{"file":"superior_enchants:radiance.png","chars":["や"],"height":9,"ascent":7,"type":"bitmap"},{"file":"superior_enchants:magma_walker.png","chars":["々"],"height":9,"ascent":7,"type":"bitmap"},{"file":"superior_enchants:instantaneous.png","chars":["を"],"height":9,"ascent":7,"type":"bitmap"},{"file":"_iainternal:gui/no_recipe.png","chars":[""],"height":170,"ascent":47,"type":"bitmap"},{"file":"_iainternal:gui/crafting.png","chars":[""],"height":170,"ascent":47,"type":"bitmap"},{"file":"_iainternal:gui/cooking.png","chars":[""],"height":170,"ascent":47,"type":"bitmap"},{"file":"_iainternal:gui/blank_menu.png","chars":[""],"height":170,"ascent":47,"type":"bitmap"},{"file":"_iainternal:gui/anvil_repair.png","chars":[""],"height":170,"ascent":47,"type":"bitmap"},{"file":"_iainternal:gui/smithing.png","chars":[""],"height":170,"ascent":47,"type":"bitmap"},{"file":"superior_chat:player.png","chars":["ア"],"height":7,"ascent":7,"type":"bitmap"},{"file":"superior_chat:vip.png","chars":["カ"],"height":7,"ascent":7,"type":"bitmap"},{"file":"superior_chat:mvp.png","chars":["サ"],"height":7,"ascent":7,"type":"bitmap"},{"file":"superior_chat:admin.png","chars":["タ"],"height":7,"ascent":7,"type":"bitmap"},{"file":"superior_chat:npc.png","chars":["マ"],"height":7,"ascent":7,"type":"bitmap"},{"file":"superior_chat:shop.png","chars":["親"],"height":7,"ascent":7,"type":"bitmap"},{"file":"superior_chat:chat.png","chars":["ト"],"height":12,"ascent":9,"type":"bitmap"},{"file":"battlepass:font/battlepass/portal.png","chars":[""],"height":170,"ascent":47,"type":"bitmap"},{"file":"battlepass:font/battlepass/daily_quests.png","chars":[""],"height":170,"ascent":47,"type":"bitmap"},{"file":"battlepass:font/battlepass/week.png","chars":[""],"height":170,"ascent":47,"type":"bitmap"},{"file":"battlepass:font/battlepass/quest_overview.png","chars":[""],"height":170,"ascent":47,"type":"bitmap"},{"file":"battlepass:font/battlepass/rewards.png","chars":[""],"height":170,"ascent":47,"type":"bitmap"},{"file":"battlepass:font/battlepass/progress_bar.png","chars":[""],"height":9,"ascent":8,"type":"bitmap"},{"file":"battlepass:font/battlepass/bp.png","chars":[""],"height":9,"ascent":8,"type":"bitmap"},{"file":"superior_tab:ui.png","chars":["麑"],"height":230,"ascent":20,"type":"bitmap"},{"file":"superior_tab:online.png","chars":["ソ"],"height":12,"ascent":8,"type":"bitmap"},{"file":"superior_tab:logo.png","chars":["コ"],"height":60,"ascent":0,"type":"bitmap"},{"file":"superior_tab:board.png","chars":["オ"],"height":9,"ascent":-20,"type":"bitmap"},{"file":"superior_tab:time.png","chars":["ウ"],"height":10,"ascent":8,"type":"bitmap"},{"file":"superior_tab:earth.png","chars":["ル"],"height":10,"ascent":8,"type":"bitmap"},{"file":"superior_tab:money.png","chars":["ユ"],"height":10,"ascent":8,"type":"bitmap"},{"file":"superior_tab:autumn.png","chars":["ヒ"],"height":30,"ascent":5,"type":"bitmap"},{"file":"superior_tab:summer.png","chars":["ミ"],"height":30,"ascent":5,"type":"bitmap"},{"file":"superior_tab:winter.png","chars":["リ"],"height":30,"ascent":5,"type":"bitmap"},{"file":"superior_tab:spring.png","chars":["ス"],"height":30,"ascent":5,"type":"bitmap"},{"type":"bitmap","file":"space:font/space_split.png","ascent":-32768,"height":270,"chars":[""]},{"type":"bitmap","file":"space:font/space_split.png","ascent":-32768,"height":293,"chars":[""]},{"type":"bitmap","file":"space:font/space_split.png","ascent":-32768,"height":230,"chars":[""]},{"type":"bitmap","file":"space:font/space_split.png","ascent":-32768,"height":-117,"chars":[""]},{"type":"bitmap","file":"space:font/space_split.png","ascent":-32768,"height":-133,"chars":[""]},{"type":"bitmap","file":"space:font/space_split.png","ascent":-32768,"height":-166,"chars":[""]},{"type":"bitmap","file":"space:font/space_split.png","ascent":-32768,"height":-115,"chars":[""]},{"type":"bitmap","file":"space:font/space_split.png","ascent":-32768,"height":-117,"chars":[""]},{"type":"bitmap","file":"space:font/space_split.png","ascent":-65536,"height":-32770,"chars":[""]},{"type":"bitmap","file":"space:font/space_split.png","ascent":-32768,"height":0,"chars":[""]},{"type":"bitmap","file":"space:font/space_split.png","ascent":-65536,"height":32767,"chars":[""]},{"type":"bitmap","file":"space:font/space_nosplit.png","ascent":-32768,"height":-3,"chars":[""]},{"type":"bitmap","file":"space:font/space_nosplit.png","ascent":-32768,"height":-4,"chars":[""]},{"type":"bitmap","file":"space:font/space_nosplit.png","ascent":-32768,"height":-5,"chars":[""]},{"type":"bitmap","file":"space:font/space_nosplit.png","ascent":-32768,"height":-6,"chars":[""]},{"type":"bitmap","file":"space:font/space_nosplit.png","ascent":-32768,"height":-7,"chars":[""]},{"type":"bitmap","file":"space:font/space_nosplit.png","ascent":-32768,"height":-8,"chars":[""]},{"type":"bitmap","file":"space:font/space_nosplit.png","ascent":-32768,"height":-9,"chars":[""]},{"type":"bitmap","file":"space:font/space_nosplit.png","ascent":-32768,"height":-10,"chars":[""]},{"type":"bitmap","file":"space:font/space_nosplit.png","ascent":-32768,"height":-18,"chars":[""]},{"type":"bitmap","file":"space:font/space_nosplit.png","ascent":-32768,"height":-34,"chars":[""]},{"type":"bitmap","file":"space:font/space_nosplit.png","ascent":-32768,"height":-66,"chars":[""]},{"type":"bitmap","file":"space:font/space_nosplit.png","ascent":-32768,"height":-130,"chars":[""]},{"type":"bitmap","file":"space:font/space_nosplit.png","ascent":-32768,"height":-258,"chars":[""]},{"type":"bitmap","file":"space:font/space_nosplit.png","ascent":-32768,"height":-514,"chars":[""]},{"type":"bitmap","file":"space:font/space_nosplit.png","ascent":-32768,"height":-1026,"chars":[""]},{"type":"bitmap","file":"space:font/space_nosplit.png","ascent":-65536,"height":-32770,"chars":[""]},{"type":"bitmap","file":"space:font/space_nosplit.png","ascent":-32768,"height":0,"chars":[""]},{"type":"bitmap","file":"space:font/space_nosplit.png","ascent":-32768,"height":1,"chars":[""]},{"type":"bitmap","file":"space:font/space_nosplit.png","ascent":-32768,"height":2,"chars":[""]},{"type":"bitmap","file":"space:font/space_nosplit.png","ascent":-32768,"height":3,"chars":[""]},{"type":"bitmap","file":"space:font/space_nosplit.png","ascent":-32768,"height":4,"chars":[""]},{"type":"bitmap","file":"space:font/space_nosplit.png","ascent":-32768,"height":5,"chars":[""]},{"type":"bitmap","file":"space:font/space_nosplit.png","ascent":-32768,"height":6,"chars":[""]},{"type":"bitmap","file":"space:font/space_nosplit.png","ascent":-32768,"height":7,"chars":[""]},{"type":"bitmap","file":"space:font/space_nosplit.png","ascent":-32768,"height":15,"chars":[""]},{"type":"bitmap","file":"space:font/space_nosplit.png","ascent":-32768,"height":31,"chars":[""]},{"type":"bitmap","file":"space:font/space_nosplit.png","ascent":-32768,"height":63,"chars":[""]},{"type":"bitmap","file":"space:font/space_nosplit.png","ascent":-32768,"height":127,"chars":[""]},{"type":"bitmap","file":"space:font/space_nosplit.png","ascent":-32768,"height":255,"chars":[""]},{"type":"bitmap","file":"space:font/space_nosplit.png","ascent":-32768,"height":511,"chars":[""]},{"type":"bitmap","file":"space:font/space_nosplit.png","ascent":-32768,"height":1023,"chars":[""]},{"type":"bitmap","file":"space:font/space_nosplit.png","ascent":-65536,"height":32767,"chars":[""]},{"type":"bitmap","file":"space:item/gui/oxygen/0.png","ascent":-1,"height":64,"chars":[""]},{"type":"bitmap","file":"space:item/gui/oxygen/1.png","ascent":-1,"height":64,"chars":[""]},{"type":"bitmap","file":"space:item/gui/oxygen/2.png","ascent":-1,"height":64,"chars":[""]},{"type":"bitmap","file":"space:item/gui/oxygen/3.png","ascent":-1,"height":64,"chars":[""]},{"type":"bitmap","file":"space:item/gui/oxygen/4.png","ascent":-1,"height":64,"chars":[""]},{"type":"bitmap","file":"space:item/gui/oxygen/5.png","ascent":-1,"height":64,"chars":[""]},{"type":"bitmap","file":"space:item/gui/oxygen/6.png","ascent":-1,"height":64,"chars":[""]},{"type":"bitmap","file":"space:item/gui/oxygen/7.png","ascent":-1,"height":64,"chars":[""]},{"type":"bitmap","file":"space:item/gui/oxygen/8.png","ascent":-1,"height":64,"chars":[""]},{"type":"bitmap","file":"space:item/gui/oxygen/9.png","ascent":-1,"height":64,"chars":[""]},{"type":"bitmap","file":"space:item/gui/oxygen/10.png","ascent":-1,"height":64,"chars":[""]},{"type":"bitmap","file":"space:item/gui/oxygen/11.png","ascent":-1,"height":64,"chars":[""]},{"type":"bitmap","file":"space:item/gui/oxygen/12.png","ascent":-1,"height":64,"chars":[""]},{"type":"bitmap","file":"space:item/gui/oxygen/13.png","ascent":-1,"height":64,"chars":[""]},{"type":"bitmap","file":"space:item/gui/oxygen/14.png","ascent":-1,"height":64,"chars":[""]},{"type":"bitmap","file":"space:item/gui/fullgui.png","ascent":12,"height":256,"chars":[""]},{"type":"bitmap","file":"space:item/gui/uppergui.png","ascent":12,"height":256,"chars":[""]},{"type":"bitmap","file":"space:item/gui/rocketgui.png","ascent":12,"height":256,"chars":[""]},{"type":"bitmap","file":"space:item/gui/rocketgui_alt.png","ascent":12,"height":256,"chars":[""]},{"type":"bitmap","file":"space:item/gui/teleporter.png","ascent":12,"height":256,"chars":[""]},{"type":"bitmap","file":"space:item/gui/refinery.png","ascent":12,"height":256,"chars":[""]},{"type":"bitmap","file":"space:item/gui/suit_fabricator.png","ascent":12,"height":256,"chars":[""]},{"type":"bitmap","file":"space:item/gui/suit_fabricator_extended.png","ascent":12,"height":256,"chars":[""]},{"type":"bitmap","file":"space:item/gui/suit_fabricator_slotted.png","ascent":12,"height":256,"chars":[""]},{"type":"bitmap","file":"space:item/gui/electric_furnace.png","ascent":12,"height":256,"chars":[""]},{"type":"bitmap","file":"space:item/gui/forcefield_generator.png","ascent":12,"height":256,"chars":[""]},{"type":"bitmap","file":"space:item/gui/enchanter.png","ascent":12,"height":256,"chars":[""]},{"type":"bitmap","file":"space:item/gui/disenchanter.png","ascent":12,"height":256,"chars":[""]},{"type":"bitmap","file":"space:item/gui/suit_fabricator_craft.png","ascent":12,"height":256,"chars":[""]},{"type":"bitmap","file":"space:item/gui/gboots_enabled.png","ascent":-1,"height":64,"chars":[""]},{"type":"bitmap","file":"space:item/gui/gboots_disabled.png","ascent":-1,"height":64,"chars":[""]},{"type":"bitmap","file":"space:item/gui/lunchbox.png","ascent":12,"height":256,"chars":[""]},{"type":"bitmap","file":"space:item/gui/modular_workbench.png","ascent":12,"height":256,"chars":[""]},{"type":"bitmap","file":"space:item/gui/charging_station.png","ascent":12,"height":256,"chars":[""]},{"type":"bitmap","file":"space:item/gui/quantum_workbench.png","ascent":12,"height":256,"chars":[""]}]}