{"credit":"MadewithBlockbench","textures":{"1":"furnituresplus:furnituresplus/grayacaciapaint","4":"furnituresplus:furnituresplus/acacia_log_top","particle":"furnituresplus:furnituresplus/grayacaciapaint"},"elements":[{"from":[-4,0,0],"to":[20,1,1],"faces":{"north":{"uv":[0,0,16,1],"texture":"#4"},"east":{"uv":[0,0,1,1],"texture":"#4"},"south":{"uv":[0,0,16,1],"texture":"#4"},"west":{"uv":[0,0,1,1],"texture":"#4"},"up":{"uv":[0,0,16,1],"texture":"#4"},"down":{"uv":[0,0,16,1],"texture":"#4"}}},{"from":[-4,23,0],"to":[20,24,1],"faces":{"north":{"uv":[0,0,16,1],"texture":"#4"},"east":{"uv":[0,0,1,1],"texture":"#4"},"south":{"uv":[0,0,16,1],"texture":"#4"},"west":{"uv":[0,0,1,1],"texture":"#4"},"up":{"uv":[0,0,16,1],"texture":"#4"},"down":{"uv":[0,0,16,1],"texture":"#4"}}},{"from":[-3,1,0],"to":[19,23,0.3],"faces":{"north":{"uv":[0,0,16,16],"texture":"#4"},"east":{"uv":[0,0,0.3,16],"texture":"#4"},"south":{"uv":[0,0,16,16],"texture":"#1"},"west":{"uv":[0,0,0.3,16],"texture":"#4"},"up":{"uv":[0,0,16,0.3],"texture":"#4"},"down":{"uv":[0,0,16,0.3],"texture":"#4"}}},{"from":[-4,1,0],"to":[-3,23,1],"faces":{"north":{"uv":[0,0,1,16],"texture":"#4"},"east":{"uv":[0,0,1,16],"texture":"#4"},"south":{"uv":[0,0,1,16],"texture":"#4"},"west":{"uv":[0,0,1,16],"texture":"#4"},"up":{"uv":[0,0,1,1],"texture":"#4"},"down":{"uv":[0,0,1,1],"texture":"#4"}}},{"from":[19,1,0],"to":[20,23,1],"faces":{"north":{"uv":[0,0,1,16],"texture":"#4"},"east":{"uv":[0,0,1,16],"texture":"#4"},"south":{"uv":[0,0,1,16],"texture":"#4"},"west":{"uv":[0,0,1,16],"texture":"#4"},"up":{"uv":[0,0,1,1],"texture":"#4"},"down":{"uv":[0,0,1,1],"texture":"#4"}}}],"display":{"thirdperson_righthand":{"rotation":[75,45,0],"translation":[0,2.5,0],"scale":[0.375,0.375,0.375]},"thirdperson_lefthand":{"rotation":[75,45,0],"translation":[0,2.5,0],"scale":[0.375,0.375,0.375]},"firstperson_righthand":{"rotation":[0,45,0],"scale":[0.4,0.4,0.4]},"firstperson_lefthand":{"rotation":[0,45,0],"scale":[0.4,0.4,0.4]},"ground":{"translation":[0,2,0],"scale":[0.5,0.5,0.5]},"gui":{"rotation":[30,45,0],"translation":[1.75,-3.35,0],"scale":[0.5,0.5,0.5]},"head":{"translation":[0,-30.4,0],"scale":[1.6,1.6,1.6]},"fixed":{"rotation":[-90,180,0],"translation":[0,0,-14],"scale":[2.01,2.01,2.01]}}}