{"texture_size":[128,128],"textures":{"9":"medieval_furniture_plus:chest"},"elements":[{"from":[-1.5,1.6,1],"to":[17.5,14.6,15],"rotation":{"angle":0,"axis":"y","origin":[0.5,-0.4,0]},"faces":{"north":{"uv":[2.125,3.5,4.5,5.125],"texture":"#9"},"east":{"uv":[4.5,3,6.25,4.625],"texture":"#9"},"south":{"uv":[4.5,0,6.875,1.625],"texture":"#9"},"west":{"uv":[4.5,4.625,6.25,6.25],"texture":"#9"},"up":{"uv":[4.5,1.75,2.125,0],"texture":"#9"},"down":{"uv":[4.5,1.75,2.125,3.5],"texture":"#9"}}},{"from":[-0.5,13.1,2.6],"to":[16.5,15.1,13.4],"rotation":{"angle":0,"axis":"y","origin":[0.5,-0.9,0]},"faces":{"north":{"uv":[6.25,5.75,8.375,6],"texture":"#9"},"east":{"uv":[7.125,6.25,8.5,6.5],"texture":"#9"},"south":{"uv":[6.25,6,8.375,6.25],"texture":"#9"},"west":{"uv":[7.25,6.75,8.625,7],"texture":"#9"},"up":{"uv":[2.125,5.75,0,4.375],"texture":"#9"},"down":{"uv":[6.625,1.625,4.5,3],"texture":"#9"}}},{"from":[-0.525,5.45766,11.59546],"to":[16.525,10.55766,13.59546],"rotation":{"angle":-45,"axis":"x","origin":[-7,12.60312,8]},"faces":{"north":{"uv":[2.125,5.125,4.25,5.75],"texture":"#9"},"east":{"uv":[6.625,7,6.875,7.625],"texture":"#9"},"south":{"uv":[0,5.625,2.125,6.25],"texture":"#9"},"west":{"uv":[1.5,8.375,1.75,9],"texture":"#9"},"up":{"uv":[8.375,5.5,6.25,5.25],"texture":"#9"},"down":{"uv":[8.375,5.5,6.25,5.75],"texture":"#9"}}},{"from":[-0.525,5.45766,2.40454],"to":[16.525,10.55766,4.40454],"rotation":{"angle":45,"axis":"x","origin":[8,12.60312,8]},"faces":{"north":{"uv":[2.125,5.75,4.25,6.375],"texture":"#9"},"east":{"uv":[1.75,8.375,2,9],"texture":"#9"},"south":{"uv":[0,6.25,2.125,6.875],"texture":"#9"},"west":{"uv":[2,8.375,2.25,9],"texture":"#9"},"up":{"uv":[5.75,6.75,3.625,6.5],"texture":"#9"},"down":{"uv":[7.875,6.5,5.75,6.75],"texture":"#9"}}},{"from":[-3.5,13.6,2.6],"to":[-0.5,15.6,13.4],"rotation":{"angle":0,"axis":"y","origin":[-16.5,-0.4,0]},"faces":{"north":{"uv":[8.625,8.25,9,8.5],"texture":"#9"},"east":{"uv":[7.25,7,8.625,7.25],"texture":"#9"},"south":{"uv":[8.625,8.5,9,8.75],"texture":"#9"},"west":{"uv":[7.25,7.25,8.625,7.5],"texture":"#9"},"up":{"uv":[4,8.125,3.625,6.75],"texture":"#9"},"down":{"uv":[4.375,6.75,4,8.125],"texture":"#9"}}},{"from":[-3.525,5.95766,2.40454],"to":[-0.475,11.05766,4.40454],"rotation":{"angle":45,"axis":"x","origin":[-9,13.10312,8]},"faces":{"north":{"uv":[4.125,8.125,4.5,8.75],"texture":"#9"},"east":{"uv":[8.375,5.25,8.625,5.875],"texture":"#9"},"south":{"uv":[4.5,8.125,4.875,8.75],"texture":"#9"},"west":{"uv":[8.375,8.25,8.625,8.875],"texture":"#9"},"up":{"uv":[9,7.625,8.625,7.375],"texture":"#9"},"down":{"uv":[9,7.625,8.625,7.875],"texture":"#9"}}},{"from":[4.5,13.6,2.6],"to":[5.5,15.6,13.4],"rotation":{"angle":0,"axis":"y","origin":[-9.5,-0.4,0]},"faces":{"north":{"uv":[9,2.5,9.125,2.75],"texture":"#9"},"east":{"uv":[7.25,7.5,8.625,7.75],"texture":"#9"},"south":{"uv":[9,2.75,9.125,3],"texture":"#9"},"west":{"uv":[7.25,7.75,8.625,8],"texture":"#9"},"up":{"uv":[1.125,9.75,1,8.375],"texture":"#9"},"down":{"uv":[1.25,8.375,1.125,9.75],"texture":"#9"}}},{"from":[4.475,5.95766,2.40454],"to":[5.525,11.05766,4.40454],"rotation":{"angle":45,"axis":"x","origin":[-2,13.10312,8]},"faces":{"north":{"uv":[6.625,8.875,6.75,9.5],"texture":"#9"},"east":{"uv":[5.375,8.5,5.625,9.125],"texture":"#9"},"south":{"uv":[6.75,8.875,6.875,9.5],"texture":"#9"},"west":{"uv":[5.625,8.5,5.875,9.125],"texture":"#9"},"up":{"uv":[2.25,9.25,2.125,9],"texture":"#9"},"down":{"uv":[2.375,9,2.25,9.25],"texture":"#9"}}},{"from":[4.475,5.95766,11.59546],"to":[5.525,11.05766,13.59546],"rotation":{"angle":-45,"axis":"x","origin":[-2,13.10312,8]},"faces":{"north":{"uv":[2.25,8.375,2.375,9],"texture":"#9"},"east":{"uv":[4.875,8.5,5.125,9.125],"texture":"#9"},"south":{"uv":[6.5,8.875,6.625,9.5],"texture":"#9"},"west":{"uv":[5.125,8.5,5.375,9.125],"texture":"#9"},"up":{"uv":[2,9.25,1.875,9],"texture":"#9"},"down":{"uv":[2.125,9,2,9.25],"texture":"#9"}}},{"from":[16.475,5.95766,2.40454],"to":[19.525,11.05766,4.40454],"rotation":{"angle":45,"axis":"x","origin":[25,13.10312,8]},"faces":{"north":{"uv":[6.125,8.125,6.5,8.75],"texture":"#9"},"east":{"uv":[0.25,8.625,0.5,9.25],"texture":"#9"},"south":{"uv":[6.5,8.25,6.875,8.875],"texture":"#9"},"west":{"uv":[0.5,8.625,0.75,9.25],"texture":"#9"},"up":{"uv":[9.125,2.25,8.75,2],"texture":"#9"},"down":{"uv":[9.125,2.25,8.75,2.5],"texture":"#9"}}},{"from":[10.475,5.95766,2.40454],"to":[11.525,11.05766,4.40454],"rotation":{"angle":45,"axis":"x","origin":[18,13.10312,8]},"faces":{"north":{"uv":[7,8.875,7.125,9.5],"texture":"#9"},"east":{"uv":[0,8.625,0.25,9.25],"texture":"#9"},"south":{"uv":[7.125,8.875,7.25,9.5],"texture":"#9"},"west":{"uv":[8.625,0,8.875,0.625],"texture":"#9"},"up":{"uv":[4.75,9.25,4.625,9],"texture":"#9"},"down":{"uv":[4.875,9,4.75,9.25],"texture":"#9"}}},{"from":[10.5,13.6,2.6],"to":[11.5,15.6,13.4],"rotation":{"angle":0,"axis":"y","origin":[25.5,-0.4,0]},"faces":{"north":{"uv":[4.375,9,4.5,9.25],"texture":"#9"},"east":{"uv":[8,8,9.375,8.25],"texture":"#9"},"south":{"uv":[4.5,9,4.625,9.25],"texture":"#9"},"west":{"uv":[1,8.125,2.375,8.375],"texture":"#9"},"up":{"uv":[1.375,9.75,1.25,8.375],"texture":"#9"},"down":{"uv":[1.5,8.375,1.375,9.75],"texture":"#9"}}},{"from":[16.5,13.6,2.6],"to":[19.5,15.6,13.4],"rotation":{"angle":0,"axis":"y","origin":[32.5,-0.4,0]},"faces":{"north":{"uv":[8.75,1.5,9.125,1.75],"texture":"#9"},"east":{"uv":[7.875,6.5,9.25,6.75],"texture":"#9"},"south":{"uv":[8.75,1.75,9.125,2],"texture":"#9"},"west":{"uv":[6.625,8,8,8.25],"texture":"#9"},"up":{"uv":[4.75,8.125,4.375,6.75],"texture":"#9"},"down":{"uv":[5.125,6.75,4.75,8.125],"texture":"#9"}}},{"from":[10.475,5.95766,11.59546],"to":[11.525,11.05766,13.59546],"rotation":{"angle":-45,"axis":"x","origin":[18,13.10312,8]},"faces":{"north":{"uv":[8.875,6.75,9,7.375],"texture":"#9"},"east":{"uv":[5.875,8.5,6.125,9.125],"texture":"#9"},"south":{"uv":[6.875,8.875,7,9.5],"texture":"#9"},"west":{"uv":[8.5,5.875,8.75,6.5],"texture":"#9"},"up":{"uv":[4.25,9.25,4.125,9],"texture":"#9"},"down":{"uv":[4.375,9,4.25,9.25],"texture":"#9"}}},{"from":[-3.5,9,-1],"to":[19.5,12,1],"rotation":{"angle":0,"axis":"y","origin":[0.5,-3,16]},"faces":{"north":{"uv":[6.25,3,9.125,3.375],"texture":"#9"},"east":{"uv":[8.375,2.625,8.625,3],"texture":"#9"},"south":{"uv":[6.25,3.375,9.125,3.75],"texture":"#9"},"west":{"uv":[8.375,2.625,8.625,3],"texture":"#9"},"up":{"uv":[7.125,6.5,4.25,6.25],"texture":"#9"},"down":{"uv":[9.125,4.5,6.25,4.75],"texture":"#9"}}},{"from":[5.5,6,-0.3],"to":[10.5,9,0.7],"rotation":{"angle":0,"axis":"y","origin":[0.5,-3,16]},"faces":{"north":{"uv":[4.875,8.125,5.5,8.5],"texture":"#9"},"east":{"uv":[8.375,5.875,8.5,6.25],"texture":"#9"},"south":{"uv":[5.5,8.125,6.125,8.5],"texture":"#9"},"west":{"uv":[1.75,9,1.875,9.375],"texture":"#9"},"up":{"uv":[4.25,6.5,3.625,6.375],"texture":"#9"},"down":{"uv":[7.25,2.875,6.625,3],"texture":"#9"}}},{"from":[-3.5,0,-1],"to":[-0.5,9,1],"rotation":{"angle":0,"axis":"y","origin":[0.5,-3,16]},"faces":{"north":{"uv":[1,6.875,1.375,8],"texture":"#9"},"east":{"uv":[4.25,5.125,4.5,6.25],"texture":"#9"},"south":{"uv":[1.375,6.875,1.75,8],"texture":"#9"},"west":{"uv":[2.375,8.125,2.625,9.25],"texture":"#9"},"up":{"uv":[9,1.5,8.625,1.25],"texture":"#9"},"down":{"uv":[9,2.625,8.625,2.875],"texture":"#9"}}},{"from":[-0.5,0,-0.5],"to":[16.5,2,16.5],"rotation":{"angle":0,"axis":"y","origin":[0.5,-3,16]},"faces":{"north":{"uv":[6.625,1.625,8.75,1.875],"texture":"#9"},"east":{"uv":[6.625,1.875,8.75,2.125],"texture":"#9"},"south":{"uv":[6.625,2.125,8.75,2.375],"texture":"#9"},"west":{"uv":[6.625,2.375,8.75,2.625],"texture":"#9"},"up":{"uv":[2.125,2.125,0,0],"texture":"#9"},"down":{"uv":[2.125,2.125,0,4.25],"texture":"#9"}}},{"from":[-3.5,8,1],"to":[-1.5,10,15],"rotation":{"angle":0,"axis":"y","origin":[0.5,-3,16]},"faces":{"north":{"uv":[8.375,8.875,8.625,9.125],"texture":"#9"},"east":{"uv":[6.625,2.625,8.375,2.875],"texture":"#9"},"south":{"uv":[8.875,8.75,9.125,9],"texture":"#9"},"west":{"uv":[5.125,6.75,6.875,7],"texture":"#9"},"up":{"uv":[0.25,8.625,0,6.875],"texture":"#9"},"down":{"uv":[0.5,6.875,0.25,8.625],"texture":"#9"}}},{"from":[17.5,8,1],"to":[19.5,10,15],"rotation":{"angle":0,"axis":"y","origin":[15.5,-3,16]},"faces":{"north":{"uv":[9,1.25,9.25,1.5],"texture":"#9"},"east":{"uv":[6.875,0,8.625,0.25],"texture":"#9"},"south":{"uv":[1.5,9,1.75,9.25],"texture":"#9"},"west":{"uv":[6.875,0.25,8.625,0.5],"texture":"#9"},"up":{"uv":[0.75,8.625,0.5,6.875],"texture":"#9"},"down":{"uv":[1,6.875,0.75,8.625],"texture":"#9"}}},{"from":[-3,0,1],"to":[-0.5,2,15],"rotation":{"angle":0,"axis":"y","origin":[0.5,-3,16]},"faces":{"north":{"uv":[7.625,8.875,7.9375,9.125],"texture":"#9"},"east":{"uv":[6.875,1,8.625,1.25],"texture":"#9"},"south":{"uv":[8,8.875,8.3125,9.125],"texture":"#9"},"west":{"uv":[6.875,1.25,8.625,1.5],"texture":"#9"},"up":{"uv":[3.1875,8.125,2.875,6.375],"texture":"#9"},"down":{"uv":[3.5625,6.375,3.25,8.125],"texture":"#9"}}},{"from":[16.5,0,1],"to":[19,2,15],"rotation":{"angle":0,"axis":"y","origin":[15.5,-3,16]},"faces":{"north":{"uv":[8.875,5.5,9.1875,5.75],"texture":"#9"},"east":{"uv":[6.875,0.5,8.625,0.75],"texture":"#9"},"south":{"uv":[7.25,8.875,7.5625,9.125],"texture":"#9"},"west":{"uv":[6.875,0.75,8.625,1],"texture":"#9"},"up":{"uv":[2.4375,8.125,2.125,6.375],"texture":"#9"},"down":{"uv":[2.8125,6.375,2.5,8.125],"texture":"#9"}}},{"from":[16.5,0,-1],"to":[19.5,9,1],"rotation":{"angle":0,"axis":"y","origin":[15.5,-3,16]},"faces":{"north":{"uv":[1.75,6.875,2.125,8],"texture":"#9"},"east":{"uv":[2.625,8.125,2.875,9.25],"texture":"#9"},"south":{"uv":[6.875,6.75,7.25,7.875],"texture":"#9"},"west":{"uv":[2.875,8.125,3.125,9.25],"texture":"#9"},"up":{"uv":[4.5,9,4.125,8.75],"texture":"#9"},"down":{"uv":[4.875,8.75,4.5,9],"texture":"#9"}}},{"from":[-3.525,5.95766,11.59546],"to":[-0.475,11.05766,13.59546],"rotation":{"angle":-45,"axis":"x","origin":[-9,13.10312,8]},"faces":{"north":{"uv":[7.625,8.25,8,8.875],"texture":"#9"},"east":{"uv":[8.625,5.25,8.875,5.875],"texture":"#9"},"south":{"uv":[8,8.25,8.375,8.875],"texture":"#9"},"west":{"uv":[8.625,6.75,8.875,7.375],"texture":"#9"},"up":{"uv":[9.25,1.25,8.875,1],"texture":"#9"},"down":{"uv":[9.25,5.25,8.875,5.5],"texture":"#9"}}},{"from":[-3.5,0,15],"to":[-0.5,9,17],"rotation":{"angle":0,"axis":"y","origin":[0.5,-3,0]},"faces":{"north":{"uv":[5.875,7,6.25,8.125],"texture":"#9"},"east":{"uv":[3.625,8.125,3.875,9.25],"texture":"#9"},"south":{"uv":[6.25,7,6.625,8.125],"texture":"#9"},"west":{"uv":[3.875,8.125,4.125,9.25],"texture":"#9"},"up":{"uv":[9.25,0.75,8.875,0.5],"texture":"#9"},"down":{"uv":[9.25,0.75,8.875,1],"texture":"#9"}}},{"from":[16.475,5.95766,11.59546],"to":[19.525,11.05766,13.59546],"rotation":{"angle":-45,"axis":"x","origin":[25,13.10312,8]},"faces":{"north":{"uv":[6.875,8.25,7.25,8.875],"texture":"#9"},"east":{"uv":[8.625,0.625,8.875,1.25],"texture":"#9"},"south":{"uv":[7.25,8.25,7.625,8.875],"texture":"#9"},"west":{"uv":[0.75,8.625,1,9.25],"texture":"#9"},"up":{"uv":[9.25,0.25,8.875,0],"texture":"#9"},"down":{"uv":[9.25,0.25,8.875,0.5],"texture":"#9"}}},{"from":[-3.5,9,15],"to":[19.5,12,17],"rotation":{"angle":0,"axis":"y","origin":[0.5,-3,0]},"faces":{"north":{"uv":[6.25,3.75,9.125,4.125],"texture":"#9"},"east":{"uv":[8.75,6.125,9,6.5],"texture":"#9"},"south":{"uv":[6.25,4.125,9.125,4.5],"texture":"#9"},"west":{"uv":[8.625,8.75,8.875,9.125],"texture":"#9"},"up":{"uv":[9.125,5,6.25,4.75],"texture":"#9"},"down":{"uv":[9.125,5,6.25,5.25],"texture":"#9"}}},{"from":[16.5,0,15],"to":[19.5,9,17],"rotation":{"angle":0,"axis":"y","origin":[15.5,-3,0]},"faces":{"north":{"uv":[5.125,7,5.5,8.125],"texture":"#9"},"east":{"uv":[3.125,8.125,3.375,9.25],"texture":"#9"},"south":{"uv":[5.5,7,5.875,8.125],"texture":"#9"},"west":{"uv":[3.375,8.125,3.625,9.25],"texture":"#9"},"up":{"uv":[9.125,6.125,8.75,5.875],"texture":"#9"},"down":{"uv":[6.5,8.75,6.125,9],"texture":"#9"}}}],"display":{"thirdperson_righthand":{"rotation":[72.78,-1.74,5.52],"translation":[0,1.5,0],"scale":[0.31836,0.31836,0.31836]},"thirdperson_lefthand":{"rotation":[72.78,-1.74,5.52],"translation":[0,1.5,0],"scale":[0.31836,0.31836,0.31836]},"firstperson_righthand":{"rotation":[174.46,49.39,-179.35],"translation":[1.5,2.75,0],"scale":[0.32578,0.32578,0.32578]},"firstperson_lefthand":{"rotation":[174.46,49.39,-179.35],"translation":[1.5,2.75,0],"scale":[0.32578,0.32578,0.32578]},"ground":{"translation":[0,1.75,0],"scale":[0.64648,0.64648,0.64648]},"gui":{"rotation":[30,225,0],"scale":[0.4668,0.4668,0.4668]},"head":{"rotation":[-180,0,-180],"translation":[0,-30.4,0],"scale":[1.6,1.6,1.6]},"fixed":{"rotation":[-90,0,0],"translation":[0,0,-16],"scale":[2.01,2.01,2.01]}},"groups":[{"name":"octagon","origin":[8,8,8],"color":0,"boneType":"","children":[]},0,1,2,3,4,5,6,7,8,9,10,11,12,13,14,15,16,17,18,19,20,21,22,23,24,25,26,27]}