{"texture_size":[64,64],"textures":{"4":"medieval_furniture_plus:stool"},"elements":[{"from":[3.9,-0.8,7],"to":[5.9,9.2,9],"rotation":{"angle":-22.5,"axis":"z","origin":[5.5,4.6,8]},"faces":{"north":{"uv":[5,0,5.5,2.5],"texture":"#4"},"east":{"uv":[0,5.5,0.5,8],"texture":"#4"},"south":{"uv":[5.5,0,6,2.5],"texture":"#4"},"west":{"uv":[0.5,5.5,1,8],"texture":"#4"},"up":{"uv":[8,1.75,7.5,1.25],"texture":"#4"},"down":{"uv":[2.5,7.5,2,8],"texture":"#4"}}},{"from":[10.1,-0.8,7],"to":[12.1,9.2,9],"rotation":{"angle":22.5,"axis":"z","origin":[10.5,4.6,8]},"faces":{"north":{"uv":[5.5,0,5,2.5],"texture":"#4"},"east":{"uv":[1,5.5,0.5,8],"texture":"#4"},"south":{"uv":[6,0,5.5,2.5],"texture":"#4"},"west":{"uv":[0.5,5.5,0,8],"texture":"#4"},"up":{"uv":[7.5,1.75,8,1.25],"texture":"#4"},"down":{"uv":[2,7.5,2.5,8],"texture":"#4"}}},{"from":[7,-1.76736,9.96325],"to":[9,8.23264,11.96325],"rotation":{"angle":-22.5,"axis":"x","origin":[8,4.46006,8]},"faces":{"north":{"uv":[0.5,5.5,0,8],"texture":"#4"},"east":{"uv":[5.5,0,5,2.5],"texture":"#4"},"south":{"uv":[1,5.5,0.5,8],"texture":"#4"},"west":{"uv":[6,0,5.5,2.5],"texture":"#4"},"up":{"uv":[7.5,1.75,8,1.25],"rotation":90,"texture":"#4"},"down":{"uv":[2,7.5,2.5,8],"rotation":270,"texture":"#4"}}},{"from":[7,-1.76736,4.03675],"to":[9,8.23264,6.03675],"rotation":{"angle":22.5,"axis":"x","origin":[8,4.46006,8]},"faces":{"north":{"uv":[0.5,5.5,1,8],"texture":"#4"},"east":{"uv":[5,0,5.5,2.5],"texture":"#4"},"south":{"uv":[0,5.5,0.5,8],"texture":"#4"},"west":{"uv":[5.5,0,6,2.5],"texture":"#4"},"up":{"uv":[8,1.75,7.5,1.25],"rotation":90,"texture":"#4"},"down":{"uv":[2.5,7.5,2,8],"rotation":270,"texture":"#4"}}},{"from":[5.92893,8,11],"to":[10.07107,10.02,13],"rotation":{"angle":0,"axis":"y","origin":[8,9,8]},"faces":{"north":{"uv":[6,0,7,0.5],"texture":"#4"},"east":{"uv":[2.5,7.5,3,8],"texture":"#4"},"south":{"uv":[6,0.5,7,1],"texture":"#4"},"west":{"uv":[7.5,2.5,8,3],"texture":"#4"},"up":{"uv":[2,6.5,1,6],"texture":"#4"},"down":{"uv":[7,1,6,1.5],"texture":"#4"}}},{"from":[11,8,5.92893],"to":[13,10.02,10.07107],"rotation":{"angle":0,"axis":"y","origin":[8,9,8]},"faces":{"north":{"uv":[2.5,7.5,3,8],"texture":"#4"},"east":{"uv":[6,0.5,7,1],"texture":"#4"},"south":{"uv":[7.5,2.5,8,3],"texture":"#4"},"west":{"uv":[6,0,7,0.5],"texture":"#4"},"up":{"uv":[2,6.5,1,6],"rotation":270,"texture":"#4"},"down":{"uv":[7,1,6,1.5],"rotation":90,"texture":"#4"}}},{"from":[4.92893,8.1,5],"to":[11.07107,9.92,11],"rotation":{"angle":0,"axis":"y","origin":[8,9,8]},"faces":{"north":{"uv":[5,2.5,6.5,3],"texture":"#4"},"east":{"uv":[1,5.5,2.5,6],"texture":"#4"},"south":{"uv":[2.5,5.5,4,6],"texture":"#4"},"west":{"uv":[4,5.5,5.5,6],"texture":"#4"},"up":{"uv":[1.5,5.5,0,4],"texture":"#4"},"down":{"uv":[1.5,5.5,0,4],"texture":"#4"}}},{"from":[5.92893,8,3],"to":[10.07107,10.02,5],"rotation":{"angle":0,"axis":"y","origin":[8,9,8]},"faces":{"north":{"uv":[6,1.5,7,2],"texture":"#4"},"east":{"uv":[3,7.5,3.5,8],"texture":"#4"},"south":{"uv":[2,6,3,6.5],"texture":"#4"},"west":{"uv":[7.5,3,8,3.5],"texture":"#4"},"up":{"uv":[7,2.5,6,2],"texture":"#4"},"down":{"uv":[4,6,3,6.5],"texture":"#4"}}},{"from":[3,8,5.92893],"to":[5,10,10.07107],"rotation":{"angle":45,"axis":"y","origin":[8,9,8]},"faces":{"north":{"uv":[0,8,0.5,8.5],"texture":"#4"},"east":{"uv":[6.5,6,7.5,6.5],"texture":"#4"},"south":{"uv":[8,0,8.5,0.5],"texture":"#4"},"west":{"uv":[2,7,3,7.5],"texture":"#4"},"up":{"uv":[7.5,4,7,3],"texture":"#4"},"down":{"uv":[4,7,3.5,8],"texture":"#4"}}},{"from":[3,8,5.92893],"to":[5,10.02,10.07107],"rotation":{"angle":0,"axis":"y","origin":[8,9,8]},"faces":{"north":{"uv":[5.5,7.5,6,8],"texture":"#4"},"east":{"uv":[2,6.5,3,7],"texture":"#4"},"south":{"uv":[7.5,6,8,6.5],"texture":"#4"},"west":{"uv":[6.5,2.5,7.5,3],"texture":"#4"},"up":{"uv":[3.5,7.5,3,6.5],"texture":"#4"},"down":{"uv":[7,3,6.5,4],"texture":"#4"}}},{"from":[3,8,5.92893],"to":[5,10,10.07107],"rotation":{"angle":-45,"axis":"y","origin":[8,9,8]},"faces":{"north":{"uv":[7.5,7,8,7.5],"texture":"#4"},"east":{"uv":[6.5,5,7.5,5.5],"texture":"#4"},"south":{"uv":[7.5,7.5,8,8],"texture":"#4"},"west":{"uv":[6,6.5,7,7],"texture":"#4"},"up":{"uv":[7.5,1,7,0],"texture":"#4"},"down":{"uv":[7.5,1,7,2],"texture":"#4"}}},{"from":[5.92893,8,11],"to":[10.07107,10,13],"rotation":{"angle":45,"axis":"y","origin":[8,9,8]},"faces":{"north":{"uv":[6.5,5,7.5,5.5],"texture":"#4"},"east":{"uv":[7.5,7.5,8,8],"texture":"#4"},"south":{"uv":[6,6.5,7,7],"texture":"#4"},"west":{"uv":[7.5,7,8,7.5],"texture":"#4"},"up":{"uv":[7.5,1,7,0],"rotation":270,"texture":"#4"},"down":{"uv":[7.5,1,7,2],"rotation":90,"texture":"#4"}}},{"from":[11,8,5.92893],"to":[13,10,10.07107],"rotation":{"angle":45,"axis":"y","origin":[8,9,8]},"faces":{"north":{"uv":[7.5,7.5,8,8],"texture":"#4"},"east":{"uv":[6,6.5,7,7],"texture":"#4"},"south":{"uv":[7.5,7,8,7.5],"texture":"#4"},"west":{"uv":[6.5,5,7.5,5.5],"texture":"#4"},"up":{"uv":[7.5,1,7,0],"rotation":180,"texture":"#4"},"down":{"uv":[7.5,1,7,2],"rotation":180,"texture":"#4"}}},{"from":[5.92893,7,3],"to":[10.07107,8.02,5],"rotation":{"angle":0,"axis":"y","origin":[8,7,8]},"faces":{"north":{"uv":[8,2.25,9,2.5],"texture":"#4"},"east":{"uv":[8,4.25,8.5,4.5],"texture":"#4"},"south":{"uv":[7.5,1,8.5,1.25],"texture":"#4"},"west":{"uv":[4.5,8,5,8.25],"texture":"#4"},"up":{"uv":[8,6,7,5.5],"texture":"#4"},"down":{"uv":[2,7.5,1,8],"texture":"#4"}}},{"from":[11,7,5.92893],"to":[13,8.02,10.07107],"rotation":{"angle":0,"axis":"y","origin":[8,7,8]},"faces":{"north":{"uv":[4,8,4.5,8.25],"texture":"#4"},"east":{"uv":[8,1.5,9,1.75],"texture":"#4"},"south":{"uv":[8,4,8.5,4.25],"texture":"#4"},"west":{"uv":[7.5,1,8.5,1.25],"texture":"#4"},"up":{"uv":[7.5,7.5,7,6.5],"texture":"#4"},"down":{"uv":[8,0,7.5,1],"texture":"#4"}}},{"from":[11,6.95,5.92893],"to":[13,8,10.07107],"rotation":{"angle":-45,"axis":"y","origin":[8,7,8]},"faces":{"north":{"uv":[6,3,6.5,3.25],"texture":"#4"},"east":{"uv":[5,3,6,3.25],"texture":"#4"},"south":{"uv":[8,2.5,8.5,2.75],"texture":"#4"},"west":{"uv":[7.5,1,8.5,1.25],"texture":"#4"},"up":{"uv":[6,5,5.5,4],"texture":"#4"},"down":{"uv":[6,5,5.5,6],"texture":"#4"}}},{"from":[5.92893,7,11],"to":[10.07107,8.02,13],"rotation":{"angle":0,"axis":"y","origin":[8,7,8]},"faces":{"north":{"uv":[7.5,1,8.5,1.25],"texture":"#4"},"east":{"uv":[8,3.5,8.5,3.75],"texture":"#4"},"south":{"uv":[1.5,8,2.5,8.25],"texture":"#4"},"west":{"uv":[8,3.75,8.5,4],"texture":"#4"},"up":{"uv":[8,2.5,7,2],"texture":"#4"},"down":{"uv":[8,4,7,4.5],"texture":"#4"}}},{"from":[3,7,5.92893],"to":[5,8.02,10.07107],"rotation":{"angle":0,"axis":"y","origin":[8,7,8]},"faces":{"north":{"uv":[8,3.25,8.5,3.5],"texture":"#4"},"east":{"uv":[8,0.5,9,0.75],"texture":"#4"},"south":{"uv":[3.5,8,4,8.25],"texture":"#4"},"west":{"uv":[8,0.75,9,1],"texture":"#4"},"up":{"uv":[6.5,8,6,7],"texture":"#4"},"down":{"uv":[7,7,6.5,8],"texture":"#4"}}},{"from":[3,6.95,5.92893],"to":[5,8,10.07107],"rotation":{"angle":-45,"axis":"y","origin":[8,7,8]},"faces":{"north":{"uv":[8,2.75,8.5,3],"texture":"#4"},"east":{"uv":[7.5,1.75,8.5,2],"texture":"#4"},"south":{"uv":[8,3,8.5,3.25],"texture":"#4"},"west":{"uv":[0.5,8,1.5,8.25],"texture":"#4"},"up":{"uv":[4.5,8,4,7],"texture":"#4"},"down":{"uv":[5.5,7,5,8],"texture":"#4"}}},{"from":[11,6.95,5.92893],"to":[13,8,10.07107],"rotation":{"angle":45,"axis":"y","origin":[8,7,8]},"faces":{"north":{"uv":[6,3,6.5,3.25],"texture":"#4"},"east":{"uv":[5,3,6,3.25],"texture":"#4"},"south":{"uv":[8,2.5,8.5,2.75],"texture":"#4"},"west":{"uv":[7.5,1,8.5,1.25],"texture":"#4"},"up":{"uv":[6,5,5.5,4],"texture":"#4"},"down":{"uv":[6,5,5.5,6],"texture":"#4"}}},{"from":[3,6.95,5.92893],"to":[5,8,10.07107],"rotation":{"angle":45,"axis":"y","origin":[8,7,8]},"faces":{"north":{"uv":[8,2.75,8.5,3],"texture":"#4"},"east":{"uv":[7.5,1.75,8.5,2],"texture":"#4"},"south":{"uv":[8,3,8.5,3.25],"texture":"#4"},"west":{"uv":[0.5,8,1.5,8.25],"texture":"#4"},"up":{"uv":[4.5,8,4,7],"texture":"#4"},"down":{"uv":[5.5,7,5,8],"texture":"#4"}}}],"display":{"thirdperson_righthand":{"rotation":[73.15,20.91,3.31],"translation":[0,1.5,0],"scale":[0.42969,0.42969,0.42969]},"thirdperson_lefthand":{"rotation":[73.15,20.91,3.31],"translation":[0,1.5,0],"scale":[0.42969,0.42969,0.42969]},"firstperson_righthand":{"rotation":[170.6,60.54,-176.46],"translation":[1.75,2.75,0],"scale":[0.32578,0.32578,0.32578]},"firstperson_lefthand":{"rotation":[170.6,60.54,-176.46],"translation":[1.75,2.75,0],"scale":[0.32578,0.32578,0.32578]},"ground":{"translation":[0,1.75,0],"scale":[0.81445,0.81445,0.81445]},"gui":{"rotation":[-151.41,-9.53,-177.78],"translation":[0,2.25,0],"scale":[0.92969,0.92969,0.92969]},"head":{"translation":[0,-30.4,0],"scale":[1.6,1.6,1.6]},"fixed":{"rotation":[-90,180,0],"translation":[0,0,-16],"scale":[2.01,2.01,2.01]}},"groups":[0,1,2,3,{"name":"octagon","origin":[8,8,8],"color":0,"boneType":"","children":[4,5,6,7,8,9,10,11,12,13,14,15,16,17,18,19,20]}]}