{"credit":"MadewithBlockbench","textures":{"0":"bedroom:bedroom_clothing_rail","particle":"bedroom:bedroom_clothing_rail"},"elements":[{"from":[13,1,10.5],"to":[14,2,14.5],"rotation":{"angle":0,"axis":"y","origin":[13,0,-8]},"faces":{"north":{"uv":[6.125,2.875,6.25,3],"texture":"#0"},"east":{"uv":[5.625,2.875,6.125,3],"texture":"#0"},"south":{"uv":[6.75,2.875,6.875,3],"texture":"#0"},"west":{"uv":[6.25,2.875,6.75,3],"texture":"#0"},"up":{"uv":[6.25,2.875,6.125,2.375],"texture":"#0"},"down":{"uv":[6.375,2.375,6.25,2.875],"texture":"#0"}}},{"from":[6,10,4.5],"to":[8,21,5.5],"rotation":{"angle":0,"axis":"y","origin":[13,0,-8]},"faces":{"north":{"uv":[7.875,7.5,8.125,8.875],"texture":"#0"},"east":{"uv":[7.75,7.5,7.875,8.875],"texture":"#0"},"south":{"uv":[8.25,7.5,8.5,8.875],"texture":"#0"},"west":{"uv":[8.125,7.5,8.25,8.875],"texture":"#0"},"up":{"uv":[8.125,7.5,7.875,7.375],"texture":"#0"},"down":{"uv":[8.375,7.375,8.125,7.5],"texture":"#0"}}},{"from":[0,10,5.5],"to":[2,20,10.5],"rotation":{"angle":0,"axis":"y","origin":[13,0,-8]},"faces":{"north":{"uv":[5.625,3.75,5.875,5],"texture":"#0"},"east":{"uv":[5,3.75,5.625,5],"texture":"#0"},"south":{"uv":[6.5,3.75,6.75,5],"texture":"#0"},"west":{"uv":[5.875,3.75,6.5,5],"texture":"#0"},"up":{"uv":[5.875,3.75,5.625,3.125],"texture":"#0"},"down":{"uv":[6.125,3.125,5.875,3.75],"texture":"#0"}}},{"from":[0,10,4.5],"to":[2,21,5.5],"rotation":{"angle":0,"axis":"y","origin":[13,0,-8]},"faces":{"north":{"uv":[1,7.875,1.25,9.25],"texture":"#0"},"east":{"uv":[0.875,7.875,1,9.25],"texture":"#0"},"south":{"uv":[1.375,7.875,1.625,9.25],"texture":"#0"},"west":{"uv":[1.25,7.875,1.375,9.25],"texture":"#0"},"up":{"uv":[1.25,7.875,1,7.75],"texture":"#0"},"down":{"uv":[1.5,7.75,1.25,7.875],"texture":"#0"}}},{"from":[0,10,10.5],"to":[2,21,11.5],"rotation":{"angle":0,"axis":"y","origin":[13,0,-8]},"faces":{"north":{"uv":[0.125,7.875,0.375,9.25],"texture":"#0"},"east":{"uv":[0,7.875,0.125,9.25],"texture":"#0"},"south":{"uv":[0.5,7.875,0.75,9.25],"texture":"#0"},"west":{"uv":[0.375,7.875,0.5,9.25],"texture":"#0"},"up":{"uv":[0.375,7.875,0.125,7.75],"texture":"#0"},"down":{"uv":[0.625,7.75,0.375,7.875],"texture":"#0"}}},{"from":[6,10,10.5],"to":[8,21,11.5],"rotation":{"angle":0,"axis":"y","origin":[13,0,-8]},"faces":{"north":{"uv":[7.75,2.5,8,3.875],"texture":"#0"},"east":{"uv":[7.625,2.5,7.75,3.875],"texture":"#0"},"south":{"uv":[8.125,2.5,8.375,3.875],"texture":"#0"},"west":{"uv":[8,2.5,8.125,3.875],"texture":"#0"},"up":{"uv":[8,2.5,7.75,2.375],"texture":"#0"},"down":{"uv":[8.25,2.375,8,2.5],"texture":"#0"}}},{"from":[6,10,5.5],"to":[8,20,10.5],"rotation":{"angle":0,"axis":"y","origin":[13,0,-8]},"faces":{"north":{"uv":[0.625,4.75,0.875,6],"texture":"#0"},"east":{"uv":[0,4.75,0.625,6],"texture":"#0"},"south":{"uv":[1.5,4.75,1.75,6],"texture":"#0"},"west":{"uv":[0.875,4.75,1.5,6],"texture":"#0"},"up":{"uv":[0.875,4.75,0.625,4.125],"texture":"#0"},"down":{"uv":[1.125,4.125,0.875,4.75],"texture":"#0"}}},{"from":[0,17,1.5],"to":[2,21,4.5],"rotation":{"angle":0,"axis":"y","origin":[13,0,-8]},"faces":{"north":{"uv":[1.75,9.375,2,9.875],"texture":"#0"},"east":{"uv":[1.375,9.375,1.75,9.875],"texture":"#0"},"south":{"uv":[2.375,9.375,2.625,9.875],"texture":"#0"},"west":{"uv":[2,9.375,2.375,9.875],"texture":"#0"},"up":{"uv":[2,9.375,1.75,9],"texture":"#0"},"down":{"uv":[2.25,9,2,9.375],"texture":"#0"}}},{"from":[6,17,1.5],"to":[8,21,4.5],"rotation":{"angle":0,"axis":"y","origin":[13,0,-8]},"faces":{"north":{"uv":[9,8.375,9.25,8.875],"texture":"#0"},"east":{"uv":[8.625,8.375,9,8.875],"texture":"#0"},"south":{"uv":[9.625,8.375,9.875,8.875],"texture":"#0"},"west":{"uv":[9.25,8.375,9.625,8.875],"texture":"#0"},"up":{"uv":[9.25,8.375,9,8],"texture":"#0"},"down":{"uv":[9.5,8,9.25,8.375],"texture":"#0"}}},{"from":[6,17,11.5],"to":[8,21,14.5],"rotation":{"angle":0,"axis":"y","origin":[13,0,-8]},"faces":{"north":{"uv":[9,7.375,9.25,7.875],"texture":"#0"},"east":{"uv":[8.625,7.375,9,7.875],"texture":"#0"},"south":{"uv":[9.625,7.375,9.875,7.875],"texture":"#0"},"west":{"uv":[9.25,7.375,9.625,7.875],"texture":"#0"},"up":{"uv":[9.25,7.375,9,7],"texture":"#0"},"down":{"uv":[9.5,7,9.25,7.375],"texture":"#0"}}},{"from":[0,17,11.5],"to":[2,21,14.5],"rotation":{"angle":0,"axis":"y","origin":[13,0,-8]},"faces":{"north":{"uv":[9,4.375,9.25,4.875],"texture":"#0"},"east":{"uv":[8.625,4.375,9,4.875],"texture":"#0"},"south":{"uv":[9.625,4.375,9.875,4.875],"texture":"#0"},"west":{"uv":[9.25,4.375,9.625,4.875],"texture":"#0"},"up":{"uv":[9.25,4.375,9,4],"texture":"#0"},"down":{"uv":[9.5,4,9.25,4.375],"texture":"#0"}}},{"from":[4,18,4.5],"to":[4,23,11.5],"rotation":{"angle":0,"axis":"y","origin":[13,0,-8]},"faces":{"north":{"uv":[0.875,7,0.875,7.625],"texture":"#0"},"east":{"uv":[0,7,0.875,7.625],"texture":"#0"},"south":{"uv":[1.75,7,1.75,7.625],"texture":"#0"},"west":{"uv":[0.875,7,1.75,7.625],"texture":"#0"},"up":{"uv":[0.875,7,0.875,6.125],"texture":"#0"},"down":{"uv":[0.875,6.125,0.875,7],"texture":"#0"}}},{"from":[1,18,4.5],"to":[1,23,11.5],"rotation":{"angle":0,"axis":"y","origin":[13,0,-8]},"faces":{"north":{"uv":[6.875,5.125,6.875,5.75],"texture":"#0"},"east":{"uv":[6,5.125,6.875,5.75],"texture":"#0"},"south":{"uv":[7.75,5.125,7.75,5.75],"texture":"#0"},"west":{"uv":[6.875,5.125,7.75,5.75],"texture":"#0"},"up":{"uv":[6.875,5.125,6.875,4.25],"texture":"#0"},"down":{"uv":[6.875,4.25,6.875,5.125],"texture":"#0"}}},{"from":[-11,10,5.5],"to":[-9,20,10.5],"rotation":{"angle":0,"axis":"y","origin":[13,0,-8]},"faces":{"north":{"uv":[3.75,4.375,4,5.625],"texture":"#0"},"east":{"uv":[3.125,4.375,3.75,5.625],"texture":"#0"},"south":{"uv":[4.625,4.375,4.875,5.625],"texture":"#0"},"west":{"uv":[4,4.375,4.625,5.625],"texture":"#0"},"up":{"uv":[4,4.375,3.75,3.75],"texture":"#0"},"down":{"uv":[4.25,3.75,4,4.375],"texture":"#0"}}},{"from":[-11,10,4.5],"to":[-9,21,5.5],"rotation":{"angle":0,"axis":"y","origin":[13,0,-8]},"faces":{"north":{"uv":[7,7.625,7.25,9],"texture":"#0"},"east":{"uv":[6.875,7.625,7,9],"texture":"#0"},"south":{"uv":[7.375,7.625,7.625,9],"texture":"#0"},"west":{"uv":[7.25,7.625,7.375,9],"texture":"#0"},"up":{"uv":[7.25,7.625,7,7.5],"texture":"#0"},"down":{"uv":[7.5,7.5,7.25,7.625],"texture":"#0"}}},{"from":[-11,17,1.5],"to":[-9,21,4.5],"rotation":{"angle":0,"axis":"y","origin":[13,0,-8]},"faces":{"north":{"uv":[8.875,3.375,9.125,3.875],"texture":"#0"},"east":{"uv":[8.5,3.375,8.875,3.875],"texture":"#0"},"south":{"uv":[9.5,3.375,9.75,3.875],"texture":"#0"},"west":{"uv":[9.125,3.375,9.5,3.875],"texture":"#0"},"up":{"uv":[9.125,3.375,8.875,3],"texture":"#0"},"down":{"uv":[9.375,3,9.125,3.375],"texture":"#0"}}},{"from":[-11,17,11.5],"to":[-9,21,14.5],"rotation":{"angle":0,"axis":"y","origin":[13,0,-8]},"faces":{"north":{"uv":[8.875,2.375,9.125,2.875],"texture":"#0"},"east":{"uv":[8.5,2.375,8.875,2.875],"texture":"#0"},"south":{"uv":[9.5,2.375,9.75,2.875],"texture":"#0"},"west":{"uv":[9.125,2.375,9.5,2.875],"texture":"#0"},"up":{"uv":[9.125,2.375,8.875,2],"texture":"#0"},"down":{"uv":[9.375,2,9.125,2.375],"texture":"#0"}}},{"from":[-11,10,10.5],"to":[-9,21,11.5],"rotation":{"angle":0,"axis":"y","origin":[13,0,-8]},"faces":{"north":{"uv":[6.125,7.625,6.375,9],"texture":"#0"},"east":{"uv":[6,7.625,6.125,9],"texture":"#0"},"south":{"uv":[6.5,7.625,6.75,9],"texture":"#0"},"west":{"uv":[6.375,7.625,6.5,9],"texture":"#0"},"up":{"uv":[6.375,7.625,6.125,7.5],"texture":"#0"},"down":{"uv":[6.625,7.5,6.375,7.625],"texture":"#0"}}},{"from":[-10,18,4.5],"to":[-10,23,11.5],"rotation":{"angle":0,"axis":"y","origin":[13,0,-8]},"faces":{"north":{"uv":[6.875,1.625,6.875,2.25],"texture":"#0"},"east":{"uv":[6,1.625,6.875,2.25],"texture":"#0"},"south":{"uv":[7.75,1.625,7.75,2.25],"texture":"#0"},"west":{"uv":[6.875,1.625,7.75,2.25],"texture":"#0"},"up":{"uv":[6.875,1.625,6.875,0.75],"texture":"#0"},"down":{"uv":[6.875,0.75,6.875,1.625],"texture":"#0"}}},{"from":[-3,10,5.5],"to":[-1,20,10.5],"rotation":{"angle":0,"axis":"y","origin":[13,0,-8]},"faces":{"north":{"uv":[4.375,2.375,4.625,3.625],"texture":"#0"},"east":{"uv":[3.75,2.375,4.375,3.625],"texture":"#0"},"south":{"uv":[5.25,2.375,5.5,3.625],"texture":"#0"},"west":{"uv":[4.625,2.375,5.25,3.625],"texture":"#0"},"up":{"uv":[4.625,2.375,4.375,1.75],"texture":"#0"},"down":{"uv":[4.875,1.75,4.625,2.375],"texture":"#0"}}},{"from":[-3,10,4.5],"to":[-1,21,5.5],"rotation":{"angle":0,"axis":"y","origin":[13,0,-8]},"faces":{"north":{"uv":[5.25,7.625,5.5,9],"texture":"#0"},"east":{"uv":[5.125,7.625,5.25,9],"texture":"#0"},"south":{"uv":[5.625,7.625,5.875,9],"texture":"#0"},"west":{"uv":[5.5,7.625,5.625,9],"texture":"#0"},"up":{"uv":[5.5,7.625,5.25,7.5],"texture":"#0"},"down":{"uv":[5.75,7.5,5.5,7.625],"texture":"#0"}}},{"from":[-3,17,1.5],"to":[-1,21,4.5],"rotation":{"angle":0,"axis":"y","origin":[13,0,-8]},"faces":{"north":{"uv":[8.25,6.375,8.5,6.875],"texture":"#0"},"east":{"uv":[7.875,6.375,8.25,6.875],"texture":"#0"},"south":{"uv":[8.875,6.375,9.125,6.875],"texture":"#0"},"west":{"uv":[8.5,6.375,8.875,6.875],"texture":"#0"},"up":{"uv":[8.5,6.375,8.25,6],"texture":"#0"},"down":{"uv":[8.75,6,8.5,6.375],"texture":"#0"}}},{"from":[-2,18,4.5],"to":[-2,23,11.5],"rotation":{"angle":0,"axis":"y","origin":[13,0,-8]},"faces":{"north":{"uv":[6,6.75,6,7.375],"texture":"#0"},"east":{"uv":[5.125,6.75,6,7.375],"texture":"#0"},"south":{"uv":[6.875,6.75,6.875,7.375],"texture":"#0"},"west":{"uv":[6,6.75,6.875,7.375],"texture":"#0"},"up":{"uv":[6,6.75,6,5.875],"texture":"#0"},"down":{"uv":[6,5.875,6,6.75],"texture":"#0"}}},{"from":[-3,17,11.5],"to":[-1,21,14.5],"rotation":{"angle":0,"axis":"y","origin":[13,0,-8]},"faces":{"north":{"uv":[8.25,5.375,8.5,5.875],"texture":"#0"},"east":{"uv":[7.875,5.375,8.25,5.875],"texture":"#0"},"south":{"uv":[8.875,5.375,9.125,5.875],"texture":"#0"},"west":{"uv":[8.5,5.375,8.875,5.875],"texture":"#0"},"up":{"uv":[8.5,5.375,8.25,5],"texture":"#0"},"down":{"uv":[8.75,5,8.5,5.375],"texture":"#0"}}},{"from":[-3,10,10.5],"to":[-1,21,11.5],"rotation":{"angle":0,"axis":"y","origin":[13,0,-8]},"faces":{"north":{"uv":[4.375,7.625,4.625,9],"texture":"#0"},"east":{"uv":[4.25,7.625,4.375,9],"texture":"#0"},"south":{"uv":[4.75,7.625,5,9],"texture":"#0"},"west":{"uv":[4.625,7.625,4.75,9],"texture":"#0"},"up":{"uv":[4.625,7.625,4.375,7.5],"texture":"#0"},"down":{"uv":[4.875,7.5,4.625,7.625],"texture":"#0"}}},{"from":[-7,10,5.5],"to":[-5,20,10.5],"rotation":{"angle":0,"axis":"y","origin":[13,0,-8]},"faces":{"north":{"uv":[2.5,3,2.75,4.25],"texture":"#0"},"east":{"uv":[1.875,3,2.5,4.25],"texture":"#0"},"south":{"uv":[3.375,3,3.625,4.25],"texture":"#0"},"west":{"uv":[2.75,3,3.375,4.25],"texture":"#0"},"up":{"uv":[2.75,3,2.5,2.375],"texture":"#0"},"down":{"uv":[3,2.375,2.75,3],"texture":"#0"}}},{"from":[-7,10,4.5],"to":[-5,21,5.5],"rotation":{"angle":0,"axis":"y","origin":[13,0,-8]},"faces":{"north":{"uv":[3.5,7.625,3.75,9],"texture":"#0"},"east":{"uv":[3.375,7.625,3.5,9],"texture":"#0"},"south":{"uv":[3.875,7.625,4.125,9],"texture":"#0"},"west":{"uv":[3.75,7.625,3.875,9],"texture":"#0"},"up":{"uv":[3.75,7.625,3.5,7.5],"texture":"#0"},"down":{"uv":[4,7.5,3.75,7.625],"texture":"#0"}}},{"from":[-7,17,1.5],"to":[-5,21,4.5],"rotation":{"angle":0,"axis":"y","origin":[13,0,-8]},"faces":{"north":{"uv":[8.25,1.375,8.5,1.875],"texture":"#0"},"east":{"uv":[7.875,1.375,8.25,1.875],"texture":"#0"},"south":{"uv":[8.875,1.375,9.125,1.875],"texture":"#0"},"west":{"uv":[8.5,1.375,8.875,1.875],"texture":"#0"},"up":{"uv":[8.5,1.375,8.25,1],"texture":"#0"},"down":{"uv":[8.75,1,8.5,1.375],"texture":"#0"}}},{"from":[-6,18,4.5],"to":[-6,23,11.5],"rotation":{"angle":0,"axis":"y","origin":[13,0,-8]},"faces":{"north":{"uv":[3.75,6.75,3.75,7.375],"texture":"#0"},"east":{"uv":[2.875,6.75,3.75,7.375],"texture":"#0"},"south":{"uv":[4.625,6.75,4.625,7.375],"texture":"#0"},"west":{"uv":[3.75,6.75,4.625,7.375],"texture":"#0"},"up":{"uv":[3.75,6.75,3.75,5.875],"texture":"#0"},"down":{"uv":[3.75,5.875,3.75,6.75],"texture":"#0"}}},{"from":[-7,17,11.5],"to":[-5,21,14.5],"rotation":{"angle":0,"axis":"y","origin":[13,0,-8]},"faces":{"north":{"uv":[8.25,0.375,8.5,0.875],"texture":"#0"},"east":{"uv":[7.875,0.375,8.25,0.875],"texture":"#0"},"south":{"uv":[8.875,0.375,9.125,0.875],"texture":"#0"},"west":{"uv":[8.5,0.375,8.875,0.875],"texture":"#0"},"up":{"uv":[8.5,0.375,8.25,0],"texture":"#0"},"down":{"uv":[8.75,0,8.5,0.375],"texture":"#0"}}},{"from":[-7,10,10.5],"to":[-5,21,11.5],"rotation":{"angle":0,"axis":"y","origin":[13,0,-8]},"faces":{"north":{"uv":[2.625,7.625,2.875,9],"texture":"#0"},"east":{"uv":[2.5,7.625,2.625,9],"texture":"#0"},"south":{"uv":[3,7.625,3.25,9],"texture":"#0"},"west":{"uv":[2.875,7.625,3,9],"texture":"#0"},"up":{"uv":[2.875,7.625,2.625,7.5],"texture":"#0"},"down":{"uv":[3.125,7.5,2.875,7.625],"texture":"#0"}}},{"from":[7,18,4.5],"to":[7,23,11.5],"rotation":{"angle":0,"axis":"y","origin":[13,0,-8]},"faces":{"north":{"uv":[5,6,5,6.625],"texture":"#0"},"east":{"uv":[4.125,6,5,6.625],"texture":"#0"},"south":{"uv":[5.875,6,5.875,6.625],"texture":"#0"},"west":{"uv":[5,6,5.875,6.625],"texture":"#0"},"up":{"uv":[5,6,5,5.125],"texture":"#0"},"down":{"uv":[5,5.125,5,6],"texture":"#0"}}},{"from":[10,18,4.5],"to":[10,23,11.5],"rotation":{"angle":0,"axis":"y","origin":[13,0,-8]},"faces":{"north":{"uv":[5.875,0.875,5.875,1.5],"texture":"#0"},"east":{"uv":[5,0.875,5.875,1.5],"texture":"#0"},"south":{"uv":[6.75,0.875,6.75,1.5],"texture":"#0"},"west":{"uv":[5.875,0.875,6.75,1.5],"texture":"#0"},"up":{"uv":[5.875,0.875,5.875,0],"texture":"#0"},"down":{"uv":[5.875,0,5.875,0.875],"texture":"#0"}}},{"from":[-9,21,7.5],"to":[13,22,8.5],"rotation":{"angle":0,"axis":"y","origin":[13,0,-8]},"faces":{"north":{"uv":[0.125,0.5,2.875,0.625],"texture":"#0"},"east":{"uv":[0,0.5,0.125,0.625],"texture":"#0"},"south":{"uv":[3,0.5,5.75,0.625],"texture":"#0"},"west":{"uv":[2.875,0.5,3,0.625],"texture":"#0"},"up":{"uv":[2.875,0.5,0.125,0.375],"texture":"#0"},"down":{"uv":[5.625,0.375,2.875,0.5],"texture":"#0"}}},{"from":[13,8,7.5],"to":[14,22,8.5],"rotation":{"angle":0,"axis":"y","origin":[13,0,-8]},"faces":{"north":{"uv":[7.125,2.5,7.25,4.25],"texture":"#0"},"east":{"uv":[7,2.5,7.125,4.25],"texture":"#0"},"south":{"uv":[7.375,2.5,7.5,4.25],"texture":"#0"},"west":{"uv":[7.25,2.5,7.375,4.25],"texture":"#0"},"up":{"uv":[7.25,2.5,7.125,2.375],"texture":"#0"},"down":{"uv":[7.375,2.375,7.25,2.5],"texture":"#0"}}},{"from":[13,1,1.5],"to":[14,2,10.5],"rotation":{"angle":0,"axis":"y","origin":[13,0,-8]},"faces":{"north":{"uv":[2.625,2.125,2.75,2.25],"texture":"#0"},"east":{"uv":[1.5,2.125,2.625,2.25],"texture":"#0"},"south":{"uv":[3.875,2.125,4,2.25],"texture":"#0"},"west":{"uv":[2.75,2.125,3.875,2.25],"texture":"#0"},"up":{"uv":[2.75,2.125,2.625,1],"texture":"#0"},"down":{"uv":[2.875,1,2.75,2.125],"texture":"#0"}}},{"from":[13,0,1.5],"to":[14,1,2.5],"rotation":{"angle":0,"axis":"y","origin":[13,0,-8]},"faces":{"north":{"uv":[3.25,2.5,3.375,2.625],"texture":"#0"},"east":{"uv":[3.125,2.5,3.25,2.625],"texture":"#0"},"south":{"uv":[3.5,2.5,3.625,2.625],"texture":"#0"},"west":{"uv":[3.375,2.5,3.5,2.625],"texture":"#0"},"up":{"uv":[3.375,2.5,3.25,2.375],"texture":"#0"},"down":{"uv":[3.5,2.375,3.375,2.5],"texture":"#0"}}},{"from":[-9,2,7.5],"to":[13,3,8.5],"rotation":{"angle":0,"axis":"y","origin":[13,0,-8]},"faces":{"north":{"uv":[0.125,0.125,2.875,0.25],"texture":"#0"},"east":{"uv":[0,0.125,0.125,0.25],"texture":"#0"},"south":{"uv":[3,0.125,5.75,0.25],"texture":"#0"},"west":{"uv":[2.875,0.125,3,0.25],"texture":"#0"},"up":{"uv":[2.875,0.125,0.125,0],"texture":"#0"},"down":{"uv":[5.625,0,2.875,0.125],"texture":"#0"}}},{"from":[13,0,13.5],"to":[14,1,14.5],"rotation":{"angle":0,"axis":"y","origin":[13,0,-8]},"faces":{"north":{"uv":[2,2.5,2.125,2.625],"texture":"#0"},"east":{"uv":[1.875,2.5,2,2.625],"texture":"#0"},"south":{"uv":[2.25,2.5,2.375,2.625],"texture":"#0"},"west":{"uv":[2.125,2.5,2.25,2.625],"texture":"#0"},"up":{"uv":[2.125,2.5,2,2.375],"texture":"#0"},"down":{"uv":[2.25,2.375,2.125,2.5],"texture":"#0"}}},{"from":[-14,8,7.5],"to":[-13,22,8.5],"rotation":{"angle":0,"axis":"y","origin":[13,0,-8]},"faces":{"north":{"uv":[2,6.625,2.125,8.375],"texture":"#0"},"east":{"uv":[1.875,6.625,2,8.375],"texture":"#0"},"south":{"uv":[2.25,6.625,2.375,8.375],"texture":"#0"},"west":{"uv":[2.125,6.625,2.25,8.375],"texture":"#0"},"up":{"uv":[2.125,6.625,2,6.5],"texture":"#0"},"down":{"uv":[2.25,6.5,2.125,6.625],"texture":"#0"}}},{"from":[-14,0,1.5],"to":[-13,1,2.5],"rotation":{"angle":0,"axis":"y","origin":[13,0,-8]},"faces":{"north":{"uv":[1.375,2.5,1.5,2.625],"texture":"#0"},"east":{"uv":[1.25,2.5,1.375,2.625],"texture":"#0"},"south":{"uv":[1.625,2.5,1.75,2.625],"texture":"#0"},"west":{"uv":[1.5,2.5,1.625,2.625],"texture":"#0"},"up":{"uv":[1.5,2.5,1.375,2.375],"texture":"#0"},"down":{"uv":[1.625,2.375,1.5,2.5],"texture":"#0"}}},{"from":[-14,0,13.5],"to":[-13,1,14.5],"rotation":{"angle":0,"axis":"y","origin":[13,0,-8]},"faces":{"north":{"uv":[0.125,2.25,0.25,2.375],"texture":"#0"},"east":{"uv":[0,2.25,0.125,2.375],"texture":"#0"},"south":{"uv":[0.375,2.25,0.5,2.375],"texture":"#0"},"west":{"uv":[0.25,2.25,0.375,2.375],"texture":"#0"},"up":{"uv":[0.25,2.25,0.125,2.125],"texture":"#0"},"down":{"uv":[0.375,2.125,0.25,2.25],"texture":"#0"}}},{"from":[-14,1,1.5],"to":[-13,2,10.5],"rotation":{"angle":0,"axis":"y","origin":[13,0,-8]},"faces":{"north":{"uv":[1.125,1.875,1.25,2],"texture":"#0"},"east":{"uv":[0,1.875,1.125,2],"texture":"#0"},"south":{"uv":[2.375,1.875,2.5,2],"texture":"#0"},"west":{"uv":[1.25,1.875,2.375,2],"texture":"#0"},"up":{"uv":[1.25,1.875,1.125,0.75],"texture":"#0"},"down":{"uv":[1.375,0.75,1.25,1.875],"texture":"#0"}}},{"from":[13,2,7.5],"to":[14,8,8.5],"rotation":{"angle":0,"axis":"y","origin":[13,0,-8]},"faces":{"north":{"uv":[1.625,0.875,1.75,1.625],"texture":"#0"},"east":{"uv":[1.5,0.875,1.625,1.625],"texture":"#0"},"south":{"uv":[1.875,0.875,2,1.625],"texture":"#0"},"west":{"uv":[1.75,0.875,1.875,1.625],"texture":"#0"},"up":{"uv":[1.75,0.875,1.625,0.75],"texture":"#0"},"down":{"uv":[1.875,0.75,1.75,0.875],"texture":"#0"}}},{"from":[-14,2,7.5],"to":[-13,8,8.5],"rotation":{"angle":0,"axis":"y","origin":[13,0,-8]},"faces":{"north":{"uv":[0.125,0.875,0.25,1.625],"texture":"#0"},"east":{"uv":[0,0.875,0.125,1.625],"texture":"#0"},"south":{"uv":[0.375,0.875,0.5,1.625],"texture":"#0"},"west":{"uv":[0.25,0.875,0.375,1.625],"texture":"#0"},"up":{"uv":[0.25,0.875,0.125,0.75],"texture":"#0"},"down":{"uv":[0.375,0.75,0.25,0.875],"texture":"#0"}}},{"from":[-13,2,7.5],"to":[-9,3,8.5],"rotation":{"angle":0,"axis":"y","origin":[13,0,-8]},"faces":{"north":{"uv":[9,0.125,9.5,0.25],"texture":"#0"},"east":{"uv":[8.875,0.125,9,0.25],"texture":"#0"},"south":{"uv":[9.625,0.125,10.125,0.25],"texture":"#0"},"west":{"uv":[9.5,0.125,9.625,0.25],"texture":"#0"},"up":{"uv":[9.5,0.125,9,0],"texture":"#0"},"down":{"uv":[10,0,9.5,0.125],"texture":"#0"}}},{"from":[-13,21,7.5],"to":[-9,22,8.5],"rotation":{"angle":0,"axis":"y","origin":[13,0,-8]},"faces":{"north":{"uv":[3.125,1.875,3.625,2],"texture":"#0"},"east":{"uv":[3,1.875,3.125,2],"texture":"#0"},"south":{"uv":[3.75,1.875,4.25,2],"texture":"#0"},"west":{"uv":[3.625,1.875,3.75,2],"texture":"#0"},"up":{"uv":[3.625,1.875,3.125,1.75],"texture":"#0"},"down":{"uv":[4.125,1.75,3.625,1.875],"texture":"#0"}}},{"from":[0,10,4.5],"to":[2,21,5.5],"rotation":{"angle":0,"axis":"y","origin":[13,0,-8]},"faces":{"north":{"uv":[7.125,6,7.375,7.375],"texture":"#0"},"east":{"uv":[7,6,7.125,7.375],"texture":"#0"},"south":{"uv":[7.5,6,7.75,7.375],"texture":"#0"},"west":{"uv":[7.375,6,7.5,7.375],"texture":"#0"},"up":{"uv":[7.375,6,7.125,5.875],"texture":"#0"},"down":{"uv":[7.625,5.875,7.375,6],"texture":"#0"}}},{"from":[0,10,5.5],"to":[2,20,10.5],"rotation":{"angle":0,"axis":"y","origin":[13,0,-8]},"faces":{"north":{"uv":[0.625,2.75,0.875,4],"texture":"#0"},"east":{"uv":[0,2.75,0.625,4],"texture":"#0"},"south":{"uv":[1.5,2.75,1.75,4],"texture":"#0"},"west":{"uv":[0.875,2.75,1.5,4],"texture":"#0"},"up":{"uv":[0.875,2.75,0.625,2.125],"texture":"#0"},"down":{"uv":[1.125,2.125,0.875,2.75],"texture":"#0"}}},{"from":[0,17,1.5],"to":[2,21,4.5],"rotation":{"angle":0,"axis":"y","origin":[13,0,-8]},"faces":{"north":{"uv":[7.625,4.375,7.875,4.875],"texture":"#0"},"east":{"uv":[7.25,4.375,7.625,4.875],"texture":"#0"},"south":{"uv":[8.25,4.375,8.5,4.875],"texture":"#0"},"west":{"uv":[7.875,4.375,8.25,4.875],"texture":"#0"},"up":{"uv":[7.875,4.375,7.625,4],"texture":"#0"},"down":{"uv":[8.125,4,7.875,4.375],"texture":"#0"}}},{"from":[0,17,11.5],"to":[2,21,14.5],"rotation":{"angle":0,"axis":"y","origin":[13,0,-8]},"faces":{"north":{"uv":[3.375,1.125,3.625,1.625],"texture":"#0"},"east":{"uv":[3,1.125,3.375,1.625],"texture":"#0"},"south":{"uv":[4,1.125,4.25,1.625],"texture":"#0"},"west":{"uv":[3.625,1.125,4,1.625],"texture":"#0"},"up":{"uv":[3.625,1.125,3.375,0.75],"texture":"#0"},"down":{"uv":[3.875,0.75,3.625,1.125],"texture":"#0"}}},{"from":[0,10,10.5],"to":[2,21,11.5],"rotation":{"angle":0,"axis":"y","origin":[13,0,-8]},"faces":{"north":{"uv":[7.125,0.125,7.375,1.5],"texture":"#0"},"east":{"uv":[7,0.125,7.125,1.5],"texture":"#0"},"south":{"uv":[7.5,0.125,7.75,1.5],"texture":"#0"},"west":{"uv":[7.375,0.125,7.5,1.5],"texture":"#0"},"up":{"uv":[7.375,0.125,7.125,0],"texture":"#0"},"down":{"uv":[7.625,0,7.375,0.125],"texture":"#0"}}},{"from":[1,18,4.5],"to":[1,23,11.5],"rotation":{"angle":0,"axis":"y","origin":[13,0,-8]},"faces":{"north":{"uv":[2.75,5.75,2.75,6.375],"texture":"#0"},"east":{"uv":[1.875,5.75,2.75,6.375],"texture":"#0"},"south":{"uv":[3.625,5.75,3.625,6.375],"texture":"#0"},"west":{"uv":[2.75,5.75,3.625,6.375],"texture":"#0"},"up":{"uv":[2.75,5.75,2.75,4.875],"texture":"#0"},"down":{"uv":[2.75,4.875,2.75,5.75],"texture":"#0"}}},{"from":[-14,1,10.5],"to":[-13,2,14.5],"rotation":{"angle":0,"axis":"y","origin":[13,0,-8]},"faces":{"north":{"uv":[9.375,1,9.5,1.125],"texture":"#0"},"east":{"uv":[8.875,1,9.375,1.125],"texture":"#0"},"south":{"uv":[10,1,10.125,1.125],"texture":"#0"},"west":{"uv":[9.5,1,10,1.125],"texture":"#0"},"up":{"uv":[9.5,1,9.375,0.5],"texture":"#0"},"down":{"uv":[9.625,0.5,9.5,1],"texture":"#0"}}}],"display":{"thirdperson_righthand":{"rotation":[60,-160,0],"translation":[5.5,2.25,-7.75],"scale":[-0.6,0.6,-0.6]},"thirdperson_lefthand":{"rotation":[60,-160,0],"translation":[5.5,2.25,-7.75],"scale":[-0.6,0.6,-0.6]},"firstperson_righthand":{"rotation":[0,-73,6],"translation":[0,-1.25,0],"scale":[-0.4,0.4,-0.4]},"firstperson_lefthand":{"rotation":[0,-73,6],"translation":[0,-1.25,6.75],"scale":[-0.4,0.4,-0.4]},"ground":{"translation":[2.25,1.5,0],"scale":[0.35,0.35,0.35]},"gui":{"rotation":[30,-40,0],"translation":[-2.75,0.25,0],"scale":[-0.45,0.45,-0.45]},"head":{"translation":[0,-30.4,0],"scale":[-1.6,1.6,-1.6]},"fixed":{"rotation":[90,0,0],"translation":[0,0,-16],"scale":[2,2,2]}},"groups":[{"name":"riail","origin":[13,0,-8],"color":0,"children":[0,1,2,3,4,5,6,7,8,9,10,11,12,13,14,15,16,17,18,19,20,21,22,23,24,25,26,27,28,29,30,31,32,33,34,35,36,37,38,39,40,41,42,43,44,45,46,47,48,49,50,51,52,53]}]}