{"credit":"MadewithBlockbench","texture_size":[128,128],"textures":{"1":"outdoor:outdoor_doghut","particle":"outdoor:outdoor_doghut"},"elements":[{"from":[14,0,-2],"to":[17,13,1],"faces":{"north":{"uv":[5.5,3.125,5.875,4.75],"texture":"#1"},"east":{"uv":[5.125,3.125,5.5,4.75],"texture":"#1"},"south":{"uv":[6.25,3.125,6.625,4.75],"texture":"#1"},"west":{"uv":[5.875,3.125,6.25,4.75],"texture":"#1"},"up":{"uv":[5.875,3.125,5.5,2.75],"texture":"#1"},"down":{"uv":[6.25,2.75,5.875,3.125],"texture":"#1"}}},{"from":[-1,0,-2],"to":[2,13,1],"faces":{"north":{"uv":[3.875,3.125,4.25,4.75],"texture":"#1"},"east":{"uv":[3.5,3.125,3.875,4.75],"texture":"#1"},"south":{"uv":[4.625,3.125,5,4.75],"texture":"#1"},"west":{"uv":[4.25,3.125,4.625,4.75],"texture":"#1"},"up":{"uv":[4.25,3.125,3.875,2.75],"texture":"#1"},"down":{"uv":[4.625,2.75,4.25,3.125],"texture":"#1"}}},{"from":[-1,0,16],"to":[2,13,19],"faces":{"north":{"uv":[0.375,3.125,0.75,4.75],"texture":"#1"},"east":{"uv":[0,3.125,0.375,4.75],"texture":"#1"},"south":{"uv":[1.125,3.125,1.5,4.75],"texture":"#1"},"west":{"uv":[0.75,3.125,1.125,4.75],"texture":"#1"},"up":{"uv":[0.75,3.125,0.375,2.75],"texture":"#1"},"down":{"uv":[1.125,2.75,0.75,3.125],"texture":"#1"}}},{"from":[14,0,16],"to":[17,13,19],"faces":{"north":{"uv":[0.375,0.375,0.75,2],"texture":"#1"},"east":{"uv":[0,0.375,0.375,2],"texture":"#1"},"south":{"uv":[1.125,0.375,1.5,2],"texture":"#1"},"west":{"uv":[0.75,0.375,1.125,2],"texture":"#1"},"up":{"uv":[0.75,0.375,0.375,0],"texture":"#1"},"down":{"uv":[1.125,0,0.75,0.375],"texture":"#1"}}},{"from":[2,0,-1.5],"to":[14,19,-1.5],"faces":{"north":{"uv":[3.875,9.875,5.375,12.25],"texture":"#1"},"east":{"uv":[3.875,9.875,3.875,12.25],"texture":"#1"},"south":{"uv":[5.375,9.875,6.875,12.25],"texture":"#1"},"west":{"uv":[5.375,9.875,5.375,12.25],"texture":"#1"},"up":{"uv":[5.375,9.875,3.875,9.875],"texture":"#1"},"down":{"uv":[6.875,9.875,5.375,9.875],"texture":"#1"}}},{"from":[2,0,18.5],"to":[14,19,18.5],"faces":{"north":{"uv":[6.875,0,8.375,2.375],"texture":"#1"},"east":{"uv":[6.875,0,6.875,2.375],"texture":"#1"},"south":{"uv":[8.375,0,9.875,2.375],"texture":"#1"},"west":{"uv":[8.375,0,8.375,2.375],"texture":"#1"},"up":{"uv":[8.375,0,6.875,0],"texture":"#1"},"down":{"uv":[9.875,0,8.375,0],"texture":"#1"}}},{"from":[-0.5,0,1],"to":[-0.5,12,16],"faces":{"north":{"uv":[1.875,9.875,1.875,11.375],"texture":"#1"},"east":{"uv":[0,9.875,1.875,11.375],"texture":"#1"},"south":{"uv":[3.75,9.875,3.75,11.375],"texture":"#1"},"west":{"uv":[1.875,9.875,3.75,11.375],"texture":"#1"},"up":{"uv":[1.875,9.875,1.875,8],"texture":"#1"},"down":{"uv":[1.875,8,1.875,9.875],"texture":"#1"}}},{"from":[16.5,0,1],"to":[16.5,12,16],"faces":{"north":{"uv":[8.875,4.625,8.875,6.125],"texture":"#1"},"east":{"uv":[7,4.625,8.875,6.125],"texture":"#1"},"south":{"uv":[10.75,4.625,10.75,6.125],"texture":"#1"},"west":{"uv":[8.875,4.625,10.75,6.125],"texture":"#1"},"up":{"uv":[8.875,4.625,8.875,2.75],"texture":"#1"},"down":{"uv":[8.875,2.75,8.875,4.625],"texture":"#1"}}},{"from":[-8.74373,3.9,-3],"to":[-6.74373,19.9,20],"rotation":{"angle":-45,"axis":"z","origin":[0.35627,0,-0.1]},"faces":{"north":{"uv":[6.375,7.75,6.625,9.75],"texture":"#1"},"east":{"uv":[3.5,7.75,6.375,9.75],"texture":"#1"},"south":{"uv":[9.5,7.75,9.75,9.75],"texture":"#1"},"west":{"uv":[6.625,7.75,9.5,9.75],"texture":"#1"},"up":{"uv":[6.625,7.75,6.375,4.875],"texture":"#1"},"down":{"uv":[6.875,4.875,6.625,7.75],"texture":"#1"}}},{"from":[25.46358,-3.95584,-3],"to":[27.46358,12.04416,20],"rotation":{"angle":45,"axis":"z","origin":[7.51383,-7.22792,0]},"faces":{"north":{"uv":[2.875,5.625,3.125,7.625],"texture":"#1"},"east":{"uv":[0,5.625,2.875,7.625],"texture":"#1"},"south":{"uv":[6,5.625,6.25,7.625],"texture":"#1"},"west":{"uv":[3.125,5.625,6,7.625],"texture":"#1"},"up":{"uv":[3.125,5.625,2.875,2.75],"texture":"#1"},"down":{"uv":[3.375,2.75,3.125,5.625],"texture":"#1"}}},{"from":[-0.5,0.5,-1.5],"to":[16.5,0.5,18.5],"faces":{"north":{"uv":[2.5,2.5,4.625,2.5],"texture":"#1"},"east":{"uv":[0,2.5,2.5,2.5],"texture":"#1"},"south":{"uv":[7.125,2.5,9.25,2.5],"texture":"#1"},"west":{"uv":[4.625,2.5,7.125,2.5],"texture":"#1"},"up":{"uv":[4.625,2.5,2.5,0],"texture":"#1"},"down":{"uv":[6.75,0,4.625,2.5],"texture":"#1"}}},{"from":[3,1,-2],"to":[13,2,-1],"faces":{"north":{"uv":[0.125,5,1.375,5.125],"texture":"#1"},"east":{"uv":[0,5,0.125,5.125],"texture":"#1"},"south":{"uv":[1.5,5,2.75,5.125],"texture":"#1"},"west":{"uv":[1.375,5,1.5,5.125],"texture":"#1"},"up":{"uv":[1.375,5,0.125,4.875],"texture":"#1"},"down":{"uv":[2.625,4.875,1.375,5],"texture":"#1"}}},{"from":[3,11,-2],"to":[13,12,-1],"faces":{"north":{"uv":[0.125,5,1.375,5.125],"texture":"#1"},"east":{"uv":[0,5,0.125,5.125],"texture":"#1"},"south":{"uv":[1.5,5,2.75,5.125],"texture":"#1"},"west":{"uv":[1.375,5,1.5,5.125],"texture":"#1"},"up":{"uv":[1.375,5,0.125,4.875],"texture":"#1"},"down":{"uv":[2.625,4.875,1.375,5],"texture":"#1"}}},{"from":[12,2,-2],"to":[13,11,-1],"faces":{"north":{"uv":[1.75,0.125,1.875,1.25],"texture":"#1"},"east":{"uv":[1.625,0.125,1.75,1.25],"texture":"#1"},"south":{"uv":[2,0.125,2.125,1.25],"texture":"#1"},"west":{"uv":[1.875,0.125,2,1.25],"texture":"#1"},"up":{"uv":[1.875,0.125,1.75,0],"texture":"#1"},"down":{"uv":[2,0,1.875,0.125],"texture":"#1"}}},{"from":[3,2,-2],"to":[4,11,-1],"faces":{"north":{"uv":[1.75,0.125,1.875,1.25],"texture":"#1"},"east":{"uv":[1.625,0.125,1.75,1.25],"texture":"#1"},"south":{"uv":[2,0.125,2.125,1.25],"texture":"#1"},"west":{"uv":[1.875,0.125,2,1.25],"texture":"#1"},"up":{"uv":[1.875,0.125,1.75,0],"texture":"#1"},"down":{"uv":[2,0,1.875,0.125],"texture":"#1"}}}],"display":{"thirdperson_righthand":{"rotation":[60,-160,0],"translation":[0,7,-2],"scale":[-0.6,0.6,-0.6]},"thirdperson_lefthand":{"rotation":[60,-160,0],"translation":[0,7,-2],"scale":[-0.6,0.6,-0.6]},"firstperson_righthand":{"rotation":[0,-73,6],"translation":[0,1.5,0],"scale":[-0.4,0.4,-0.4]},"firstperson_lefthand":{"rotation":[0,-73,6],"translation":[0,1.5,0],"scale":[-0.4,0.4,-0.4]},"ground":{"translation":[0,1.5,0],"scale":[0.35,0.35,0.35]},"gui":{"rotation":[30,-40,0],"translation":[-0.25,-0.5,0],"scale":[-0.45,0.45,-0.45]},"head":{"rotation":[0,-180,0],"translation":[0,-30.4,0],"scale":[1.6,1.6,1.6]},"fixed":{"rotation":[90,-180,-180],"translation":[0,0,-15],"scale":[2,2,2]}}}