{"credit":"MadebyPolygonMC","texture_size":[32,32],"textures":{"0":"unicornfantasyset:animation_1","1":"unicornfantasyset:animation_2","2":"unicornfantasyset:chest","particle":"unicornfantasyset:animation_1"},"elements":[{"from":[3.76,8.07457,5.115],"to":[4.82,9.13457,11.475],"rotation":{"angle":0,"axis":"y","origin":[8,8.60457,8.295]},"faces":{"north":{"uv":[2.5,12,3,12.5],"texture":"#2"},"east":{"uv":[11.5,1,14.5,1.5],"texture":"#2"},"south":{"uv":[3,12,3.5,12.5],"texture":"#2"},"west":{"uv":[11.5,1.5,14.5,2],"texture":"#2"},"up":{"uv":[6,12.5,5.5,9.5],"texture":"#2"},"down":{"uv":[4.5,11.5,4,14.5],"texture":"#2"}}},{"from":[7.0248,8.73343,4.78094],"to":[8.9752,12.63423,5.75614],"rotation":{"angle":22.5,"axis":"x","origin":[8,10.68383,5.26854]},"faces":{"north":{"uv":[4,9.5,4.875,11.375],"texture":"#2"},"east":{"uv":[8.5,11.5,9,13.375],"texture":"#2"},"south":{"uv":[0,0,0,0],"texture":"#2"},"west":{"uv":[9,11.5,9.5,13.375],"texture":"#2"},"up":{"uv":[1.375,12.5,0.5,12],"texture":"#2"},"down":{"uv":[0,0,0,0],"texture":"#2"}}},{"from":[3.76,8.07457,4.055],"to":[12.24,9.13457,5.115],"rotation":{"angle":0,"axis":"y","origin":[3.76,8.07457,4.055]},"faces":{"north":{"uv":[0,11,4,11.5],"texture":"#2"},"east":{"uv":[3.5,12,4,12.5],"texture":"#2"},"south":{"uv":[7,11,11,11.5],"texture":"#2"},"west":{"uv":[12,4.5,12.5,5],"texture":"#2"},"up":{"uv":[15,9.5,11,9],"texture":"#2"},"down":{"uv":[15,9.5,11,10],"texture":"#2"}}},{"from":[7.02968,11.69716,5.56444],"to":[8.97032,12.67236,11.02556],"rotation":{"angle":0,"axis":"x","origin":[8.00488,12.18476,7.51484]},"faces":{"north":{"uv":[0,0,0,0],"texture":"#2"},"east":{"uv":[11.5,2,14.125,2.5],"texture":"#2"},"south":{"uv":[0,0,0,0],"texture":"#2"},"west":{"uv":[11.5,2.5,14.125,3],"texture":"#2"},"up":{"uv":[6.875,11.625,6,9],"texture":"#2"},"down":{"uv":[0,0,0,0],"texture":"#2"}}},{"from":[3.78396,11.69716,5.56444],"to":[4.7494,12.67236,11.02556],"rotation":{"angle":0,"axis":"x","origin":[3.7742,12.18476,7.51484]},"faces":{"north":{"uv":[0,0,0,0],"texture":"#2"},"east":{"uv":[11.5,3.5,14.125,4],"texture":"#2"},"south":{"uv":[0,0,0,0],"texture":"#2"},"west":{"uv":[11.5,3.5,14.125,4],"texture":"#2"},"up":{"uv":[5,14.125,4.5,11.5],"texture":"#2"},"down":{"uv":[7.5,11.5,7,14.125],"texture":"#2"}}},{"from":[4.7405,9.00207,5.10164],"to":[11.2595,12.52657,5.10164],"rotation":{"angle":22.5,"axis":"x","origin":[8,10.72457,5.10164]},"faces":{"north":{"uv":[8,2.5,11.125,4.125],"texture":"#2"},"east":{"uv":[0,0,0,1.625],"texture":"#2"},"south":{"uv":[0,0,0,0],"texture":"#2"},"west":{"uv":[0,0,0,1.625],"texture":"#2"},"up":{"uv":[3.125,0,0,0],"texture":"#2"},"down":{"uv":[3.125,0,0,0],"texture":"#2"}}},{"from":[4.7405,12.38834,5.79124],"to":[11.2595,12.38834,10.79974],"rotation":{"angle":0,"axis":"x","origin":[8,12.38834,7.51374]},"faces":{"north":{"uv":[0,0,3.125,0],"texture":"#2"},"east":{"uv":[0,0,2.375,0],"texture":"#2"},"south":{"uv":[0,0,3.125,0],"texture":"#2"},"west":{"uv":[0,0,2.375,0],"texture":"#2"},"up":{"uv":[11.125,2.375,8,0],"texture":"#2"},"down":{"uv":[0,0,0,0],"texture":"#2"}}},{"from":[4.184,9.13457,5.115],"to":[4.184,12.31457,11.475],"rotation":{"angle":0,"axis":"y","origin":[8.424,9.66457,8.295]},"faces":{"north":{"uv":[0,0,0,1.5],"texture":"#2"},"east":{"uv":[0,0,0,0],"texture":"#2"},"south":{"uv":[0,0,0,1.5],"texture":"#2"},"west":{"uv":[3,8,6,9.5],"texture":"#2"},"up":{"uv":[0,3,0,0],"texture":"#2"},"down":{"uv":[0,0,0,3],"texture":"#2"}}},{"from":[4.82,8.60457,5.115],"to":[11.18,8.60457,11.475],"rotation":{"angle":0,"axis":"y","origin":[9.06,9.13457,8.295]},"faces":{"north":{"uv":[0,0,3,0],"texture":"#2"},"east":{"uv":[0,0,3,0],"texture":"#2"},"south":{"uv":[0,0,3,0],"texture":"#2"},"west":{"uv":[0,0,3,0],"texture":"#2"},"up":{"uv":[0,0,0,0],"texture":"#2"},"down":{"uv":[3,8,0,11],"texture":"#2"}}},{"from":[3.76,8.07457,11.475],"to":[12.24,9.13457,12.535],"rotation":{"angle":0,"axis":"y","origin":[3.76,8.07457,12.535]},"faces":{"north":{"uv":[11,11,7,11.5],"texture":"#2"},"east":{"uv":[4,12,3.5,12.5],"texture":"#2"},"south":{"uv":[4,11,0,11.5],"texture":"#2"},"west":{"uv":[12.5,4.5,12,5],"texture":"#2"},"up":{"uv":[15,9,11,9.5],"texture":"#2"},"down":{"uv":[15,10,11,9.5],"texture":"#2"}}},{"from":[7.0248,8.73343,10.83386],"to":[8.9752,12.63423,11.80906],"rotation":{"angle":-22.5,"axis":"x","origin":[8,10.68383,11.32146]},"faces":{"north":{"uv":[0,0,0,0],"texture":"#2"},"east":{"uv":[9,11.5,8.5,13.375],"texture":"#2"},"south":{"uv":[4.875,9.5,4,11.375],"texture":"#2"},"west":{"uv":[9.5,11.5,9,13.375],"texture":"#2"},"up":{"uv":[1.375,12,0.5,12.5],"texture":"#2"},"down":{"uv":[0,0,0,0],"texture":"#2"}}},{"from":[3.77908,8.73343,10.83386],"to":[4.75428,12.63423,11.80906],"rotation":{"angle":-22.5,"axis":"x","origin":[3.77908,10.68383,11.32146]},"faces":{"north":{"uv":[11,11.5,10.5,13.375],"texture":"#2"},"east":{"uv":[10,11.5,9.5,13.375],"texture":"#2"},"south":{"uv":[10,11.5,9.5,13.375],"texture":"#2"},"west":{"uv":[11.5,11.5,11,13.375],"texture":"#2"},"up":{"uv":[12.5,5,12,5.5],"texture":"#2"},"down":{"uv":[0,0,0,0],"texture":"#2"}}},{"from":[11.18,8.07457,5.115],"to":[12.24,9.13457,11.475],"rotation":{"angle":0,"axis":"y","origin":[8,8.60457,8.295]},"faces":{"north":{"uv":[3,12,2.5,12.5],"texture":"#2"},"east":{"uv":[14.5,1.5,11.5,2],"texture":"#2"},"south":{"uv":[3.5,12,3,12.5],"texture":"#2"},"west":{"uv":[14.5,1,11.5,1.5],"texture":"#2"},"up":{"uv":[5.5,12.5,6,9.5],"texture":"#2"},"down":{"uv":[4,11.5,4.5,14.5],"texture":"#2"}}},{"from":[3.77908,8.73343,4.78094],"to":[4.75428,12.63423,5.75614],"rotation":{"angle":22.5,"axis":"x","origin":[3.77908,10.68383,5.26854]},"faces":{"north":{"uv":[9.5,11.5,10,13.375],"texture":"#2"},"east":{"uv":[9.5,11.5,10,13.375],"texture":"#2"},"south":{"uv":[10.5,11.5,11,13.375],"texture":"#2"},"west":{"uv":[11,11.5,11.5,13.375],"texture":"#2"},"up":{"uv":[12.5,5.5,12,5],"texture":"#2"},"down":{"uv":[0,0,0,0],"texture":"#2"}}},{"from":[11.24572,8.73343,4.78094],"to":[12.22092,12.63423,5.75614],"rotation":{"angle":22.5,"axis":"x","origin":[12.22092,10.68383,5.26854]},"faces":{"north":{"uv":[10,11.5,9.5,13.375],"texture":"#2"},"east":{"uv":[11.5,11.5,11,13.375],"texture":"#2"},"south":{"uv":[11,11.5,10.5,13.375],"texture":"#2"},"west":{"uv":[10,11.5,9.5,13.375],"texture":"#2"},"up":{"uv":[12,5.5,12.5,5],"texture":"#2"},"down":{"uv":[0,0,0,0],"texture":"#2"}}},{"from":[11.2506,11.69716,5.56444],"to":[12.21604,12.67236,11.02556],"rotation":{"angle":0,"axis":"x","origin":[12.2258,12.18476,7.51484]},"faces":{"north":{"uv":[0,0,0,0],"texture":"#2"},"east":{"uv":[14.125,3.5,11.5,4],"texture":"#2"},"south":{"uv":[0,0,0,0],"texture":"#2"},"west":{"uv":[14.125,3.5,11.5,4],"texture":"#2"},"up":{"uv":[4.5,14.125,5,11.5],"texture":"#2"},"down":{"uv":[7,11.5,7.5,14.125],"texture":"#2"}}},{"from":[11.24572,8.73343,10.83386],"to":[12.22092,12.63423,11.80906],"rotation":{"angle":-22.5,"axis":"x","origin":[12.22092,10.68383,11.32146]},"faces":{"north":{"uv":[10.5,11.5,11,13.375],"texture":"#2"},"east":{"uv":[11,11.5,11.5,13.375],"texture":"#2"},"south":{"uv":[9.5,11.5,10,13.375],"texture":"#2"},"west":{"uv":[9.5,11.5,10,13.375],"texture":"#2"},"up":{"uv":[12,5,12.5,5.5],"texture":"#2"},"down":{"uv":[0,0,0,0],"texture":"#2"}}},{"from":[4.7405,9.00207,11.48836],"to":[11.2595,12.52657,11.48836],"rotation":{"angle":-22.5,"axis":"x","origin":[8,10.72457,11.48836]},"faces":{"north":{"uv":[0,0,0,0],"texture":"#2"},"east":{"uv":[0,0,0,1.625],"texture":"#2"},"south":{"uv":[11.125,2.5,8,4.125],"texture":"#2"},"west":{"uv":[0,0,0,1.625],"texture":"#2"},"up":{"uv":[3.125,0,0,0],"texture":"#2"},"down":{"uv":[3.125,0,0,0],"texture":"#2"}}},{"from":[11.816,9.13457,5.115],"to":[11.816,12.31457,11.475],"rotation":{"angle":0,"axis":"y","origin":[7.576,9.66457,8.295]},"faces":{"north":{"uv":[0,0,0,1.5],"texture":"#2"},"east":{"uv":[6,8,3,9.5],"texture":"#2"},"south":{"uv":[0,0,0,1.5],"texture":"#2"},"west":{"uv":[0,0,0,0],"texture":"#2"},"up":{"uv":[0,3,0,0],"texture":"#2"},"down":{"uv":[0,0,0,3],"texture":"#2"}}},{"from":[7,6.81166,3.495],"to":[9,8.81166,4.495],"rotation":{"angle":-45,"axis":"z","origin":[8,7.81166,3.995]},"faces":{"north":{"uv":[3,9.5,4,10.5],"texture":"#2"},"east":{"uv":[0.5,12,0,13],"texture":"#2"},"south":{"uv":[7.5,11.5,8.5,12.5],"texture":"#2"},"west":{"uv":[0,12,0.5,13],"texture":"#2"},"up":{"uv":[0,13,0.5,12],"rotation":90,"texture":"#2"},"down":{"uv":[0.5,13,0,12],"rotation":90,"texture":"#2"}}},{"from":[4,3.11166,4.295],"to":[12,4.11166,12.295],"rotation":{"angle":0,"axis":"y","origin":[4,3.11166,4.295]},"faces":{"north":{"uv":[8,7.5,12,8],"texture":"#2"},"east":{"uv":[8,7.5,12,8],"texture":"#2"},"south":{"uv":[8,7.5,12,8],"texture":"#2"},"west":{"uv":[8,7.5,12,8],"texture":"#2"},"up":{"uv":[4,4,0,0],"texture":"#2"},"down":{"uv":[4,4,0,8],"texture":"#2"}}},{"from":[4.25,4.11166,4.545],"to":[11.75,5.11166,12.045],"rotation":{"angle":0,"axis":"y","origin":[4,4.11166,4.295]},"faces":{"north":{"uv":[11,11,14.75,11.5],"texture":"#2"},"east":{"uv":[11,11,14.75,11.5],"texture":"#2"},"south":{"uv":[11,11,14.75,11.5],"texture":"#2"},"west":{"uv":[11,11,14.75,11.5],"texture":"#2"},"up":{"uv":[0,0,0,0],"texture":"#2"},"down":{"uv":[0,0,0,0],"texture":"#2"}}},{"from":[4,5.11166,4.295],"to":[12,7.11166,12.295],"rotation":{"angle":0,"axis":"y","origin":[4,5.11166,4.295]},"faces":{"north":{"uv":[8,4.5,12,5.5],"texture":"#2"},"east":{"uv":[8,5.5,12,6.5],"texture":"#2"},"south":{"uv":[6,8,10,9],"texture":"#2"},"west":{"uv":[8,6.5,12,7.5],"texture":"#2"},"up":{"uv":[8,4,4,0],"texture":"#2"},"down":{"uv":[8,4,4,8],"texture":"#2"}}},{"from":[4,7.11166,4.295],"to":[12,8.11166,5.295],"rotation":{"angle":0,"axis":"y","origin":[4,7.11166,4.295]},"faces":{"north":{"uv":[10,8,14,8.5],"texture":"#2"},"east":{"uv":[1.5,12,2,12.5],"texture":"#2"},"south":{"uv":[10,8.5,14,9],"texture":"#2"},"west":{"uv":[2,12,2.5,12.5],"texture":"#2"},"up":{"uv":[11,11,7,10.5],"texture":"#2"},"down":{"uv":[0,0,0,0],"texture":"#2"}}},{"from":[4,7.11166,11.295],"to":[12,8.11166,12.295],"rotation":{"angle":0,"axis":"y","origin":[4,7.11166,12.295]},"faces":{"north":{"uv":[14,8.5,10,9],"texture":"#2"},"east":{"uv":[2,12,1.5,12.5],"texture":"#2"},"south":{"uv":[15.125,2.875,11.125,3.375],"texture":"#2"},"west":{"uv":[2.5,12,2,12.5],"texture":"#2"},"up":{"uv":[11,10.5,7,11],"texture":"#2"},"down":{"uv":[0,0,0,0],"texture":"#2"}}},{"from":[4,7.11166,5.295],"to":[5,8.11166,11.295],"rotation":{"angle":0,"axis":"y","origin":[8,7.61166,8.295]},"faces":{"north":{"uv":[0,0,0,0],"texture":"#2"},"east":{"uv":[11.5,0,14.5,0.5],"texture":"#2"},"south":{"uv":[0,0,0,0],"texture":"#2"},"west":{"uv":[11.5,0.5,14.5,1],"texture":"#2"},"up":{"uv":[5.5,12.5,5,9.5],"texture":"#2"},"down":{"uv":[0,0,0,0],"texture":"#2"}}},{"from":[11,7.11166,5.295],"to":[12,8.11166,11.295],"rotation":{"angle":0,"axis":"y","origin":[8,7.61166,8.295]},"faces":{"north":{"uv":[0,0,0,0],"texture":"#2"},"east":{"uv":[15,5.75,12,6.25],"texture":"#2"},"south":{"uv":[0,0,0,0],"texture":"#2"},"west":{"uv":[14.5,0,11.5,0.5],"texture":"#2"},"up":{"uv":[5,12.5,5.5,9.5],"texture":"#2"},"down":{"uv":[0,0,0,0],"texture":"#2"}}},{"from":[-2.4,9.9,8.1],"to":[7.6,15.9,8.1],"rotation":{"angle":-45,"axis":"z","origin":[2.6,12.9,8.1]},"faces":{"north":{"uv":[0,0,13.33333,8],"texture":"#0"},"east":{"uv":[0,0,0,8],"texture":"#0"},"south":{"uv":[13.33333,0,0,8],"texture":"#0"},"west":{"uv":[0,0,0,8],"texture":"#0"},"up":{"uv":[0,13.33333,0,0],"rotation":90,"texture":"#0"},"down":{"uv":[0,0,0,13.33333],"rotation":270,"texture":"#0"}}},{"from":[8.4,9.9,8.1],"to":[18.4,15.9,8.1],"rotation":{"angle":45,"axis":"z","origin":[13.4,12.9,8.1]},"faces":{"north":{"uv":[13.33333,0,0,8],"texture":"#0"},"east":{"uv":[0,0,0,8],"texture":"#0"},"south":{"uv":[0,0,13.33333,8],"texture":"#0"},"west":{"uv":[0,0,0,8],"texture":"#0"},"up":{"uv":[0,0,0,13.33333],"rotation":90,"texture":"#0"},"down":{"uv":[0,13.33333,0,0],"rotation":270,"texture":"#0"}}},{"from":[10.9,9,3.7],"to":[15.1,13.2,3.7],"rotation":{"angle":-22.5,"axis":"z","origin":[13,11.1,3.7]},"faces":{"north":{"uv":[0,0,8.50417,8.50417],"texture":"#1"},"east":{"uv":[0,0,0,5.66667],"texture":"#1"},"west":{"uv":[0,0,0,5.66667],"texture":"#1"},"up":{"uv":[0,5.66667,0,0],"rotation":90,"texture":"#1"},"down":{"uv":[0,0,0,5.66667],"rotation":270,"texture":"#1"}}},{"from":[4.9,11.1,4.7],"to":[8.1,14.3,4.7],"rotation":{"angle":22.5,"axis":"z","origin":[6.5,12.7,4.7]},"faces":{"north":{"uv":[9.5,0,16,6.50833],"texture":"#1"},"east":{"uv":[0,0,0,4.33333],"texture":"#1"},"west":{"uv":[0,0,0,4.33333],"texture":"#1"},"up":{"uv":[0,4.33333,0,0],"rotation":90,"texture":"#1"},"down":{"uv":[0,0,0,4.33333],"rotation":270,"texture":"#1"}}},{"from":[2.8,4.8,4.1],"to":[5,7,4.1],"rotation":{"angle":-22.5,"axis":"z","origin":[3.9,5.9,4.1]},"faces":{"north":{"uv":[0,9,4.5,13.5],"texture":"#1"},"east":{"uv":[0,0,0,3],"texture":"#1"},"west":{"uv":[0,0,0,3],"texture":"#1"},"up":{"uv":[0,3,0,0],"rotation":90,"texture":"#1"},"down":{"uv":[0,0,0,3],"rotation":270,"texture":"#1"}}}],"gui_light":"front","display":{"thirdperson_righthand":{"rotation":[55,0,0],"translation":[0,3.5,3.5]},"thirdperson_lefthand":{"rotation":[55,0,0],"translation":[0,3.5,3.5]},"firstperson_righthand":{"rotation":[-16,180,0],"translation":[-9,3,0]},"firstperson_lefthand":{"rotation":[-16,180,0],"translation":[-9,3,0]},"ground":{"translation":[0,3.75,0]},"gui":{"rotation":[0,135,0],"translation":[-0.25,0,0],"scale":[1.24805,1.24805,1.24805]},"head":{"translation":[0,-27,0],"scale":[3.35352,3.35352,3.35352]},"fixed":{"rotation":[-90,0,0],"translation":[0,-1,-18.5],"scale":[4,4,4]}},"groups":[{"name":"group","origin":[7.576,6.55291,8],"color":0,"children":[0,1,2,3,4,5,6,7,8,9,10,11,12,13,14,15,16,17,18]},{"name":"group","origin":[8,4.5,8],"color":0,"children":[19,20,21,22,23,24,25,26]},27,28,29,30,31]}