{"credit":"MadebyPolygonMC","texture_size":[24,24],"textures":{"1":"unicornfantasyset:helmet"},"elements":[{"from":[5,5,5],"to":[11,8,11],"rotation":{"angle":0,"axis":"y","origin":[5,5,5]},"faces":{"north":{"uv":[0,8,4,10],"texture":"#1"},"east":{"uv":[8.66667,0,12.66667,2],"texture":"#1"},"south":{"uv":[8.66667,2,12.66667,4],"texture":"#1"},"west":{"uv":[9.33333,4,13.33333,6],"texture":"#1"},"up":{"uv":[4,4,0,0],"texture":"#1"},"down":{"uv":[4,4,0,8],"texture":"#1"}}},{"from":[6,6.1,3.2],"to":[10,10.1,10.2],"rotation":{"angle":-22.5,"axis":"x","origin":[8,7.4,6]},"faces":{"north":{"uv":[9.33333,6,12,8.66667],"texture":"#1"},"east":{"uv":[4,0,8.66667,2.66667],"texture":"#1"},"south":{"uv":[9.33333,8.66667,12,11.33333],"texture":"#1"},"west":{"uv":[4,2.66667,8.66667,5.33333],"texture":"#1"},"up":{"uv":[6.66667,10,4,5.33333],"texture":"#1"},"down":{"uv":[9.33333,5.33333,6.66667,10],"texture":"#1"}}},{"from":[7.25,9.31431,3.50961],"to":[8.75,10.81431,6.50961],"rotation":{"angle":45,"axis":"x","origin":[7,9.86431,6.80961]},"faces":{"north":{"uv":[12.66667,2.66667,13.66667,3.66667],"texture":"#1"},"east":{"uv":[12,7.33333,14,8.33333],"texture":"#1"},"west":{"uv":[12,8.66667,14,9.66667],"texture":"#1"},"up":{"uv":[7.66667,14,6.66667,12],"texture":"#1"},"down":{"uv":[1,12.66667,0,14.66667],"texture":"#1"}}},{"from":[7.4,9.46431,1.50961],"to":[8.6,10.66431,3.50961],"rotation":{"angle":45,"axis":"x","origin":[7,9.86431,6.80961]},"faces":{"north":{"uv":[13.33333,2,14,2.66667],"texture":"#1"},"east":{"uv":[3.33333,12.66667,4.66667,13.33333],"texture":"#1"},"west":{"uv":[4.66667,12.66667,6,13.33333],"texture":"#1"},"up":{"uv":[9.33333,5.33333,8.66667,4],"texture":"#1"},"down":{"uv":[13.33333,11.33333,12.66667,12.66667],"texture":"#1"}}},{"from":[7.5,9.56431,-0.49039],"to":[8.5,10.56431,1.50961],"rotation":{"angle":45,"axis":"x","origin":[7,9.86431,6.80961]},"faces":{"north":{"uv":[4.66667,13.33333,5.33333,14],"texture":"#1"},"east":{"uv":[12.66667,12.66667,14,13.33333],"texture":"#1"},"west":{"uv":[13.33333,0,14.66667,0.66667],"texture":"#1"},"up":{"uv":[14,2,13.33333,0.66667],"texture":"#1"},"down":{"uv":[4,13.33333,3.33333,14.66667],"texture":"#1"}}},{"from":[6.08,11.12,8.04],"to":[7.52,13.28,8.76],"rotation":{"angle":0,"axis":"x","origin":[6.08,11.12,8.04]},"faces":{"north":{"uv":[8,10,9,11.33333],"texture":"#1"},"east":{"uv":[5.33333,13.33333,5.66667,14.66667],"texture":"#1"},"south":{"uv":[12,10,13,11.33333],"texture":"#1"},"west":{"uv":[8,13.33333,8.33333,14.66667],"texture":"#1"},"up":{"uv":[14.33333,5.66667,13.33333,5.33333],"texture":"#1"},"down":{"uv":[9.66667,13.33333,8.66667,13.66667],"texture":"#1"}}},{"from":[8.48,11.12,8.04],"to":[9.92,13.28,8.76],"rotation":{"angle":0,"axis":"x","origin":[9.92,11.12,8.04]},"faces":{"north":{"uv":[9,10,8,11.33333],"texture":"#1"},"east":{"uv":[8.33333,13.33333,8,14.66667],"texture":"#1"},"south":{"uv":[13,10,12,11.33333],"texture":"#1"},"west":{"uv":[5.66667,13.33333,5.33333,14.66667],"texture":"#1"},"up":{"uv":[13.33333,5.66667,14.33333,5.33333],"texture":"#1"},"down":{"uv":[8.66667,13.33333,9.66667,13.66667],"texture":"#1"}}},{"from":[5.2,1,5.9],"to":[5.2,5,6.9],"rotation":{"angle":0,"axis":"y","origin":[5.2,2,5.9]},"faces":{"north":{"uv":[0,0,0,2.66667],"texture":"#1"},"east":{"uv":[12.66667,0,13.33333,2.66667],"texture":"#1"},"south":{"uv":[0,0,0,2.66667],"texture":"#1"},"west":{"uv":[1.33333,12.66667,2,15.33333],"texture":"#1"},"up":{"uv":[0,0.66667,0,0],"texture":"#1"},"down":{"uv":[0,0,0,0.66667],"texture":"#1"}}},{"from":[10.8,1,5.9],"to":[10.8,5,6.9],"rotation":{"angle":0,"axis":"y","origin":[10.8,2,5.9]},"faces":{"north":{"uv":[0,0,0,2.66667],"texture":"#1"},"east":{"uv":[2,12.66667,2.66667,15.33333],"texture":"#1"},"south":{"uv":[0,0,0,2.66667],"texture":"#1"},"west":{"uv":[2.66667,12.66667,3.33333,15.33333],"texture":"#1"},"up":{"uv":[0,0.66667,0,0],"texture":"#1"},"down":{"uv":[0,0,0,0.66667],"texture":"#1"}}},{"from":[5.2,0.999,5.9],"to":[10.8,0.999,6.9],"rotation":{"angle":0,"axis":"z","origin":[9.8,0.999,5.9]},"faces":{"north":{"uv":[0,0,3.66667,0],"texture":"#1"},"east":{"uv":[0,0,0.66667,0],"texture":"#1"},"south":{"uv":[0,0,3.66667,0],"texture":"#1"},"west":{"uv":[0,0,0.66667,0],"texture":"#1"},"up":{"uv":[15.66667,6.66667,12,6],"texture":"#1"},"down":{"uv":[15.66667,6.66667,12,7.33333],"texture":"#1"}}},{"from":[6.5,3.82715,0.37362],"to":[9.5,7.62715,3.37362],"rotation":{"angle":-22.5,"axis":"x","origin":[6.5,5.82715,0.37362]},"faces":{"north":{"uv":[0,10,2,12.66667],"texture":"#1"},"east":{"uv":[2,10,4,12.66667],"texture":"#1"},"west":{"uv":[4,10,6,12.66667],"texture":"#1"},"up":{"uv":[8,12,6,10],"texture":"#1"},"down":{"uv":[10,11.33333,8,13.33333],"texture":"#1"}}},{"from":[7.5,6.73011,9.9951],"to":[8.5,11.73011,11.4951],"rotation":{"angle":-22.5,"axis":"x","origin":[7.5,8.73011,9.9951]},"faces":{"east":{"uv":[10,11.33333,11,14.66667],"texture":"#1"},"south":{"uv":[6,12,6.66667,15.33333],"texture":"#1"},"west":{"uv":[11.33333,11.33333,12.33333,14.66667],"texture":"#1"},"up":{"uv":[4.66667,14.33333,4,13.33333],"texture":"#1"},"down":{"uv":[14,4,13.33333,5],"texture":"#1"}}}],"gui_light":"front","display":{"thirdperson_righthand":{"rotation":[56,0,0],"translation":[0,1.25,0.5]},"thirdperson_lefthand":{"rotation":[56,0,0],"translation":[0,1.25,0.5]},"firstperson_righthand":{"translation":[-3,3,3.5]},"firstperson_lefthand":{"translation":[-3,3,3.5]},"ground":{"translation":[0,5.75,1.5]},"gui":{"rotation":[35,135,0],"translation":[1.75,1.5,0],"scale":[1.30469,1.30469,1.30469]},"head":{"translation":[0,10.25,0],"scale":[2.47266,2.47266,2.47266]},"fixed":{"rotation":[-90,0,0],"translation":[0,2,-7.25],"scale":[2.49023,2.49023,2.49023]}}}