{"credit":"MadebyPolygonMC","texture_size":[12,12],"textures":{"0":"unicornfantasyset:key","particle":"unicornfantasyset:key"},"elements":[{"from":[7.5,6.61783,8.89467],"to":[8.5,8.61783,10.89467],"rotation":{"angle":-45,"axis":"x","origin":[8,7.61783,9.89467]},"faces":{"north":{"uv":[10.66667,2.66667,12,5.33333],"texture":"#0"},"east":{"uv":[0,4,2.66667,6.66667],"texture":"#0"},"south":{"uv":[5.33333,10.66667,6.66667,13.33333],"texture":"#0"},"west":{"uv":[4,0,6.66667,2.66667],"texture":"#0"},"up":{"uv":[12,8,10.66667,5.33333],"texture":"#0"},"down":{"uv":[8,10.66667,6.66667,13.33333],"texture":"#0"}}},{"from":[7.525,7.14283,6.09467],"to":[8.475,8.09283,9.09467],"rotation":{"angle":0,"axis":"x","origin":[8,8.11783,8.09467]},"faces":{"east":{"uv":[2.66667,4,6.66667,5.33333],"texture":"#0"},"west":{"uv":[4,2.66667,8,4],"texture":"#0"},"up":{"uv":[4,9.33333,2.66667,5.33333],"texture":"#0"},"down":{"uv":[5.33333,5.33333,4,9.33333],"texture":"#0"}}},{"from":[7.425,7.04283,4.09467],"to":[8.575,8.19283,6.09467],"rotation":{"angle":0,"axis":"x","origin":[8,8.11783,6.09467]},"faces":{"north":{"uv":[8,10.66667,9.66667,12.33333],"texture":"#0"},"east":{"uv":[5.33333,5.33333,8,7],"texture":"#0"},"south":{"uv":[10.66667,8,12.33333,9.66667],"texture":"#0"},"west":{"uv":[0,6.66667,2.66667,8.33333],"texture":"#0"},"up":{"uv":[8.33333,2.66667,6.66667,0],"texture":"#0"},"down":{"uv":[9.66667,2.66667,8,5.33333],"texture":"#0"}}},{"from":[7.3,6.86783,9.14467],"to":[8.7,8.36783,10.64467],"rotation":{"angle":-45,"axis":"x","origin":[8,7.61783,9.89467]},"faces":{"north":{"uv":[5.33333,8,7.33333,10],"texture":"#0"},"east":{"uv":[8,5.33333,10,7.33333],"texture":"#0"},"south":{"uv":[8,8,10,10],"texture":"#0"},"west":{"uv":[0,9.33333,2,11.33333],"texture":"#0"},"up":{"uv":[11.33333,2,9.33333,0],"texture":"#0"},"down":{"uv":[4.66667,9.33333,2.66667,11.33333],"texture":"#0"}}},{"from":[7.75,6.04283,4.29467],"to":[8.25,7.04283,4.99467],"rotation":{"angle":0,"axis":"y","origin":[8.25,6.54283,4.79467]},"faces":{"north":{"uv":[0,12,0.66667,13.33333],"texture":"#0"},"east":{"uv":[6.66667,4,7.66667,5.33333],"texture":"#0"},"south":{"uv":[12,0,12.66667,1.33333],"texture":"#0"},"west":{"uv":[10.66667,10.66667,11.66667,12],"texture":"#0"},"down":{"uv":[2,12,1.33333,13],"texture":"#0"}}},{"from":[7.75,6.04283,5.19467],"to":[8.25,7.04283,5.89467],"rotation":{"angle":0,"axis":"y","origin":[8.25,6.54283,5.69467]},"faces":{"north":{"uv":[0,12,0.66667,13.33333],"texture":"#0"},"east":{"uv":[6.66667,4,7.66667,5.33333],"texture":"#0"},"south":{"uv":[12,0,12.66667,1.33333],"texture":"#0"},"west":{"uv":[10.66667,10.66667,11.66667,12],"texture":"#0"},"down":{"uv":[2,12,1.33333,13],"texture":"#0"}}},{"from":[7.39497,7.95717,9.7997],"to":[7.39497,10.95717,12.7997],"rotation":{"angle":-45,"axis":"y","origin":[6.9,6.89651,10.29467]},"faces":{"north":{"uv":[0,0,0,4],"texture":"#0"},"east":{"uv":[4,0,0,4],"texture":"#0"},"south":{"uv":[0,0,0,4],"texture":"#0"},"west":{"uv":[0,0,4,4],"texture":"#0"},"up":{"uv":[0,4,0,0],"texture":"#0"},"down":{"uv":[0,0,0,4],"texture":"#0"}}},{"from":[8.60503,7.95717,9.7997],"to":[8.60503,10.95717,12.7997],"rotation":{"angle":45,"axis":"y","origin":[9.1,6.89651,10.29467]},"faces":{"north":{"uv":[0,0,0,4],"texture":"#0"},"east":{"uv":[4,0,0,4],"texture":"#0"},"south":{"uv":[0,0,0,4],"texture":"#0"},"west":{"uv":[0,0,4,4],"texture":"#0"},"up":{"uv":[0,4,0,0],"texture":"#0"},"down":{"uv":[0,0,0,4],"texture":"#0"}}}],"gui_light":"front","display":{"thirdperson_righthand":{"rotation":[70,0,0],"translation":[0,2.5,0]},"thirdperson_lefthand":{"rotation":[70,0,0],"translation":[0,2.5,0]},"firstperson_righthand":{"rotation":[60,0,0],"translation":[-5.5,7.25,6.5]},"firstperson_lefthand":{"rotation":[60,0,0],"translation":[-5.5,7.25,6.5]},"ground":{"rotation":[45,0,0],"translation":[0,4.75,0],"scale":[1.6582,1.6582,1.6582]},"gui":{"rotation":[90,-45,90],"translation":[1,0.5,0],"scale":[1.95898,1.95898,1.95898]},"head":{"scale":[0,0,0]},"fixed":{"rotation":[90,-45,90],"translation":[-2.25,-0.5,-0.75],"scale":[2.63086,2.63086,2.63086]}}}