{"credit":"MadebyPolygonMC","texture_size":[20,20],"textures":{"0":"unicornfantasyset:animation_1","1":"unicornfantasyset:animation_2","2":"unicornfantasyset:shield","particle":"unicornfantasyset:animation_1"},"elements":[{"from":[7.4,3.33501,8.7625],"to":[8.6,4.53501,9.9625],"rotation":{"angle":-45,"axis":"x","origin":[8,3.93501,9.3625]},"faces":{"north":{"uv":[10.4,0.8,11.4,1.8],"texture":"#2"},"east":{"uv":[2.4,10.4,3.4,11.4],"texture":"#2"},"south":{"uv":[10.4,9.6,11.4,10.6],"texture":"#2"},"west":{"uv":[0.8,11.2,1.8,12.2],"texture":"#2"},"up":{"uv":[5,12.2,4,11.2],"texture":"#2"},"down":{"uv":[12.2,4.8,11.2,5.8],"texture":"#2"}}},{"from":[7.15,8.88501,6.1375],"to":[8.85,10.58501,7.1375],"rotation":{"angle":-45,"axis":"z","origin":[8,9.73501,6.6375]},"faces":{"north":{"uv":[8.8,0,10.2,1.4],"texture":"#2"},"east":{"uv":[9.6,9.6,10.4,11],"texture":"#2"},"south":{"uv":[8.8,1.6,10.2,3],"texture":"#2"},"west":{"uv":[0,10.4,0.8,11.8],"texture":"#2"},"up":{"uv":[11.8,0.8,10.4,0],"texture":"#2"},"down":{"uv":[2.2,10.4,0.8,11.2],"texture":"#2"}}},{"from":[7.15,4.68501,6.3875],"to":[8.85,9.38501,6.8875],"rotation":{"angle":0,"axis":"z","origin":[8,8.53501,6.6375]},"faces":{"north":{"uv":[6.4,0,7.8,3.8],"texture":"#2"},"east":{"uv":[8.8,3.2,9.2,7],"texture":"#2"},"south":{"uv":[6.4,0,7.8,3.8],"texture":"#2"},"west":{"uv":[8.8,7.2,9.2,11],"texture":"#2"},"down":{"uv":[13.4,12.8,12,13.2],"texture":"#2"}}},{"from":[7.65,4.18856,6.3825],"to":[8.85,5.38856,6.8925],"rotation":{"angle":-45,"axis":"z","origin":[8,5.03856,6.6575]},"faces":{"north":{"uv":[8.8,11.2,9.8,12.2],"texture":"#2"},"east":{"uv":[13.6,4,14,5],"texture":"#2"},"south":{"uv":[10.4,11.2,11.4,12.2],"texture":"#2"},"west":{"uv":[4.8,13.6,5.2,14.6],"texture":"#2"},"up":{"uv":[14.6,6,13.6,5.6],"texture":"#2"},"down":{"uv":[14.6,6.4,13.6,6.8],"texture":"#2"}}},{"from":[7.35,9.08501,5.9375],"to":[8.65,10.38501,7.3375],"rotation":{"angle":-45,"axis":"z","origin":[8,9.73501,6.6375]},"faces":{"north":{"uv":[11.2,6.4,12.2,7.4],"texture":"#2"},"east":{"uv":[4.8,9.6,6,10.6],"texture":"#2"},"south":{"uv":[11.2,8,12.2,9],"texture":"#2"},"west":{"uv":[9.6,4.8,10.8,5.8],"texture":"#2"},"up":{"uv":[10.6,7.6,9.6,6.4],"texture":"#2"},"down":{"uv":[10.6,8,9.6,9.2],"texture":"#2"}}},{"from":[7.5,4.23501,8.8625],"to":[8.5,5.23501,9.8625],"rotation":{"angle":0,"axis":"y","origin":[8,4.73501,9.3625]},"faces":{"north":{"uv":[4,10.4,4.8,11.2],"texture":"#2"},"east":{"uv":[12.8,2.4,13.6,3.2],"texture":"#2"},"south":{"uv":[4.8,12.8,5.6,13.6],"texture":"#2"},"west":{"uv":[12.8,4.8,13.6,5.6],"texture":"#2"},"up":{"uv":[6.4,13.6,5.6,12.8],"texture":"#2"},"down":{"uv":[13.6,5.6,12.8,6.4],"texture":"#2"}}},{"from":[7.5,7.23501,8.8625],"to":[8.5,8.23501,9.8625],"rotation":{"angle":0,"axis":"y","origin":[8,7.73501,9.3625]},"faces":{"north":{"uv":[12.8,6.4,13.6,7.2],"texture":"#2"},"east":{"uv":[12.8,7.2,13.6,8],"texture":"#2"},"south":{"uv":[8,12.8,8.8,13.6],"texture":"#2"},"west":{"uv":[12.8,8,13.6,8.8],"texture":"#2"},"up":{"uv":[9.6,13.6,8.8,12.8],"texture":"#2"},"down":{"uv":[13.6,8.8,12.8,9.6],"texture":"#2"}}},{"from":[7.6,5.23501,8.9625],"to":[8.4,7.23501,9.7625],"rotation":{"angle":0,"axis":"y","origin":[8,5.73501,9.3625]},"faces":{"north":{"uv":[5.6,11.2,6.2,12.8],"texture":"#2"},"east":{"uv":[0,12,0.6,13.6],"texture":"#2"},"south":{"uv":[12,0,12.6,1.6],"texture":"#2"},"west":{"uv":[12,1.6,12.6,3.2],"texture":"#2"}}},{"from":[7.6,9.33501,6.8625],"to":[8.4,10.13501,8.8625],"rotation":{"angle":0,"axis":"x","origin":[8,9.73501,8.3625]},"faces":{"east":{"uv":[1.6,12.8,3.2,13.4],"texture":"#2"},"west":{"uv":[12.8,1.6,14.4,2.2],"texture":"#2"},"up":{"uv":[3.8,14.4,3.2,12.8],"texture":"#2"},"down":{"uv":[4.6,12.8,4,14.4],"texture":"#2"}}},{"from":[7.6,4.33501,6.8625],"to":[8.4,5.13501,8.8625],"rotation":{"angle":0,"axis":"x","origin":[8,9.73501,8.3625]},"faces":{"east":{"uv":[1.6,12.8,3.2,13.4],"texture":"#2"},"west":{"uv":[12.8,1.6,14.4,2.2],"texture":"#2"},"up":{"uv":[3.8,14.4,3.2,12.8],"texture":"#2"},"down":{"uv":[4.6,12.8,4,14.4],"texture":"#2"}}},{"from":[7.6,8.23501,8.9625],"to":[8.4,9.23501,9.7625],"rotation":{"angle":0,"axis":"y","origin":[8,8.73501,9.3625]},"faces":{"north":{"uv":[12.8,12,13.4,12.8],"texture":"#2"},"east":{"uv":[0,13.6,0.6,14.4],"texture":"#2"},"south":{"uv":[13.6,0,14.2,0.8],"texture":"#2"},"west":{"uv":[13.6,0.8,14.2,1.6],"texture":"#2"}}},{"from":[5.19865,3.52496,6.2625],"to":[5.94865,11.52496,7.0125],"rotation":{"angle":0,"axis":"z","origin":[6.37365,10.72496,6.6375]},"faces":{"north":{"uv":[8.6,0,8,6.4],"texture":"#2"},"east":{"uv":[7.8,8,7.2,14.4],"texture":"#2"},"south":{"uv":[8,0,8.6,6.4],"texture":"#2"},"west":{"uv":[7,8,6.4,14.4],"texture":"#2"},"down":{"uv":[8,13.6,8.6,14.2],"texture":"#2"}}},{"from":[5.80325,2.06534,6.265],"to":[6.50325,4.06534,7.01],"rotation":{"angle":45,"axis":"z","origin":[6.15325,3.06534,6.615]},"faces":{"north":{"uv":[12.6,9.6,12,11.2],"texture":"#2"},"east":{"uv":[1.4,12.8,0.8,14.4],"texture":"#2"},"south":{"uv":[12,9.6,12.6,11.2],"texture":"#2"},"west":{"uv":[12.6,11.2,12,12.8],"texture":"#2"},"up":{"uv":[13.6,8.6,14.2,8],"texture":"#2"},"down":{"uv":[8.8,13.6,9.4,14.2],"texture":"#2"}}},{"from":[9.49675,2.06534,6.265],"to":[10.19675,4.06534,7.01],"rotation":{"angle":-45,"axis":"z","origin":[9.84675,3.06534,6.615]},"faces":{"north":{"uv":[12,9.6,12.6,11.2],"texture":"#2"},"east":{"uv":[12,11.2,12.6,12.8],"texture":"#2"},"south":{"uv":[12.6,9.6,12,11.2],"texture":"#2"},"west":{"uv":[0.8,12.8,1.4,14.4],"texture":"#2"},"up":{"uv":[14.2,8.6,13.6,8],"texture":"#2"},"down":{"uv":[9.4,13.6,8.8,14.2],"texture":"#2"}}},{"from":[10.05135,3.52496,6.2625],"to":[10.80135,11.52496,7.0125],"rotation":{"angle":0,"axis":"z","origin":[9.62635,10.72496,6.6375]},"faces":{"north":{"uv":[8,0,8.6,6.4],"texture":"#2"},"east":{"uv":[6.4,8,7,14.4],"texture":"#2"},"south":{"uv":[8.6,0,8,6.4],"texture":"#2"},"west":{"uv":[7.2,8,7.8,14.4],"texture":"#2"},"down":{"uv":[8.6,13.6,8,14.2],"texture":"#2"}}},{"from":[7.36716,12.38666,6.2375],"to":[8.11716,13.38666,7.0375],"rotation":{"angle":45,"axis":"z","origin":[7.71716,12.38666,6.6375]},"faces":{"north":{"uv":[2.2,13.6,1.6,14.4],"texture":"#2"},"east":{"uv":[14.2,3.2,13.6,4],"texture":"#2"},"south":{"uv":[1.6,13.6,2.2,14.4],"texture":"#2"},"west":{"uv":[3,13.6,2.4,14.4],"texture":"#2"}}},{"from":[5.19185,12.92054,6.2375],"to":[7.19185,13.67054,7.0375],"rotation":{"angle":45,"axis":"z","origin":[6.69185,13.27054,6.6375]},"faces":{"north":{"uv":[12,2.4,10.4,3],"texture":"#2"},"east":{"uv":[14.2,7.2,13.6,7.8],"texture":"#2"},"south":{"uv":[10.4,2.4,12,3],"texture":"#2"},"up":{"uv":[12,3.8,13.6,3.2],"texture":"#2"},"down":{"uv":[12,4,13.6,4.6],"texture":"#2"}}},{"from":[4.40901,10.42496,6.2375],"to":[7.40901,11.22496,7.0375],"rotation":{"angle":-45,"axis":"z","origin":[6.40901,10.72496,6.6375]},"faces":{"north":{"uv":[2.4,9.6,0,10.2],"texture":"#2"},"south":{"uv":[0,9.6,2.4,10.2],"texture":"#2"},"west":{"uv":[6.2,13.6,5.6,14.2],"texture":"#2"},"up":{"uv":[9.6,3.8,12,3.2],"texture":"#2"},"down":{"uv":[9.6,4,12,4.6],"texture":"#2"}}},{"from":[7.88284,12.38666,6.2375],"to":[8.63284,13.38666,7.0375],"rotation":{"angle":-45,"axis":"z","origin":[8.28284,12.38666,6.6375]},"faces":{"north":{"uv":[1.6,13.6,2.2,14.4],"texture":"#2"},"east":{"uv":[2.4,13.6,3,14.4],"texture":"#2"},"south":{"uv":[2.2,13.6,1.6,14.4],"texture":"#2"},"west":{"uv":[13.6,3.2,14.2,4],"texture":"#2"}}},{"from":[8.80815,12.92054,6.2375],"to":[10.80815,13.67054,7.0375],"rotation":{"angle":-45,"axis":"z","origin":[9.30815,13.27054,6.6375]},"faces":{"north":{"uv":[10.4,2.4,12,3],"texture":"#2"},"south":{"uv":[12,2.4,10.4,3],"texture":"#2"},"west":{"uv":[13.6,7.2,14.2,7.8],"texture":"#2"},"up":{"uv":[13.6,3.8,12,3.2],"texture":"#2"},"down":{"uv":[13.6,4,12,4.6],"texture":"#2"}}},{"from":[8.59099,10.42496,6.2375],"to":[11.59099,11.22496,7.0375],"rotation":{"angle":45,"axis":"z","origin":[9.59099,10.72496,6.6375]},"faces":{"north":{"uv":[0,9.6,2.4,10.2],"texture":"#2"},"east":{"uv":[5.6,13.6,6.2,14.2],"texture":"#2"},"south":{"uv":[2.4,9.6,0,10.2],"texture":"#2"},"up":{"uv":[12,3.8,9.6,3.2],"texture":"#2"},"down":{"uv":[12,4,9.6,4.6],"texture":"#2"}}},{"from":[7.88284,11.63666,6.2375],"to":[8.63284,12.38666,7.0375],"rotation":{"angle":-45,"axis":"z","origin":[8.28284,12.38666,6.6375]},"faces":{"north":{"uv":[13.6,8.8,14.2,9.4],"texture":"#2"},"east":{"uv":[9.6,13.6,10.2,14.2],"texture":"#2"},"south":{"uv":[13.6,8.8,14.2,9.4],"rotation":270,"texture":"#2"},"down":{"uv":[9.6,14.2,10.2,13.6],"rotation":90,"texture":"#2"}}},{"from":[7.5,9.23501,8.8625],"to":[8.5,10.23501,9.8625],"rotation":{"angle":0,"axis":"y","origin":[7.1,7.03501,8.4625]},"faces":{"north":{"uv":[9.6,12.8,10.4,13.6],"texture":"#2"},"east":{"uv":[12.8,9.6,13.6,10.4],"texture":"#2"},"south":{"uv":[10.4,12.8,11.2,13.6],"texture":"#2"},"west":{"uv":[12.8,10.4,13.6,11.2],"texture":"#2"},"up":{"uv":[12,13.6,11.2,12.8],"texture":"#2"},"down":{"uv":[13.6,11.2,12.8,12],"texture":"#2"}}},{"from":[5,0.83501,6.6375],"to":[11,12.83501,6.6375],"rotation":{"angle":0,"axis":"y","origin":[5,1.73501,-1.3625]},"faces":{"north":{"uv":[0,0,4.8,9.6],"texture":"#2"},"east":{"uv":[0,0,0,9.6],"texture":"#2"},"south":{"uv":[0,0,4.8,9.6],"texture":"#2"},"west":{"uv":[0,0,0,9.6],"texture":"#2"},"up":{"uv":[4.8,0,0,0],"texture":"#2"},"down":{"uv":[4.8,0,0,0],"texture":"#2"}}},{"from":[10.92388,0.83501,7.02018],"to":[12.92388,12.83501,7.02018],"rotation":{"angle":-22.5,"axis":"y","origin":[11.92388,7.33501,7.02018]},"faces":{"north":{"uv":[4.8,0,6.4,9.6],"texture":"#2"},"east":{"uv":[0,0,0,9.6],"texture":"#2"},"south":{"uv":[6.4,0,4.8,9.6],"texture":"#2"},"west":{"uv":[0,0,0,9.6],"texture":"#2"},"up":{"uv":[1.6,0,0,0],"texture":"#2"},"down":{"uv":[1.6,0,0,0],"texture":"#2"}}},{"from":[3.07612,0.83501,7.02018],"to":[5.07612,12.83501,7.02018],"rotation":{"angle":22.5,"axis":"y","origin":[4.07612,7.33501,7.02018]},"faces":{"north":{"uv":[6.4,0,4.8,9.6],"texture":"#2"},"east":{"uv":[0,0,0,9.6],"texture":"#2"},"south":{"uv":[4.8,0,6.4,9.6],"texture":"#2"},"west":{"uv":[0,0,0,9.6],"texture":"#2"},"up":{"uv":[0,0,1.6,0],"texture":"#2"},"down":{"uv":[0,0,1.6,0],"texture":"#2"}}},{"from":[9.1,2.1,6.5],"to":[15.1,12.1,6.5],"rotation":{"angle":0,"axis":"z","origin":[12.1,7.1,6.5]},"faces":{"north":{"uv":[0,0,13.33333,8],"rotation":270,"texture":"#0"},"east":{"uv":[0,13.33333,0,0],"rotation":180,"texture":"#0"},"west":{"uv":[0,0,0,13.33333],"texture":"#0"},"up":{"uv":[0,0,0,8],"rotation":90,"texture":"#0"},"down":{"uv":[0,0,0,8],"rotation":90,"texture":"#0"}}},{"from":[0.9,2.1,6.5],"to":[6.9,12.1,6.5],"rotation":{"angle":0,"axis":"z","origin":[3.9,7.1,6.5]},"faces":{"north":{"uv":[0,8,13.33333,0],"rotation":270,"texture":"#0"},"east":{"uv":[0,0,0,13.33333],"texture":"#0"},"west":{"uv":[0,13.33333,0,0],"rotation":180,"texture":"#0"},"up":{"uv":[0,8,0,0],"rotation":90,"texture":"#0"},"down":{"uv":[0,8,0,0],"rotation":90,"texture":"#0"}}},{"from":[5.9,7.8,5.8],"to":[10.1,12,5.8],"rotation":{"angle":0,"axis":"y","origin":[3,10.4,5.8]},"faces":{"north":{"uv":[0,0,8.50417,8.50417],"texture":"#1"},"east":{"uv":[0,0,0,5.66667],"texture":"#1"},"west":{"uv":[0,0,0,5.66667],"texture":"#1"},"up":{"uv":[0,5.66667,0,0],"rotation":90,"texture":"#1"},"down":{"uv":[0,0,0,5.66667],"rotation":270,"texture":"#1"}}},{"from":[3.3,2.8,6.1],"to":[6.5,6,6.1],"rotation":{"angle":22.5,"axis":"z","origin":[5.4,4.4,6.1]},"faces":{"north":{"uv":[9.5,0,16,6.50833],"texture":"#1"},"east":{"uv":[0,0,0,4.33333],"texture":"#1"},"west":{"uv":[0,0,0,4.33333],"texture":"#1"},"up":{"uv":[0,4.33333,0,0],"rotation":90,"texture":"#1"},"down":{"uv":[0,0,0,4.33333],"rotation":270,"texture":"#1"}}},{"from":[9.5,2.8,6.1],"to":[12.7,6,6.1],"rotation":{"angle":-22.5,"axis":"z","origin":[10.6,4.4,6.1]},"faces":{"north":{"uv":[16,0,9.5,6.50833],"texture":"#1"},"east":{"uv":[0,0,0,4.33333],"texture":"#1"},"west":{"uv":[0,0,0,4.33333],"texture":"#1"},"up":{"uv":[0,0,0,4.33333],"rotation":90,"texture":"#1"},"down":{"uv":[0,4.33333,0,0],"rotation":270,"texture":"#1"}}},{"from":[4.1,10.8,5.8],"to":[6.3,13,5.8],"rotation":{"angle":22.5,"axis":"z","origin":[5.2,11.9,5.8]},"faces":{"north":{"uv":[0,9,4.5,13.5],"texture":"#1"},"east":{"uv":[0,0,0,3],"texture":"#1"},"west":{"uv":[0,0,0,3],"texture":"#1"},"up":{"uv":[0,3,0,0],"rotation":90,"texture":"#1"},"down":{"uv":[0,0,0,3],"rotation":270,"texture":"#1"}}},{"from":[9.7,10.8,5.8],"to":[11.9,13,5.8],"rotation":{"angle":-22.5,"axis":"z","origin":[10.8,11.9,5.8]},"faces":{"north":{"uv":[4.5,9,0,13.5],"texture":"#1"},"east":{"uv":[0,0,0,3],"texture":"#1"},"west":{"uv":[0,0,0,3],"texture":"#1"},"up":{"uv":[0,0,0,3],"rotation":90,"texture":"#1"},"down":{"uv":[0,3,0,0],"rotation":270,"texture":"#1"}}}],"gui_light":"front","display":{"thirdperson_righthand":{"rotation":[0,-90,0],"translation":[2.5,-1,1.5],"scale":[1.37305,1.37305,1.37305]},"thirdperson_lefthand":{"rotation":[0,-90,0],"translation":[2.5,-1,1.5],"scale":[1.37305,1.37305,1.37305]},"firstperson_righthand":{"rotation":[0,0,14],"translation":[-3.5,3.75,5.5]},"firstperson_lefthand":{"rotation":[0,0,14],"translation":[-3.5,3.75,5.5]},"ground":{"rotation":[65,0,0],"translation":[-1,2.25,0.5],"scale":[1.22656,1.22656,1.22656]},"gui":{"rotation":[0,180,0],"translation":[0.25,1,0],"scale":[1.25781,1.25781,1.25781]},"head":{"scale":[0,0,0]},"fixed":{"translation":[0,2.5,-1.75],"scale":[2.43945,2.43945,2.43945]}}}