{"credit":"MadebyPolygonMC","textures":{"0":"unicornfantasyset:animation_1","1":"unicornfantasyset:animation_2","2":"unicornfantasyset:staff","particle":"unicornfantasyset:animation_1"},"elements":[{"from":[7.4,-0.1,7.4],"to":[8.6,1.1,8.6],"rotation":{"angle":-45,"axis":"x","origin":[8,0.5,8]},"faces":{"north":{"uv":[5,8,6.25,9.25],"texture":"#2"},"east":{"uv":[8,6,9.25,7.25],"texture":"#2"},"south":{"uv":[7,8,8.25,9.25],"texture":"#2"},"west":{"uv":[9,0,10.25,1.25],"texture":"#2"},"up":{"uv":[2.25,10.25,1,9],"texture":"#2"},"down":{"uv":[10.25,2,9,3.25],"texture":"#2"}}},{"from":[7.5,13.65,7.15],"to":[8.5,15.35,8.85],"rotation":{"angle":-45,"axis":"x","origin":[8,14.5,8]},"faces":{"north":{"uv":[3,6,4,7.75],"texture":"#2"},"east":{"uv":[2,4,3.75,5.75],"texture":"#2"},"south":{"uv":[3,8,4,9.75],"texture":"#2"},"west":{"uv":[4,2,5.75,3.75],"texture":"#2"},"up":{"uv":[5,9.75,4,8],"texture":"#2"},"down":{"uv":[9,4,8,5.75],"texture":"#2"}}},{"from":[7.3,13.85,7.35],"to":[8.7,15.15,8.65],"rotation":{"angle":-45,"axis":"x","origin":[8,14.5,8]},"faces":{"north":{"uv":[6,4,7.5,5.25],"texture":"#2"},"east":{"uv":[9,4,10.25,5.25],"texture":"#2"},"south":{"uv":[6,6,7.5,7.25],"texture":"#2"},"west":{"uv":[9,8,10.25,9.25],"texture":"#2"},"up":{"uv":[8.5,1.25,7,0],"texture":"#2"},"down":{"uv":[8.5,2,7,3.25],"texture":"#2"}}},{"from":[7.5,0.8,7.5],"to":[8.5,1.8,8.5],"rotation":{"angle":0,"axis":"y","origin":[8,1.3,8]},"faces":{"north":{"uv":[10,7,11,8],"texture":"#2"},"east":{"uv":[11,2,12,3],"texture":"#2"},"south":{"uv":[11,3,12,4],"texture":"#2"},"west":{"uv":[11,4,12,5],"texture":"#2"},"up":{"uv":[12,6,11,5],"texture":"#2"},"down":{"uv":[7,11,6,12],"texture":"#2"}}},{"from":[7.5,3.8,7.5],"to":[8.5,4.8,8.5],"rotation":{"angle":0,"axis":"y","origin":[8,4.3,8]},"faces":{"north":{"uv":[7,11,8,12],"texture":"#2"},"east":{"uv":[11,7,12,8],"texture":"#2"},"south":{"uv":[11,8,12,9],"texture":"#2"},"west":{"uv":[11,9,12,10],"texture":"#2"},"up":{"uv":[12,11,11,10],"texture":"#2"},"down":{"uv":[12,11,11,12],"texture":"#2"}}},{"from":[7.6,1.8,7.6],"to":[8.4,3.8,8.4],"rotation":{"angle":0,"axis":"y","origin":[8,2.3,8]},"faces":{"north":{"uv":[0,10,0.75,12],"texture":"#2"},"east":{"uv":[3,10,3.75,12],"texture":"#2"},"south":{"uv":[4,10,4.75,12],"texture":"#2"},"west":{"uv":[5,10,5.75,12],"texture":"#2"}}},{"from":[7.8,15.18995,5.37365],"to":[8.2,15.98995,7.37365],"rotation":{"angle":45,"axis":"x","origin":[8,15.48995,6.37365]},"faces":{"north":{"uv":[13,0,13.5,0.75],"texture":"#2"},"east":{"uv":[6,10,8,10.75],"texture":"#2"},"south":{"uv":[13,1,13.5,1.75],"texture":"#2"},"west":{"uv":[10,6,12,6.75],"texture":"#2"},"up":{"uv":[0.5,14,0,12],"texture":"#2"},"down":{"uv":[12.5,0,12,2],"texture":"#2"}}},{"from":[7.8,18.7435,6.08431],"to":[8.2,19.5435,7.08431],"rotation":{"angle":-45,"axis":"x","origin":[8,19.0435,7.08431]},"faces":{"north":{"uv":[13,3,13.5,3.75],"texture":"#2"},"east":{"uv":[12,10,13,10.75],"texture":"#2"},"south":{"uv":[4,13,4.5,13.75],"texture":"#2"},"west":{"uv":[11,12,12,12.75],"texture":"#2"},"up":{"uv":[12.5,12,12,11],"texture":"#2"},"down":{"uv":[12.5,12,12,13],"texture":"#2"}}},{"from":[7.8025,15.68995,6.02365],"to":[8.1975,18.68995,6.82365],"rotation":{"angle":0,"axis":"x","origin":[8.0025,16.68995,6.34865]},"faces":{"north":{"uv":[1,11,1.5,14],"texture":"#2"},"east":{"uv":[1,6,1.75,9],"texture":"#2"},"south":{"uv":[2,11,2.5,14],"texture":"#2"},"west":{"uv":[2,6,2.75,9],"texture":"#2"},"up":{"uv":[13.5,2.75,13,2],"texture":"#2"},"down":{"uv":[3.5,13,3,13.75],"texture":"#2"}}},{"from":[7.8,15.18995,8.62635],"to":[8.2,15.98995,10.62635],"rotation":{"angle":-45,"axis":"x","origin":[8,15.48995,9.62635]},"faces":{"north":{"uv":[13.5,1,13,1.75],"texture":"#2"},"east":{"uv":[8,10,6,10.75],"texture":"#2"},"south":{"uv":[13.5,0,13,0.75],"texture":"#2"},"west":{"uv":[12,6,10,6.75],"texture":"#2"},"up":{"uv":[0.5,12,0,14],"texture":"#2"},"down":{"uv":[12.5,2,12,0],"texture":"#2"}}},{"from":[7.8025,15.68995,9.17635],"to":[8.1975,18.68995,9.97635],"rotation":{"angle":0,"axis":"x","origin":[8.0025,16.68995,9.65135]},"faces":{"north":{"uv":[2.5,11,2,14],"texture":"#2"},"east":{"uv":[1.75,6,1,9],"texture":"#2"},"south":{"uv":[1.5,11,1,14],"texture":"#2"},"west":{"uv":[2.75,6,2,9],"texture":"#2"},"up":{"uv":[13.5,2,13,2.75],"texture":"#2"},"down":{"uv":[3.5,13.75,3,13],"texture":"#2"}}},{"from":[7.8,18.7435,8.91569],"to":[8.2,19.5435,9.91569],"rotation":{"angle":45,"axis":"x","origin":[8,19.0435,8.91569]},"faces":{"north":{"uv":[4.5,13,4,13.75],"texture":"#2"},"east":{"uv":[13,10,12,10.75],"texture":"#2"},"south":{"uv":[13.5,3,13,3.75],"texture":"#2"},"west":{"uv":[12,12,11,12.75],"texture":"#2"},"up":{"uv":[12.5,11,12,12],"texture":"#2"},"down":{"uv":[12.5,13,12,12],"texture":"#2"}}},{"from":[7.6,4.8,7.6],"to":[8.4,5.8,8.4],"rotation":{"angle":0,"axis":"y","origin":[8,5.3,8]},"faces":{"north":{"uv":[12,8,12.75,9],"texture":"#2"},"east":{"uv":[9,12,9.75,13],"texture":"#2"},"south":{"uv":[12,9,12.75,10],"texture":"#2"},"west":{"uv":[10,12,10.75,13],"texture":"#2"}}},{"from":[7.6,11.8,7.6],"to":[8.4,13.8,8.4],"rotation":{"angle":0,"axis":"y","origin":[8,10.3,8]},"faces":{"north":{"uv":[8,10,8.75,12],"texture":"#2"},"east":{"uv":[9,10,9.75,12],"texture":"#2"},"south":{"uv":[10,10,10.75,12],"texture":"#2"},"west":{"uv":[11,0,11.75,2],"texture":"#2"}}},{"from":[7.5,5.8,7.5],"to":[8.5,6.8,8.5],"rotation":{"angle":0,"axis":"y","origin":[7.1,3.6,7.1]},"faces":{"north":{"uv":[12,2,13,3],"texture":"#2"},"east":{"uv":[3,12,4,13],"texture":"#2"},"south":{"uv":[12,3,13,4],"texture":"#2"},"west":{"uv":[4,12,5,13],"texture":"#2"},"up":{"uv":[13,5,12,4],"texture":"#2"},"down":{"uv":[6,12,5,13],"texture":"#2"}}},{"from":[7.5,10.8,7.5],"to":[8.5,11.8,8.5],"rotation":{"angle":0,"axis":"y","origin":[7.1,8.6,7.1]},"faces":{"north":{"uv":[12,5,13,6],"texture":"#2"},"east":{"uv":[6,12,7,13],"texture":"#2"},"south":{"uv":[12,6,13,7],"texture":"#2"},"west":{"uv":[7,12,8,13],"texture":"#2"},"up":{"uv":[13,8,12,7],"texture":"#2"},"down":{"uv":[9,12,8,13],"texture":"#2"}}},{"from":[7.6,6.8,7.6],"to":[8.4,10.8,8.4],"rotation":{"angle":0,"axis":"y","origin":[7,5.6,7]},"faces":{"north":{"uv":[6.75,0,6,4],"texture":"#2"},"east":{"uv":[6,0,6.75,4],"texture":"#2"},"south":{"uv":[6.75,0,6,4],"texture":"#2"},"west":{"uv":[6,0,6.75,4],"texture":"#2"}}},{"from":[7,16.3,7],"to":[9,18.3,9],"rotation":{"angle":45,"axis":"x","origin":[8,17.3,8]},"faces":{"north":{"uv":[2,2,4,4],"texture":"#2"},"east":{"uv":[2,2,4,4],"texture":"#2"},"south":{"uv":[2,2,4,4],"texture":"#2"},"west":{"uv":[2,2,4,4],"texture":"#2"},"up":{"uv":[4,4,2,2],"texture":"#2"},"down":{"uv":[4,2,2,4],"texture":"#2"}}},{"from":[8,12.4,2],"to":[8,22.4,8],"rotation":{"angle":0,"axis":"x","origin":[8,17.4,5]},"faces":{"north":{"uv":[0,13.33333,0,0],"rotation":180,"texture":"#0"},"east":{"uv":[13.33333,0,0,8],"rotation":90,"texture":"#0"},"south":{"uv":[0,0,0,13.33333],"texture":"#0"},"west":{"uv":[0,0,13.33333,8],"rotation":270,"texture":"#0"},"up":{"uv":[0,0,0,8],"texture":"#0"},"down":{"uv":[0,0,0,8],"rotation":180,"texture":"#0"}}},{"from":[8,12.4,8],"to":[8,22.4,14],"rotation":{"angle":0,"axis":"x","origin":[8,17.4,11]},"faces":{"north":{"uv":[0,0,0,13.33333],"texture":"#0"},"east":{"uv":[13.33333,8,0,0],"rotation":90,"texture":"#0"},"south":{"uv":[0,13.33333,0,0],"rotation":180,"texture":"#0"},"west":{"uv":[0,8,13.33333,0],"rotation":270,"texture":"#0"},"up":{"uv":[0,8,0,0],"texture":"#0"},"down":{"uv":[0,8,0,0],"rotation":180,"texture":"#0"}}},{"from":[7.3,13.7,8.9],"to":[7.3,16.9,12.1],"rotation":{"angle":22.5,"axis":"x","origin":[7.3,15.3,10.5]},"faces":{"north":{"uv":[0,0,0,4.33333],"texture":"#1"},"south":{"uv":[0,0,0,4.33333],"texture":"#1"},"west":{"uv":[9.5,0,16,6.50833],"texture":"#1"},"up":{"uv":[0,4.33333,0,0],"texture":"#1"},"down":{"uv":[0,0,0,4.33333],"texture":"#1"}}},{"from":[7.3,16.6,4.1],"to":[7.3,18.8,6.3],"rotation":{"angle":-22.5,"axis":"x","origin":[7.3,17.7,5.2]},"faces":{"north":{"uv":[0,0,0,3],"texture":"#1"},"south":{"uv":[0,0,0,3],"texture":"#1"},"west":{"uv":[0,9,4.5,13.5],"texture":"#1"},"up":{"uv":[0,3,0,0],"texture":"#1"},"down":{"uv":[0,0,0,3],"texture":"#1"}}},{"from":[8.7,16.6,4.1],"to":[8.7,18.8,6.3],"rotation":{"angle":-22.5,"axis":"x","origin":[8.7,17.7,5.2]},"faces":{"north":{"uv":[0,0,0,3],"texture":"#1"},"east":{"uv":[4.5,9,0,13.5],"texture":"#1"},"south":{"uv":[0,0,0,3],"texture":"#1"},"up":{"uv":[0,3,0,0],"texture":"#1"},"down":{"uv":[0,0,0,3],"texture":"#1"}}},{"from":[8.7,13.7,8.9],"to":[8.7,16.9,12.1],"rotation":{"angle":22.5,"axis":"x","origin":[8.7,15.3,10.5]},"faces":{"north":{"uv":[0,0,0,4.33333],"texture":"#1"},"east":{"uv":[16,0,9.5,6.50833],"texture":"#1"},"south":{"uv":[0,0,0,4.33333],"texture":"#1"},"up":{"uv":[0,4.33333,0,0],"texture":"#1"},"down":{"uv":[0,0,0,4.33333],"texture":"#1"}}}],"gui_light":"front","display":{"thirdperson_righthand":{"translation":[0,2.25,2]},"thirdperson_lefthand":{"translation":[0,2.25,2]},"firstperson_righthand":{"rotation":[-10,0,0],"translation":[-4,5.75,5]},"firstperson_lefthand":{"rotation":[-10,0,0],"translation":[-4,5.75,5]},"ground":{"rotation":[180,0,90],"translation":[-0.5,0.75,0]},"gui":{"rotation":[90,-135,90],"translation":[-0.25,-0.75,0]},"head":{"scale":[0,0,0]},"fixed":{"rotation":[0,-90,0],"translation":[0,3.25,-2],"scale":[2.43945,2.43945,2.43945]}}}