{
	"credit": "Made with Blockbench",
	"textures": {
		"2": "furnituresplus:furnituresplus/iron_block",
		"3": "furnituresplus:furnituresplus/note_block",
		"4": "furnituresplus:furnituresplus/acacia_planks",
		"5": "furnituresplus:furnituresplus/black_wool",
		"particle": "furnituresplus:furnituresplus/black_wool"
	},
	"elements": [
		{
			"from": [1, 0, 0.9],
			"to": [15, 8, 7],
			"faces": {
				"north": {"uv": [0, 0, 16, 16], "texture": "#4"},
				"east": {"uv": [0, 0, 16, 16], "texture": "#4"},
				"south": {"uv": [0, 0, 16, 16], "texture": "#4"},
				"west": {"uv": [0, 0, 16, 16], "texture": "#4"},
				"up": {"uv": [0, 0, 16, 16], "texture": "#4"},
				"down": {"uv": [0, 0, 16, 16], "texture": "#4"}
			}
		},
		{
			"from": [3, 8, 3],
			"to": [4, 11, 4],
			"faces": {
				"north": {"uv": [0, 0, 1, 3], "texture": "#5"},
				"east": {"uv": [0, 0, 1, 3], "texture": "#5"},
				"south": {"uv": [0, 0, 1, 3], "texture": "#5"},
				"west": {"uv": [0, 0, 1, 3], "texture": "#5"},
				"up": {"uv": [0, 0, 1, 1], "texture": "#5"},
				"down": {"uv": [0, 0, 1, 1], "texture": "#5"}
			}
		},
		{
			"from": [2.3, 8, 2.2],
			"to": [2.7, 15, 2.4],
			"faces": {
				"north": {"uv": [0, 0, 0.4, 7], "texture": "#5"},
				"east": {"uv": [0, 0, 0.2, 7], "texture": "#5"},
				"south": {"uv": [0, 0, 0.4, 7], "texture": "#5"},
				"west": {"uv": [0, 0, 0.2, 7], "texture": "#5"},
				"up": {"uv": [0, 0, 0.4, 0.2], "texture": "#5"},
				"down": {"uv": [0, 0, 0.4, 0.2], "texture": "#5"}
			}
		},
		{
			"from": [4.5, 7.4, 5],
			"to": [5.5, 8.4, 6],
			"faces": {
				"north": {"uv": [0, 0, 1, 1], "texture": "#5"},
				"east": {"uv": [0, 0, 1, 1], "texture": "#5"},
				"south": {"uv": [0, 0, 1, 1], "texture": "#5"},
				"west": {"uv": [0, 0, 1, 1], "texture": "#5"},
				"up": {"uv": [0, 0, 1, 1], "texture": "#5"},
				"down": {"uv": [0, 0, 1, 1], "texture": "#5"}
			}
		},
		{
			"from": [5.8, 7.4, 5],
			"to": [6.8, 8.4, 6],
			"faces": {
				"north": {"uv": [0, 0, 1, 1], "texture": "#5"},
				"east": {"uv": [0, 0, 1, 1], "texture": "#5"},
				"south": {"uv": [0, 0, 1, 1], "texture": "#5"},
				"west": {"uv": [0, 0, 1, 1], "texture": "#5"},
				"up": {"uv": [0, 0, 1, 1], "texture": "#5"},
				"down": {"uv": [0, 0, 1, 1], "texture": "#5"}
			}
		},
		{
			"from": [7.1, 7.4, 5],
			"to": [8.1, 8.4, 6],
			"faces": {
				"north": {"uv": [0, 0, 1, 1], "texture": "#5"},
				"east": {"uv": [0, 0, 1, 1], "texture": "#5"},
				"south": {"uv": [0, 0, 1, 1], "texture": "#5"},
				"west": {"uv": [0, 0, 1, 1], "texture": "#5"},
				"up": {"uv": [0, 0, 1, 1], "texture": "#5"},
				"down": {"uv": [0, 0, 1, 1], "texture": "#5"}
			}
		},
		{
			"from": [12, 8, 3],
			"to": [13, 11, 4],
			"faces": {
				"north": {"uv": [0, 0, 1, 3], "texture": "#5"},
				"east": {"uv": [0, 0, 1, 3], "texture": "#5"},
				"south": {"uv": [0, 0, 1, 3], "texture": "#5"},
				"west": {"uv": [0, 0, 1, 3], "texture": "#5"},
				"up": {"uv": [0, 0, 1, 1], "texture": "#5"},
				"down": {"uv": [0, 0, 1, 1], "texture": "#5"}
			}
		},
		{
			"from": [4, 10, 3],
			"to": [12, 11, 4],
			"faces": {
				"north": {"uv": [0, 0, 8, 1], "texture": "#5"},
				"east": {"uv": [0, 0, 1, 1], "texture": "#5"},
				"south": {"uv": [0, 0, 8, 1], "texture": "#5"},
				"west": {"uv": [0, 0, 1, 1], "texture": "#5"},
				"up": {"uv": [0, 0, 8, 1], "texture": "#5"},
				"down": {"uv": [0, 0, 8, 1], "texture": "#5"}
			}
		},
		{
			"from": [5.7, 1.7, 6.3],
			"to": [13.7, 6.7, 7.3],
			"faces": {
				"north": {"uv": [0, 0, 8, 5], "texture": "#3"},
				"east": {"uv": [0, 0, 1, 5], "texture": "#3"},
				"south": {"uv": [0, 0, 16, 16], "texture": "#3"},
				"west": {"uv": [0, 0, 1, 5], "texture": "#3"},
				"up": {"uv": [0, 0, 8, 1], "texture": "#3"},
				"down": {"uv": [0, 0, 8, 1], "texture": "#3"}
			}
		},
		{
			"from": [2.7, 1.7, 6.3],
			"to": [4.7, 6.7, 7.3],
			"faces": {
				"north": {"uv": [0, 0, 2, 5], "texture": "#2"},
				"east": {"uv": [0, 0, 1, 5], "texture": "#2"},
				"south": {"uv": [0, 0, 10, 7], "texture": "#2"},
				"west": {"uv": [0, 0, 1, 5], "texture": "#2"},
				"up": {"uv": [0, 0, 2, 1], "texture": "#2"},
				"down": {"uv": [0, 0, 2, 1], "texture": "#2"}
			}
		}
	],
	"display": {
		"thirdperson_righthand": {
			"rotation": [75, 45, 0],
			"translation": [0, 2.5, 0],
			"scale": [0.375, 0.375, 0.375]
		},
		"thirdperson_lefthand": {
			"rotation": [75, 45, 0],
			"translation": [0, 2.5, 0],
			"scale": [0.375, 0.375, 0.375]
		},
		"firstperson_righthand": {
			"rotation": [0, 45, 0],
			"scale": [0.4, 0.4, 0.4]
		},
		"firstperson_lefthand": {
			"rotation": [0, 45, 0],
			"scale": [0.4, 0.4, 0.4]
		},
		"ground": {
			"translation": [0, 2, 0],
			"scale": [0.5, 0.5, 0.5]
		},
		"gui": {
			"rotation": [30, 45, 0],
			"translation": [1.75, 0.65, 0],
			"scale": [0.82031, 0.82031, 0.82031]
		},
		"head": {
			"translation": [0, -30.4, 0],
			"scale": [1.6, 1.6, 1.6]
		},
		"fixed": {
			"rotation": [-90, 180, 0],
			"translation": [0, 0, -14],
			"scale": [2.01, 2.01, 2.01]
		}
	}
}