{"credit":"Made with Blockbench","texture_size":[64,64],"textures":{"2":"chinese_new_year:decorated_tall_lantern"},"elements":[{"from":[5,-1,8],"to":[11,6,8],"rotation":{"angle":0,"axis":"y","origin":[8,2.5,8]},"faces":{"north":{"uv":[5,5,6.5,6.75],"texture":"#2"},"east":{"uv":[0,0,0,1.75],"texture":"#2"},"south":{"uv":[0,6.5,1.5,8.25],"texture":"#2"},"west":{"uv":[0,0,0,1.75],"texture":"#2"},"up":{"uv":[1.5,0,0,0],"texture":"#2"},"down":{"uv":[1.5,0,0,0],"texture":"#2"}}},{"from":[8,-1,5],"to":[8,6,11],"rotation":{"angle":0,"axis":"y","origin":[8,2.5,8]},"faces":{"north":{"uv":[0,0,0,1.75],"texture":"#2"},"east":{"uv":[1.5,6.5,3,8.25],"texture":"#2"},"south":{"uv":[0,0,0,1.75],"texture":"#2"},"west":{"uv":[3,6.5,4.5,8.25],"texture":"#2"},"up":{"uv":[0,1.5,0,0],"texture":"#2"},"down":{"uv":[0,0,0,1.5],"texture":"#2"}}},{"from":[7,5,7],"to":[9,7,9],"rotation":{"angle":45,"axis":"y","origin":[8,6,8]},"faces":{"north":{"uv":[5.5,7.25,6,7.75],"texture":"#2"},"east":{"uv":[6,7.25,6.5,7.75],"texture":"#2"},"south":{"uv":[7.5,0,8,0.5],"texture":"#2"},"west":{"uv":[7.5,0.5,8,1],"texture":"#2"},"up":{"uv":[8,1.5,7.5,1],"texture":"#2"},"down":{"uv":[8,1.5,7.5,2],"texture":"#2"}}},{"from":[8,7,7.5],"to":[8,8,8.5],"rotation":{"angle":-45,"axis":"y","origin":[8,8.5,8]},"faces":{"north":{"uv":[0,0,0,0.25],"texture":"#2"},"east":{"uv":[7.5,4.75,7.75,5],"texture":"#2"},"south":{"uv":[0,0,0,0.25],"texture":"#2"},"west":{"uv":[7.5,5,7.75,5.25],"texture":"#2"},"up":{"uv":[0,0.25,0,0],"texture":"#2"},"down":{"uv":[0,0,0,0.25],"texture":"#2"}}},{"from":[8,7,7.5],"to":[8,8,8.5],"rotation":{"angle":45,"axis":"y","origin":[8,8.5,8]},"faces":{"north":{"uv":[0,0,0,0.25],"texture":"#2"},"east":{"uv":[7.5,4.25,7.75,4.5],"texture":"#2"},"south":{"uv":[0,0,0,0.25],"texture":"#2"},"west":{"uv":[7.5,4.5,7.75,4.75],"texture":"#2"},"up":{"uv":[0,0.25,0,0],"texture":"#2"},"down":{"uv":[0,0,0,0.25],"texture":"#2"}}},{"from":[3,8,3],"to":[13,21,13],"rotation":{"angle":0,"axis":"y","origin":[0,-7,0]},"faces":{"north":{"uv":[0,0,2.5,3.25],"texture":"#2"},"east":{"uv":[2.5,0,5,3.25],"texture":"#2"},"south":{"uv":[0,3.25,2.5,6.5],"texture":"#2"},"west":{"uv":[2.5,3.25,5,6.5],"texture":"#2"},"up":{"uv":[7.5,2.5,5,0],"texture":"#2"},"down":{"uv":[7.5,2.5,5,5],"texture":"#2"}}},{"from":[6,21,6],"to":[10,23,10],"faces":{"north":{"uv":[4.5,6.75,5.5,7.25],"texture":"#2"},"east":{"uv":[5.5,6.75,6.5,7.25],"texture":"#2"},"south":{"uv":[6.5,7,7.5,7.5],"texture":"#2"},"west":{"uv":[4.5,7.25,5.5,7.75],"texture":"#2"},"up":{"uv":[7.5,6,6.5,5],"texture":"#2"},"down":{"uv":[7.5,6,6.5,7],"texture":"#2"}}},{"from":[7,24,7.5],"to":[9,24,8.5],"faces":{"north":{"uv":[0,0,0.5,0],"texture":"#2"},"east":{"uv":[0,0,0.25,0],"texture":"#2"},"south":{"uv":[0,0,0.5,0],"texture":"#2"},"west":{"uv":[0,0,0.25,0],"texture":"#2"},"up":{"uv":[5,6.75,4.5,6.5],"texture":"#2"},"down":{"uv":[8,2,7.5,2.25],"texture":"#2"}}},{"from":[8,24,7.5],"to":[8,26,8.5],"rotation":{"angle":-45,"axis":"y","origin":[8,25.5,8]},"faces":{"north":{"uv":[0,0,0,0.5],"texture":"#2"},"east":{"uv":[7.5,2.25,7.75,2.75],"texture":"#2"},"south":{"uv":[0,0,0,0.5],"texture":"#2"},"west":{"uv":[7.5,2.75,7.75,3.25],"texture":"#2"},"up":{"uv":[0,0.25,0,0],"texture":"#2"},"down":{"uv":[0,0,0,0.25],"texture":"#2"}}},{"from":[8,24,7.5],"to":[8,26,8.5],"rotation":{"angle":45,"axis":"y","origin":[8,25.5,8]},"faces":{"north":{"uv":[0,0,0,0.5],"texture":"#2"},"east":{"uv":[7.5,3.25,7.75,3.75],"texture":"#2"},"south":{"uv":[0,0,0,0.5],"texture":"#2"},"west":{"uv":[7.5,3.75,7.75,4.25],"texture":"#2"},"up":{"uv":[0,0.25,0,0],"texture":"#2"},"down":{"uv":[0,0,0,0.25],"texture":"#2"}}},{"from":[9,23,7.5],"to":[9,24,8.5],"faces":{"north":{"uv":[0,0,0,0.25],"texture":"#2"},"east":{"uv":[7.5,5.25,7.75,5.5],"texture":"#2"},"south":{"uv":[0,0,0,0.25],"texture":"#2"},"west":{"uv":[7.5,5.5,7.75,5.75],"texture":"#2"},"up":{"uv":[0,0.25,0,0],"texture":"#2"},"down":{"uv":[0,0,0,0.25],"texture":"#2"}}},{"from":[7,23,7.5],"to":[7,24,8.5],"faces":{"north":{"uv":[0,0,0,0.25],"texture":"#2"},"east":{"uv":[7.5,5.75,7.75,6],"texture":"#2"},"south":{"uv":[0,0,0,0.25],"texture":"#2"},"west":{"uv":[7.5,6,7.75,6.25],"texture":"#2"},"up":{"uv":[0,0.25,0,0],"texture":"#2"},"down":{"uv":[0,0,0,0.25],"texture":"#2"}}}],"display":{"thirdperson_righthand":{"rotation":[75,45,0],"translation":[0,2.5,0],"scale":[0.375,0.375,0.375]},"thirdperson_lefthand":{"rotation":[75,45,0],"translation":[0,2.5,0],"scale":[0.375,0.375,0.375]},"firstperson_righthand":{"rotation":[0,45,0],"scale":[0.4,0.4,0.4]},"firstperson_lefthand":{"rotation":[0,225,0],"scale":[0.4,0.4,0.4]},"ground":{"translation":[0,3,0],"scale":[0.25,0.25,0.25]},"gui":{"rotation":[30,225,0],"translation":[0,-2.5,0],"scale":[0.625,0.625,0.625]},"fixed":{"rotation":[90,0,0],"translation":[0,0,-36],"scale":[2,2,2]}}}