{"credit":"Made by PolygonMC","textures":{"0":"littlecatset:key","1":"littlecatset:animations/animations_2","particle":"littlecatset:key"},"elements":[{"from":[7.5,7.4375,9.3125],"to":[8.5,9.4375,11.3125],"rotation":{"angle":-45,"axis":"x","origin":[8,8.4375,10.3125]},"faces":{"north":{"uv":[6,0,7,2],"texture":"#0"},"east":{"uv":[0,0,2,2],"texture":"#0"},"south":{"uv":[2,6,3,8],"texture":"#0"},"west":{"uv":[0,2,2,4],"texture":"#0"},"up":{"uv":[7,4,6,2],"texture":"#0"},"down":{"uv":[4,6,3,8],"texture":"#0"}}},{"from":[7.25,7.6875,9.5625],"to":[8.75,9.1875,11.0625],"rotation":{"angle":-45,"axis":"x","origin":[8,8.4375,10.3125]},"faces":{"north":{"uv":[2,0,3.5,1.5],"texture":"#0"},"east":{"uv":[2,2,3.5,3.5],"texture":"#0"},"south":{"uv":[0,4,1.5,5.5],"texture":"#0"},"west":{"uv":[4,0,5.5,1.5],"texture":"#0"},"up":{"uv":[3.5,5.5,2,4],"texture":"#0"},"down":{"uv":[5.5,2,4,3.5],"texture":"#0"}}},{"from":[7.525,7.9625,8.4125],"to":[8.475,8.9125,9.4125],"rotation":{"angle":0,"axis":"y","origin":[7.5,4.9375,2.4125]},"faces":{"north":{"uv":[7,5,8,6],"texture":"#0"},"east":{"uv":[6,7,7,8],"texture":"#0"},"west":{"uv":[7,6,8,7],"texture":"#0"},"up":{"uv":[8,8,7,7],"texture":"#0"},"down":{"uv":[1,8,0,9],"texture":"#0"}}},{"from":[7.525,7.9625,4.7125],"to":[8.475,8.9125,6.6625],"rotation":{"angle":0,"axis":"y","origin":[7.5,4.9375,-0.3375]},"faces":{"north":{"uv":[8,0,9,1],"texture":"#0"},"east":{"uv":[7,2,9,3],"texture":"#0"},"south":{"uv":[1,8,2,9],"texture":"#0"},"west":{"uv":[7,3,9,4],"texture":"#0"},"up":{"uv":[5,9,4,7],"texture":"#0"},"down":{"uv":[6,7,5,9],"texture":"#0"}}},{"from":[7.625,8.0625,6.6625],"to":[8.375,8.8125,8.4125],"rotation":{"angle":0,"axis":"y","origin":[7.5,4.9375,1.4125]},"faces":{"east":{"uv":[4,6,6,7],"texture":"#0"},"west":{"uv":[6,4,8,5],"texture":"#0"},"up":{"uv":[7,7,6,5],"texture":"#0"},"down":{"uv":[8,0,7,2],"texture":"#0"}}},{"from":[7.75,6.9375,5.0625],"to":[8.25,8.1875,6.3125],"rotation":{"angle":45,"axis":"x","origin":[8,7.5625,5.6875]},"faces":{"north":{"uv":[2,8,2.5,9.5],"texture":"#0"},"east":{"uv":[4,4,5.5,5.5],"texture":"#0"},"south":{"uv":[3,8,3.5,9.5],"texture":"#0"},"west":{"uv":[0,6,1.5,7.5],"texture":"#0"},"up":{"uv":[8.5,5.5,8,4],"texture":"#0"},"down":{"uv":[6.5,8,6,9.5],"texture":"#0"}}},{"from":[7.125,6.25,8.3],"to":[7.175,10.25,12.3],"faces":{"east":{"uv":[16,0,0,16],"texture":"#1"},"west":{"uv":[0,0,16,16],"texture":"#1"}}},{"from":[8.825,6.25,8.3],"to":[8.875,10.25,12.3],"rotation":{"angle":0,"axis":"y","origin":[16,0,0]},"faces":{"east":{"uv":[16,0,0,16],"texture":"#1"},"west":{"uv":[0,0,16,16],"texture":"#1"}}}],"gui_light":"front","display":{"thirdperson_righthand":{"rotation":[67,0,0],"translation":[0,2,-1.75]},"thirdperson_lefthand":{"rotation":[67,0,0],"translation":[0,2,-1.75]},"firstperson_righthand":{"rotation":[53.75,0,-33],"translation":[-3.5,5.5,3.5]},"firstperson_lefthand":{"rotation":[53.75,0,-33],"translation":[-3.5,5.5,3.5]},"ground":{"rotation":[45,0,0],"translation":[0,8,0],"scale":[1.72266,1.72266,1.72266]},"gui":{"rotation":[-90,135,90],"translation":[-0.5,-0.75,0],"scale":[2.83594,2.83594,2.83594]},"head":{"scale":[0,0,0]},"fixed":{"rotation":[90,-45,90],"translation":[0.5,-1.25,-1.25],"scale":[3.06445,3.06445,3.06445]}}}