{"credit":"Made by PolygonMC","texture_size":[24,24],"textures":{"1":"littlecatset:animations/animations_2","2":"littlecatset:spear","particle":"littlecatset:spear"},"elements":[{"from":[7.5,7.5,7.5],"to":[8.5,8.5,8.5],"rotation":{"angle":0,"axis":"y","origin":[7.5,2.25,7.5]},"faces":{"north":{"uv":[5.33333,2.66667,6,3.33333],"texture":"#2"},"east":{"uv":[7.33333,4.66667,8,5.33333],"texture":"#2"},"south":{"uv":[5.33333,9.33333,6,10],"texture":"#2"},"west":{"uv":[9.33333,6,10,6.66667],"texture":"#2"},"up":{"uv":[10,7.33333,9.33333,6.66667],"texture":"#2"}}},{"from":[7.5,10,7.5],"to":[8.5,11.5,8.5],"rotation":{"angle":0,"axis":"y","origin":[7.5,4.75,7.5]},"faces":{"north":{"uv":[8.66667,6.66667,9.33333,7.66667],"texture":"#2"},"east":{"uv":[8.66667,8,9.33333,9],"texture":"#2"},"south":{"uv":[0,9.33333,0.66667,10.33333],"texture":"#2"},"west":{"uv":[0.66667,9.33333,1.33333,10.33333],"texture":"#2"},"up":{"uv":[8,10,7.33333,9.33333],"texture":"#2"},"down":{"uv":[10,7.33333,9.33333,8],"texture":"#2"}}},{"from":[7.5,12,7.5],"to":[8.5,12.5,8.5],"rotation":{"angle":0,"axis":"y","origin":[7.5,6.75,7.5]},"faces":{"north":{"uv":[1.33333,10.66667,2,11],"texture":"#2"},"east":{"uv":[10.66667,1.33333,11.33333,1.66667],"texture":"#2"},"south":{"uv":[2,10.66667,2.66667,11],"texture":"#2"},"west":{"uv":[10.66667,2,11.33333,2.33333],"texture":"#2"}}},{"from":[7.5,15.25,7.5],"to":[8.5,15.75,8.5],"rotation":{"angle":0,"axis":"y","origin":[7.5,3.75,7.5]},"faces":{"north":{"uv":[0,11.33333,0.66667,11.66667],"texture":"#2"},"east":{"uv":[11.33333,0,12,0.33333],"texture":"#2"},"south":{"uv":[0.66667,11.33333,1.33333,11.66667],"texture":"#2"},"west":{"uv":[11.33333,0.66667,12,1],"texture":"#2"}}},{"from":[7.4,12.5,7.4],"to":[8.6,15.25,8.6],"rotation":{"angle":0,"axis":"y","origin":[7.5,10,7.5]},"faces":{"north":{"uv":[1.33333,4.66667,2,6.66667],"texture":"#2"},"east":{"uv":[4.66667,1.33333,5.33333,3.33333],"texture":"#2"},"south":{"uv":[2,4.66667,2.66667,6.66667],"texture":"#2"},"west":{"uv":[2.66667,4.66667,3.33333,6.66667],"texture":"#2"},"up":{"uv":[10,10,9.33333,9.33333],"texture":"#2"},"down":{"uv":[10.66667,0,10,0.66667],"texture":"#2"}}},{"from":[7.5,6.5,7.5],"to":[8.5,7,8.5],"rotation":{"angle":0,"axis":"y","origin":[7.5,6.75,7.5]},"faces":{"north":{"uv":[9.33333,11.33333,10,11.66667],"texture":"#2"},"east":{"uv":[11.33333,9.33333,12,9.66667],"texture":"#2"},"south":{"uv":[10,11.33333,10.66667,11.66667],"texture":"#2"},"west":{"uv":[11.33333,10,12,10.33333],"texture":"#2"}}},{"from":[7.4,0.75,7.4],"to":[8.6,6.5,8.6],"rotation":{"angle":0,"axis":"y","origin":[7.5,10,7.5]},"faces":{"north":{"uv":[3.33333,0,4,4],"texture":"#2"},"east":{"uv":[4,0,4.66667,4],"texture":"#2"},"south":{"uv":[3.33333,4,4,8],"texture":"#2"},"west":{"uv":[4,4,4.66667,8],"texture":"#2"},"up":{"uv":[1.33333,11.33333,0.66667,10.66667],"texture":"#2"},"down":{"uv":[11.33333,0.66667,10.66667,1.33333],"texture":"#2"}}},{"from":[7.5,9,7.5],"to":[8.5,9.5,8.5],"rotation":{"angle":0,"axis":"y","origin":[7.5,3.75,7.5]},"faces":{"north":{"uv":[2.66667,10.66667,3.33333,11],"texture":"#2"},"east":{"uv":[10.66667,2.66667,11.33333,3],"texture":"#2"},"south":{"uv":[10.66667,3.33333,11.33333,3.66667],"texture":"#2"},"west":{"uv":[10.66667,4,11.33333,4.33333],"texture":"#2"},"up":{"uv":[10.66667,1.33333,10,0.66667],"texture":"#2"},"down":{"uv":[2,10,1.33333,10.66667],"texture":"#2"}}},{"from":[7.4,11.5,7.4],"to":[8.6,12,8.6],"rotation":{"angle":0,"axis":"y","origin":[7.5,6.25,7.5]},"faces":{"north":{"uv":[10.66667,4.66667,11.33333,5],"texture":"#2"},"east":{"uv":[5.33333,10.66667,6,11],"texture":"#2"},"south":{"uv":[10.66667,5.33333,11.33333,5.66667],"texture":"#2"},"west":{"uv":[6,10.66667,6.66667,11],"texture":"#2"},"up":{"uv":[10.66667,2,10,1.33333],"texture":"#2"},"down":{"uv":[10.66667,2,10,2.66667],"texture":"#2"}}},{"from":[7.4,7,7.4],"to":[8.6,7.5,8.6],"rotation":{"angle":0,"axis":"y","origin":[7.5,1.75,7.5]},"faces":{"north":{"uv":[10.66667,6,11.33333,6.33333],"texture":"#2"},"east":{"uv":[6.66667,10.66667,7.33333,11],"texture":"#2"},"south":{"uv":[10.66667,6.66667,11.33333,7],"texture":"#2"},"west":{"uv":[7.33333,10.66667,8,11],"texture":"#2"},"up":{"uv":[10.66667,3.33333,10,2.66667],"texture":"#2"},"down":{"uv":[10.66667,3.33333,10,4],"texture":"#2"}}},{"from":[7.6,8.5,7.6],"to":[8.4,9,8.4],"rotation":{"angle":0,"axis":"y","origin":[7.5,3.25,7.5]},"faces":{"north":{"uv":[10.66667,7.33333,11.33333,7.66667],"texture":"#2"},"east":{"uv":[8,10.66667,8.66667,11],"texture":"#2"},"south":{"uv":[10.66667,8,11.33333,8.33333],"texture":"#2"},"west":{"uv":[8.66667,10.66667,9.33333,11],"texture":"#2"}}},{"from":[7.6,9.5,7.6],"to":[8.4,10,8.4],"rotation":{"angle":0,"axis":"y","origin":[7.5,4.25,7.5]},"faces":{"north":{"uv":[10.66667,8.66667,11.33333,9],"texture":"#2"},"east":{"uv":[9.33333,10.66667,10,11],"texture":"#2"},"south":{"uv":[10.66667,9.33333,11.33333,9.66667],"texture":"#2"},"west":{"uv":[10,10.66667,10.66667,11],"texture":"#2"}}},{"from":[7.5,16.25,7.5],"to":[8.5,17.25,8.5],"rotation":{"angle":0,"axis":"y","origin":[7.5,-0.75,7.5]},"faces":{"north":{"uv":[8.66667,10,9.33333,10.66667],"texture":"#2"},"east":{"uv":[10,8.66667,10.66667,9.33333],"texture":"#2"},"south":{"uv":[9.33333,10,10,10.66667],"texture":"#2"},"west":{"uv":[10,9.33333,10.66667,10],"texture":"#2"},"up":{"uv":[10.66667,10.66667,10,10],"texture":"#2"}}},{"from":[7.5,18.75,7.5],"to":[8.5,20.25,8.5],"rotation":{"angle":0,"axis":"y","origin":[7.5,1.75,7.5]},"faces":{"north":{"uv":[9.33333,1.33333,10,2.33333],"texture":"#2"},"east":{"uv":[2,9.33333,2.66667,10.33333],"texture":"#2"},"south":{"uv":[2.66667,9.33333,3.33333,10.33333],"texture":"#2"},"west":{"uv":[9.33333,2.66667,10,3.66667],"texture":"#2"},"up":{"uv":[8.66667,10.66667,8,10],"texture":"#2"},"down":{"uv":[10.66667,8,10,8.66667],"texture":"#2"}}},{"from":[7.5,20.75,7.5],"to":[8.5,21.25,8.5],"rotation":{"angle":0,"axis":"y","origin":[7.5,3.75,7.5]},"faces":{"north":{"uv":[6.66667,11.33333,7.33333,11.66667],"texture":"#2"},"east":{"uv":[11.33333,6.66667,12,7],"texture":"#2"},"south":{"uv":[7.33333,11.33333,8,11.66667],"texture":"#2"},"west":{"uv":[11.33333,7.33333,12,7.66667],"texture":"#2"}}},{"from":[7.5,17.75,7.5],"to":[8.5,18.25,8.5],"rotation":{"angle":0,"axis":"y","origin":[7.5,0.75,7.5]},"faces":{"north":{"uv":[5.33333,11.33333,6,11.66667],"texture":"#2"},"east":{"uv":[11.33333,5.33333,12,5.66667],"texture":"#2"},"south":{"uv":[6,11.33333,6.66667,11.66667],"texture":"#2"},"west":{"uv":[11.33333,6,12,6.33333],"texture":"#2"},"up":{"uv":[8,10.66667,7.33333,10],"texture":"#2"},"down":{"uv":[10.66667,7.33333,10,8],"texture":"#2"}}},{"from":[7.4,20.25,7.4],"to":[8.6,20.75,8.6],"rotation":{"angle":0,"axis":"y","origin":[7.5,3.25,7.5]},"faces":{"north":{"uv":[4,11.33333,4.66667,11.66667],"texture":"#2"},"east":{"uv":[11.33333,4,12,4.33333],"texture":"#2"},"south":{"uv":[4.66667,11.33333,5.33333,11.66667],"texture":"#2"},"west":{"uv":[11.33333,4.66667,12,5],"texture":"#2"},"up":{"uv":[7.33333,10.66667,6.66667,10],"texture":"#2"},"down":{"uv":[10.66667,6.66667,10,7.33333],"texture":"#2"}}},{"from":[7.4,15.75,7.4],"to":[8.6,16.25,8.6],"rotation":{"angle":0,"axis":"y","origin":[7.5,3.25,7.5]},"faces":{"north":{"uv":[8,11.33333,8.66667,11.66667],"texture":"#2"},"east":{"uv":[11.33333,8,12,8.33333],"texture":"#2"},"south":{"uv":[8.66667,11.33333,9.33333,11.66667],"texture":"#2"},"west":{"uv":[11.33333,8.66667,12,9],"texture":"#2"},"up":{"uv":[0.66667,11.33333,0,10.66667],"texture":"#2"},"down":{"uv":[11.33333,0,10.66667,0.66667],"texture":"#2"}}},{"from":[7.6,17.25,7.6],"to":[8.4,17.75,8.4],"rotation":{"angle":0,"axis":"y","origin":[7.5,0.25,7.5]},"faces":{"north":{"uv":[2.66667,11.33333,3.33333,11.66667],"texture":"#2"},"east":{"uv":[11.33333,2.66667,12,3],"texture":"#2"},"south":{"uv":[3.33333,11.33333,4,11.66667],"texture":"#2"},"west":{"uv":[11.33333,3.33333,12,3.66667],"texture":"#2"}}},{"from":[7.6,18.25,7.6],"to":[8.4,18.75,8.4],"rotation":{"angle":0,"axis":"y","origin":[7.5,1.25,7.5]},"faces":{"north":{"uv":[1.33333,11.33333,2,11.66667],"texture":"#2"},"east":{"uv":[11.33333,1.33333,12,1.66667],"texture":"#2"},"south":{"uv":[2,11.33333,2.66667,11.66667],"texture":"#2"},"west":{"uv":[11.33333,2,12,2.33333],"texture":"#2"}}},{"from":[7.37,0.17,7.37],"to":[8.63,1.43,8.63],"rotation":{"angle":-45,"axis":"x","origin":[8,0.8,8]},"faces":{"north":{"uv":[7.33333,0,8.33333,1],"texture":"#2"},"east":{"uv":[4.66667,7.33333,5.66667,8.33333],"texture":"#2"},"south":{"uv":[7.33333,6.66667,8.33333,7.66667],"texture":"#2"},"west":{"uv":[8,2.66667,9,3.66667],"texture":"#2"},"up":{"uv":[4.33333,9,3.33333,8],"texture":"#2"},"down":{"uv":[9,4,8,5],"texture":"#2"}}},{"from":[7.3,21.05,7],"to":[8.7,23.05,9],"rotation":{"angle":-45,"axis":"x","origin":[8,22.05,8]},"faces":{"north":{"uv":[4.66667,3.33333,5.66667,4.66667],"texture":"#2"},"east":{"uv":[0,4.66667,1.33333,6],"texture":"#2"},"south":{"uv":[4.66667,4.66667,5.66667,6],"texture":"#2"},"west":{"uv":[4.66667,0,6,1.33333],"texture":"#2"},"up":{"uv":[6.33333,2.66667,5.33333,1.33333],"texture":"#2"},"down":{"uv":[1,6,0,7.33333],"texture":"#2"}}},{"from":[7.1,21.35,7.3],"to":[8.9,22.75,8.7],"rotation":{"angle":-45,"axis":"x","origin":[8,22.05,8]},"faces":{"north":{"uv":[6,0,7.33333,1],"texture":"#2"},"east":{"uv":[8,5.33333,9,6.33333],"texture":"#2"},"south":{"uv":[6,2.66667,7.33333,3.66667],"texture":"#2"},"west":{"uv":[7.33333,8,8.33333,9],"texture":"#2"},"up":{"uv":[7.33333,5,6,4],"texture":"#2"},"down":{"uv":[6,6,4.66667,7],"texture":"#2"}}},{"from":[7.5,21.55,5.5],"to":[8.5,22.55,7.5],"rotation":{"angle":-22.5,"axis":"x","origin":[8,22.05,6.5]},"faces":{"east":{"uv":[8.66667,0,10,0.66667],"texture":"#2"},"south":{"uv":[10,4,10.66667,4.66667],"texture":"#2"},"west":{"uv":[8.66667,0.66667,10,1.33333],"texture":"#2"},"up":{"uv":[2,10,1.33333,8.66667],"texture":"#2"},"down":{"uv":[9.33333,1.33333,8.66667,2.66667],"texture":"#2"}}},{"from":[7.7,21.55,4.375],"to":[8.3,22.55,6.925],"rotation":{"angle":22.5,"axis":"x","origin":[8,22.05,5.375]},"faces":{"east":{"uv":[6,5.33333,7.66667,6],"texture":"#2"},"south":{"uv":[10.66667,10,11,10.66667],"texture":"#2"},"west":{"uv":[6,6,7.66667,6.66667],"texture":"#2"},"up":{"uv":[3.66667,11,3.33333,9.33333],"texture":"#2"},"down":{"uv":[4.33333,9.33333,4,11],"texture":"#2"}}},{"from":[7.4,20.5,4.6],"to":[8.6,22.9,5.6],"rotation":{"angle":-45,"axis":"x","origin":[8,21.7,5]},"faces":{"north":{"uv":[1.33333,6.66667,2,8.33333],"texture":"#2"},"east":{"uv":[2,6.66667,2.66667,8.33333],"texture":"#2"},"south":{"uv":[2.66667,6.66667,3.33333,8.33333],"texture":"#2"},"west":{"uv":[6,6.66667,6.66667,8.33333],"texture":"#2"},"up":{"uv":[10.66667,5.33333,10,4.66667],"texture":"#2"},"down":{"uv":[6,10,5.33333,10.66667],"texture":"#2"}}},{"from":[7.5,21.55,8.5],"to":[8.5,22.55,10.5],"rotation":{"angle":22.5,"axis":"x","origin":[8,22.05,9.5]},"faces":{"north":{"uv":[10,5.33333,10.66667,6],"texture":"#2"},"east":{"uv":[2,8.66667,3.33333,9.33333],"texture":"#2"},"west":{"uv":[4.66667,8.66667,6,9.33333],"texture":"#2"},"up":{"uv":[6.66667,10,6,8.66667],"texture":"#2"},"down":{"uv":[7.33333,8.66667,6.66667,10],"texture":"#2"}}},{"from":[7.7,21.55,9.075],"to":[8.3,22.55,11.625],"rotation":{"angle":-22.5,"axis":"x","origin":[8,22.05,10.625]},"faces":{"north":{"uv":[10.66667,10.66667,11,11.33333],"texture":"#2"},"east":{"uv":[6.66667,1.33333,8.33333,2],"texture":"#2"},"west":{"uv":[6.66667,2,8.33333,2.66667],"texture":"#2"},"up":{"uv":[9.66667,5.66667,9.33333,4],"texture":"#2"},"down":{"uv":[5,9.33333,4.66667,11],"texture":"#2"}}},{"from":[7.4,20.5,10.4],"to":[8.6,22.9,11.4],"rotation":{"angle":45,"axis":"x","origin":[8,21.7,11]},"faces":{"north":{"uv":[6.66667,6.66667,7.33333,8.33333],"texture":"#2"},"east":{"uv":[0,7.33333,0.66667,9],"texture":"#2"},"south":{"uv":[0.66667,7.33333,1.33333,9],"texture":"#2"},"west":{"uv":[7.33333,2.66667,8,4.33333],"texture":"#2"},"up":{"uv":[6.66667,10.66667,6,10],"texture":"#2"},"down":{"uv":[10.66667,6,10,6.66667],"texture":"#2"}}},{"from":[7.975,22.3,5.75],"to":[8.025,29.3,10.25],"rotation":{"angle":0,"axis":"y","origin":[7.975,-3.7,5.75]},"faces":{"east":{"uv":[3,0,0,4.66667],"texture":"#2"},"west":{"uv":[0,0,3,4.66667],"texture":"#2"}}},{"from":[7,18,4],"to":[7.05,26,12],"rotation":{"angle":0,"axis":"y","origin":[7,8,4]},"faces":{"east":{"uv":[16,0,0,16],"texture":"#1"},"west":{"uv":[0,0,16,16],"texture":"#1"}}},{"from":[8.95,18,4],"to":[9,26,12],"rotation":{"angle":0,"axis":"y","origin":[9,8,4]},"faces":{"east":{"uv":[16,0,0,16],"texture":"#1"},"west":{"uv":[0,0,16,16],"texture":"#1"}}}],"gui_light":"front","display":{"thirdperson_righthand":{"translation":[0,-3.5,0.75]},"thirdperson_lefthand":{"translation":[0,-3.5,0.75]},"firstperson_righthand":{"rotation":[-10,0,0],"translation":[0,-2.75,1.25]},"firstperson_lefthand":{"rotation":[-10,0,0],"translation":[0,-2.75,1.25]},"ground":{"rotation":[-45,0,0],"translation":[0,6.5,4.75]},"gui":{"rotation":[-90,45,90],"translation":[3.75,-3.75,0],"scale":[0.79922,0.79922,0.79922]},"head":{"scale":[0,0,0]},"fixed":{"rotation":[0,-90,0],"translation":[0,-10.75,-0.75],"scale":[2,2,2]}}}