{"credit":"Made by PolygonMC","textures":{"1":"littlecatset:animations/animations_2","2":"littlecatset:staff","particle":"littlecatset:staff"},"elements":[{"from":[7.5,7.5,7.5],"to":[8.5,8.5,8.5],"rotation":{"angle":0,"axis":"y","origin":[7.5,2.25,7.5]},"faces":{"north":{"uv":[2,7,3,8],"texture":"#2"},"east":{"uv":[7,11,8,12],"texture":"#2"},"south":{"uv":[10,13,11,14],"texture":"#2"},"west":{"uv":[11,13,12,14],"texture":"#2"},"up":{"uv":[14,12,13,11],"texture":"#2"}}},{"from":[7.5,10,7.5],"to":[8.5,11.5,8.5],"rotation":{"angle":0,"axis":"y","origin":[7.5,4.75,7.5]},"faces":{"north":{"uv":[5,13,6,14.5],"texture":"#2"},"east":{"uv":[6,13,7,14.5],"texture":"#2"},"south":{"uv":[13,6,14,7.5],"texture":"#2"},"west":{"uv":[7,13,8,14.5],"texture":"#2"},"up":{"uv":[13,14,12,13],"texture":"#2"},"down":{"uv":[14,12,13,13],"texture":"#2"}}},{"from":[7.5,12,7.5],"to":[8.5,12.5,8.5],"rotation":{"angle":0,"axis":"y","origin":[7.5,6.75,7.5]},"faces":{"north":{"uv":[14,7,15,7.5],"texture":"#2"},"east":{"uv":[14,8,15,8.5],"texture":"#2"},"south":{"uv":[9,14,10,14.5],"texture":"#2"},"west":{"uv":[14,9,15,9.5],"texture":"#2"}}},{"from":[7.5,15.25,7.5],"to":[8.5,15.75,8.5],"rotation":{"angle":0,"axis":"y","origin":[7.5,6.75,7.5]},"faces":{"north":{"uv":[15,8,16,8.5],"texture":"#2"},"east":{"uv":[9,15,10,15.5],"texture":"#2"},"south":{"uv":[15,9,16,9.5],"texture":"#2"},"west":{"uv":[10,15,11,15.5],"texture":"#2"}}},{"from":[7.4,12.5,7.4],"to":[8.6,15.25,8.6],"rotation":{"angle":0,"axis":"y","origin":[7.5,10,7.5]},"faces":{"north":{"uv":[4,8,5,11],"texture":"#2"},"east":{"uv":[5,8,6,11],"texture":"#2"},"south":{"uv":[6,8,7,11],"texture":"#2"},"west":{"uv":[7,8,8,11],"texture":"#2"},"up":{"uv":[14,14,13,13],"texture":"#2"},"down":{"uv":[1,14,0,15],"texture":"#2"}}},{"from":[7.5,6.5,7.5],"to":[8.5,7,8.5],"rotation":{"angle":0,"axis":"y","origin":[7.5,6.75,7.5]},"faces":{"north":{"uv":[10,14,11,14.5],"texture":"#2"},"east":{"uv":[14,10,15,10.5],"texture":"#2"},"south":{"uv":[11,14,12,14.5],"texture":"#2"},"west":{"uv":[14,11,15,11.5],"texture":"#2"}}},{"from":[7.4,0.75,7.4],"to":[8.6,6.5,8.6],"rotation":{"angle":0,"axis":"y","origin":[7.5,10,7.5]},"faces":{"north":{"uv":[3,0,4,6],"texture":"#2"},"east":{"uv":[4,0,5,6],"texture":"#2"},"south":{"uv":[5,0,6,6],"texture":"#2"},"west":{"uv":[6,0,7,6],"texture":"#2"},"up":{"uv":[15,1,14,0],"texture":"#2"},"down":{"uv":[2,14,1,15],"texture":"#2"}}},{"from":[7.5,9,7.5],"to":[8.5,9.5,8.5],"rotation":{"angle":0,"axis":"y","origin":[7.5,3.75,7.5]},"faces":{"north":{"uv":[12,14,13,14.5],"texture":"#2"},"east":{"uv":[14,12,15,12.5],"texture":"#2"},"south":{"uv":[13,14,14,14.5],"texture":"#2"},"west":{"uv":[14,13,15,13.5],"texture":"#2"},"up":{"uv":[15,2,14,1],"texture":"#2"},"down":{"uv":[3,14,2,15],"texture":"#2"}}},{"from":[7.4,11.5,7.4],"to":[8.6,12,8.6],"rotation":{"angle":0,"axis":"y","origin":[7.5,6.25,7.5]},"faces":{"north":{"uv":[14,14,15,14.5],"texture":"#2"},"east":{"uv":[0,15,1,15.5],"texture":"#2"},"south":{"uv":[15,0,16,0.5],"texture":"#2"},"west":{"uv":[1,15,2,15.5],"texture":"#2"},"up":{"uv":[15,3,14,2],"texture":"#2"},"down":{"uv":[4,14,3,15],"texture":"#2"}}},{"from":[7.4,7,7.4],"to":[8.6,7.5,8.6],"rotation":{"angle":0,"axis":"y","origin":[7.5,1.75,7.5]},"faces":{"north":{"uv":[15,1,16,1.5],"texture":"#2"},"east":{"uv":[2,15,3,15.5],"texture":"#2"},"south":{"uv":[15,2,16,2.5],"texture":"#2"},"west":{"uv":[3,15,4,15.5],"texture":"#2"},"up":{"uv":[15,4,14,3],"texture":"#2"},"down":{"uv":[5,14,4,15],"texture":"#2"}}},{"from":[7.6,8.5,7.6],"to":[8.4,9,8.4],"rotation":{"angle":0,"axis":"y","origin":[7.5,3.25,7.5]},"faces":{"north":{"uv":[15,3,16,3.5],"texture":"#2"},"east":{"uv":[4,15,5,15.5],"texture":"#2"},"south":{"uv":[15,4,16,4.5],"texture":"#2"},"west":{"uv":[5,15,6,15.5],"texture":"#2"}}},{"from":[7.6,9.5,7.6],"to":[8.4,10,8.4],"rotation":{"angle":0,"axis":"y","origin":[7.5,4.25,7.5]},"faces":{"north":{"uv":[15,5,16,5.5],"texture":"#2"},"east":{"uv":[6,15,7,15.5],"texture":"#2"},"south":{"uv":[15,6,16,6.5],"texture":"#2"},"west":{"uv":[7,15,8,15.5],"texture":"#2"}}},{"from":[7.37,0.17,7.37],"to":[8.63,1.43,8.63],"rotation":{"angle":-45,"axis":"x","origin":[8,0.8,8]},"faces":{"north":{"uv":[5,11,6.5,12.5],"texture":"#2"},"east":{"uv":[11,6,12.5,7.5],"texture":"#2"},"south":{"uv":[11,8,12.5,9.5],"texture":"#2"},"west":{"uv":[10,11,11.5,12.5],"texture":"#2"},"up":{"uv":[13.5,1.5,12,0],"texture":"#2"},"down":{"uv":[3.5,12,2,13.5],"texture":"#2"}}},{"from":[7.3,15.65,7],"to":[8.7,17.65,9],"rotation":{"angle":-45,"axis":"x","origin":[8,16.65,8]},"faces":{"north":{"uv":[8,8,9.5,10],"texture":"#2"},"east":{"uv":[3,6,5,8],"texture":"#2"},"south":{"uv":[0,9,1.5,11],"texture":"#2"},"west":{"uv":[5,6,7,8],"texture":"#2"},"up":{"uv":[10.5,2,9,0],"texture":"#2"},"down":{"uv":[10.5,2,9,4],"texture":"#2"}}},{"from":[7.1,15.95,7.3],"to":[8.9,17.35,8.7],"rotation":{"angle":-45,"axis":"x","origin":[8,16.65,8]},"faces":{"north":{"uv":[9,4,11,5.5],"texture":"#2"},"east":{"uv":[12,2,13.5,3.5],"texture":"#2"},"south":{"uv":[9,6,11,7.5],"texture":"#2"},"west":{"uv":[12,4,13.5,5.5],"texture":"#2"},"up":{"uv":[4,11.5,2,10],"texture":"#2"},"down":{"uv":[10,10,8,11.5],"texture":"#2"}}},{"from":[7.5,16.96589,5.54904],"to":[8.5,17.96589,7.54904],"rotation":{"angle":45,"axis":"x","origin":[8,17.61036,5.83536]},"faces":{"east":{"uv":[11,10,13,11],"texture":"#2"},"south":{"uv":[14,4,15,5],"texture":"#2"},"west":{"uv":[7,12,9,13],"texture":"#2"},"up":{"uv":[10,14,9,12],"texture":"#2"},"down":{"uv":[13,11,12,13],"texture":"#2"}}},{"from":[7.7,16.49291,5.30733],"to":[8.3,19.04291,6.30733],"rotation":{"angle":0,"axis":"x","origin":[8,17.61036,5.83536]},"faces":{"north":{"uv":[8,13,8.5,15.5],"texture":"#2"},"east":{"uv":[10,8,11,10.5],"texture":"#2"},"south":{"uv":[13,8,13.5,10.5],"texture":"#2"},"west":{"uv":[0,11,1,13.5],"texture":"#2"},"down":{"uv":[15.5,7,15,8],"texture":"#2"}}},{"from":[7.4,16.81694,4.73128],"to":[8.6,19.21694,5.73128],"rotation":{"angle":22.5,"axis":"x","origin":[8,17.61036,5.83536]},"faces":{"north":{"uv":[11,0,12,2.5],"texture":"#2"},"east":{"uv":[1,11,2,13.5],"texture":"#2"},"south":{"uv":[11,3,12,5.5],"texture":"#2"},"west":{"uv":[4,11,5,13.5],"texture":"#2"},"up":{"uv":[15,6,14,5],"texture":"#2"},"down":{"uv":[15,6,14,7],"texture":"#2"}}},{"from":[7,19,7],"to":[9,21,9],"rotation":{"angle":-45,"axis":"x","origin":[8,20,8]},"faces":{"north":{"uv":[0,7,2,9],"texture":"#2"},"east":{"uv":[7,0,9,2],"texture":"#2"},"south":{"uv":[7,2,9,4],"texture":"#2"},"west":{"uv":[7,4,9,6],"texture":"#2"},"up":{"uv":[9,8,7,6],"texture":"#2"},"down":{"uv":[4,8,2,10],"texture":"#2"}}},{"from":[7.975,15,3.75],"to":[8.025,22,6.25],"rotation":{"angle":0,"axis":"y","origin":[7.975,0,0]},"faces":{"east":{"uv":[2.5,0,0,7],"texture":"#2"},"west":{"uv":[0,0,2.5,7],"texture":"#2"}}},{"from":[7.4,16.81694,10.26872],"to":[8.6,19.21694,11.26872],"rotation":{"angle":-22.5,"axis":"x","origin":[8,17.61036,10.16464]},"faces":{"north":{"uv":[12,3,11,5.5],"texture":"#2"},"east":{"uv":[2,11,1,13.5],"texture":"#2"},"south":{"uv":[12,0,11,2.5],"texture":"#2"},"west":{"uv":[5,11,4,13.5],"texture":"#2"},"up":{"uv":[15,5,14,6],"texture":"#2"},"down":{"uv":[15,7,14,6],"texture":"#2"}}},{"from":[7.975,15,9.75],"to":[8.025,22,12.25],"rotation":{"angle":0,"axis":"y","origin":[7.975,0,16]},"faces":{"east":{"uv":[0,0,2.5,7],"texture":"#2"},"west":{"uv":[2.5,0,0,7],"texture":"#2"}}},{"from":[7.7,16.49291,9.69267],"to":[8.3,19.04291,10.69267],"rotation":{"angle":0,"axis":"x","origin":[8,17.61036,10.16464]},"faces":{"north":{"uv":[13.5,8,13,10.5],"texture":"#2"},"east":{"uv":[11,8,10,10.5],"texture":"#2"},"south":{"uv":[8.5,13,8,15.5],"texture":"#2"},"west":{"uv":[1,11,0,13.5],"texture":"#2"},"down":{"uv":[15.5,8,15,7],"texture":"#2"}}},{"from":[7.5,16.96589,8.45096],"to":[8.5,17.96589,10.45096],"rotation":{"angle":-45,"axis":"x","origin":[8,17.61036,10.16464]},"faces":{"north":{"uv":[15,4,14,5],"texture":"#2"},"east":{"uv":[13,10,11,11],"texture":"#2"},"west":{"uv":[9,12,7,13],"texture":"#2"},"up":{"uv":[10,12,9,14],"texture":"#2"},"down":{"uv":[13,13,12,11],"texture":"#2"}}},{"from":[6.725,16.5,4.5],"to":[6.775,23.5,11.5],"rotation":{"angle":0,"axis":"y","origin":[7.975,0,4.5]},"faces":{"east":{"uv":[16,0,0,16],"texture":"#1"},"west":{"uv":[0,0,16,16],"texture":"#1"}}},{"from":[9.225,16.5,4.5],"to":[9.275,23.5,11.5],"rotation":{"angle":0,"axis":"y","origin":[8.025,0,4.5]},"faces":{"east":{"uv":[16,0,0,16],"texture":"#1"},"west":{"uv":[0,0,16,16],"texture":"#1"}}}],"gui_light":"front","display":{"thirdperson_righthand":{"translation":[0,-3.5,0.75]},"thirdperson_lefthand":{"translation":[0,-3.5,0.75]},"firstperson_righthand":{"rotation":[-10,0,0],"translation":[0,1.25,1.25]},"firstperson_lefthand":{"rotation":[-10,0,0],"translation":[0,1.25,1.25]},"ground":{"rotation":[-45,0,0],"translation":[0,6.5,2.25]},"gui":{"rotation":[-90,45,90],"translation":[3,-3,0],"scale":[1.01992,1.01992,1.01992]},"head":{"scale":[0,0,0]},"fixed":{"rotation":[0,-90,0],"translation":[0,-4.75,-0.75],"scale":[2,2,2]}}}