{"credit":"MadewithBlockbench","textures":{"2":"gardenplus:plantes/big_dripleaf_stem","3":"gardenplus:plantes/bricks","4":"gardenplus:plantes/grass_block_top","5":"gardenplus:plantes/bamboo_stalk","6":"gardenplus:plantes/peony_top","particle":"gardenplus:plantes/big_dripleaf_stem"},"elements":[{"from":[5.25,11.15,8.8],"to":[17.05,22.65,8.8],"shade":false,"rotation":{"angle":-45,"axis":"y","origin":[10.7,15.4,8.8]},"faces":{"north":{"uv":[3,0,14,16],"texture":"#2"},"east":{"uv":[0,0,0,0],"texture":"#missing"},"south":{"uv":[3,0,14,16],"texture":"#2"},"west":{"uv":[0,0,0,0],"texture":"#missing"},"up":{"uv":[0,0,0,0],"texture":"#missing"},"down":{"uv":[0,0,0,0],"texture":"#missing"}}},{"from":[6.4,10.9,8.8],"to":[15.5,23.9,8.8],"shade":false,"rotation":{"angle":22.5,"axis":"y","origin":[10.7,15.4,8.8]},"faces":{"north":{"uv":[0,0,16,16],"texture":"#2"},"east":{"uv":[0,0,0,0],"texture":"#missing"},"south":{"uv":[0,0,16,16],"texture":"#2"},"west":{"uv":[0,0,0,0],"texture":"#missing"},"up":{"uv":[0,0,0,0],"texture":"#missing"},"down":{"uv":[0,0,0,0],"texture":"#missing"}}},{"from":[6.9,12.15,8.8],"to":[15,22.65,8.8],"shade":false,"rotation":{"angle":45,"axis":"y","origin":[10.7,15.4,8.8]},"faces":{"north":{"uv":[0,0,16,16],"texture":"#6"},"east":{"uv":[0,0,0,0],"texture":"#6"},"south":{"uv":[0,0,16,16],"texture":"#6"},"west":{"uv":[0,0,0,0],"texture":"#6"},"up":{"uv":[0,0,0,0],"texture":"#6"},"down":{"uv":[0,0,0,0],"texture":"#6"}}},{"from":[10.7,9.65,2],"to":[10.7,23.15,15.8],"shade":false,"rotation":{"angle":-22.5,"axis":"y","origin":[10.7,15.4,8.8]},"faces":{"north":{"uv":[0,0,0,0],"texture":"#6"},"east":{"uv":[0,0,16,16],"texture":"#6"},"south":{"uv":[0,0,0,0],"texture":"#6"},"west":{"uv":[0,0,16,16],"texture":"#6"},"up":{"uv":[0,0,0,0],"rotation":270,"texture":"#6"},"down":{"uv":[0,0,0,0],"rotation":90,"texture":"#6"}}},{"from":[10.4,5,8.5],"to":[11.15,15.2,9.2],"shade":false,"rotation":{"angle":-22.5,"axis":"y","origin":[10.7,15.4,8.8]},"faces":{"north":{"uv":[0,0,3,16],"texture":"#5"},"east":{"uv":[0,0,3,16],"texture":"#5"},"south":{"uv":[0,0,3,16],"texture":"#5"},"west":{"uv":[0,0,3,16],"texture":"#5"},"up":{"uv":[0,0,0,0],"rotation":270,"texture":"#5"},"down":{"uv":[0,0,0,0],"rotation":90,"texture":"#5"}}},{"from":[2.45,7.15,4],"to":[14.25,18.65,4],"shade":false,"rotation":{"angle":-45,"axis":"y","origin":[7.9,11.4,4]},"faces":{"north":{"uv":[3,0,14,16],"texture":"#2"},"east":{"uv":[0,0,0,0],"texture":"#missing"},"south":{"uv":[3,0,14,16],"texture":"#2"},"west":{"uv":[0,0,0,0],"texture":"#missing"},"up":{"uv":[0,0,0,0],"texture":"#missing"},"down":{"uv":[0,0,0,0],"texture":"#missing"}}},{"from":[3.6,6.9,4],"to":[12.7,19.9,4],"shade":false,"rotation":{"angle":22.5,"axis":"y","origin":[7.9,11.4,4]},"faces":{"north":{"uv":[0,0,16,16],"texture":"#2"},"east":{"uv":[0,0,0,0],"texture":"#missing"},"south":{"uv":[0,0,16,16],"texture":"#2"},"west":{"uv":[0,0,0,0],"texture":"#missing"},"up":{"uv":[0,0,0,0],"texture":"#missing"},"down":{"uv":[0,0,0,0],"texture":"#missing"}}},{"from":[7.9,5.65,-2.8],"to":[7.9,19.15,11],"shade":false,"rotation":{"angle":-22.5,"axis":"y","origin":[7.9,11.4,4]},"faces":{"north":{"uv":[0,0,0,0],"texture":"#6"},"east":{"uv":[0,0,16,16],"texture":"#6"},"south":{"uv":[0,0,0,0],"texture":"#6"},"west":{"uv":[0,0,16,16],"texture":"#6"},"up":{"uv":[0,0,0,0],"rotation":270,"texture":"#6"},"down":{"uv":[0,0,0,0],"rotation":90,"texture":"#6"}}},{"from":[7.6,1,3.7],"to":[8.35,11.2,4.4],"shade":false,"rotation":{"angle":-22.5,"axis":"y","origin":[7.9,11.4,4]},"faces":{"north":{"uv":[0,0,3,16],"texture":"#5"},"east":{"uv":[0,0,3,16],"texture":"#5"},"south":{"uv":[0,0,3,16],"texture":"#5"},"west":{"uv":[0,0,3,16],"texture":"#5"},"up":{"uv":[0,0,0,0],"rotation":270,"texture":"#5"},"down":{"uv":[0,0,0,0],"rotation":90,"texture":"#5"}}},{"from":[4.1,8.15,4],"to":[12.2,18.65,4],"shade":false,"rotation":{"angle":45,"axis":"y","origin":[7.9,11.4,4]},"faces":{"north":{"uv":[0,0,16,16],"texture":"#6"},"east":{"uv":[0,0,0,0],"texture":"#6"},"south":{"uv":[0,0,16,16],"texture":"#6"},"west":{"uv":[0,0,0,0],"texture":"#6"},"up":{"uv":[0,0,0,0],"texture":"#6"},"down":{"uv":[0,0,0,0],"texture":"#6"}}},{"from":[-0.35,4.85,9],"to":[11.45,16.35,9],"shade":false,"rotation":{"angle":-45,"axis":"y","origin":[5.1,9.1,9]},"faces":{"north":{"uv":[3,0,14,16],"texture":"#2"},"east":{"uv":[0,0,0,0],"texture":"#missing"},"south":{"uv":[3,0,14,16],"texture":"#2"},"west":{"uv":[0,0,0,0],"texture":"#missing"},"up":{"uv":[0,0,0,0],"texture":"#missing"},"down":{"uv":[0,0,0,0],"texture":"#missing"}}},{"from":[0.8,4.6,9],"to":[9.9,17.6,9],"shade":false,"rotation":{"angle":22.5,"axis":"y","origin":[5.1,9.1,9]},"faces":{"north":{"uv":[0,0,16,16],"texture":"#2"},"east":{"uv":[0,0,0,0],"texture":"#missing"},"south":{"uv":[0,0,16,16],"texture":"#2"},"west":{"uv":[0,0,0,0],"texture":"#missing"},"up":{"uv":[0,0,0,0],"texture":"#missing"},"down":{"uv":[0,0,0,0],"texture":"#missing"}}},{"from":[5.1,3.35,2.2],"to":[5.1,16.85,16],"shade":false,"rotation":{"angle":-22.5,"axis":"y","origin":[5.1,9.1,9]},"faces":{"north":{"uv":[0,0,0,0],"texture":"#6"},"east":{"uv":[0,0,16,16],"texture":"#6"},"south":{"uv":[0,0,0,0],"texture":"#6"},"west":{"uv":[0,0,16,16],"texture":"#6"},"up":{"uv":[0,0,0,0],"rotation":270,"texture":"#6"},"down":{"uv":[0,0,0,0],"rotation":90,"texture":"#6"}}},{"from":[4.8,0.2,8.7],"to":[5.55,8.9,9.4],"shade":false,"rotation":{"angle":-22.5,"axis":"y","origin":[5.1,9.1,9]},"faces":{"north":{"uv":[0,0,3,16],"texture":"#5"},"east":{"uv":[0,0,3,16],"texture":"#5"},"south":{"uv":[0,0,3,16],"texture":"#5"},"west":{"uv":[0,0,3,16],"texture":"#5"},"up":{"uv":[0,0,0,0],"rotation":270,"texture":"#5"},"down":{"uv":[0,0,0,0],"rotation":90,"texture":"#5"}}},{"from":[1.3,5.85,9],"to":[9.4,16.35,9],"shade":false,"rotation":{"angle":45,"axis":"y","origin":[5.1,9.1,9]},"faces":{"north":{"uv":[0,0,16,16],"texture":"#6"},"east":{"uv":[0,0,0,0],"texture":"#6"},"south":{"uv":[0,0,16,16],"texture":"#6"},"west":{"uv":[0,0,0,0],"texture":"#6"},"up":{"uv":[0,0,0,0],"texture":"#6"},"down":{"uv":[0,0,0,0],"texture":"#6"}}},{"from":[2,0.99,1],"to":[14,7.19,3],"shade":false,"rotation":{"angle":0,"axis":"y","origin":[0,5,0]},"faces":{"north":{"uv":[0,7,16,16],"texture":"#3"},"east":{"uv":[0,7,2,16],"texture":"#3"},"south":{"uv":[0,0,16,8],"texture":"#3"},"west":{"uv":[0,7,2,16],"texture":"#3"},"up":{"uv":[16,2,0,0],"texture":"#3"},"down":{"uv":[16,0,0,2],"texture":"#3"}}},{"from":[1,0.99,2],"to":[3,6.99,14],"shade":false,"rotation":{"angle":0,"axis":"y","origin":[0,5,0]},"faces":{"north":{"uv":[0,7,2,16],"texture":"#3"},"east":{"uv":[0,0,16,16],"texture":"#3"},"south":{"uv":[0,7,2,16],"texture":"#3"},"west":{"uv":[0,7,16,16],"texture":"#3"},"up":{"uv":[3,14,0,0],"texture":"#3"},"down":{"uv":[2,0,0,15],"texture":"#3"}}},{"from":[13,0.99,2],"to":[15,6.99,14],"shade":false,"rotation":{"angle":0,"axis":"y","origin":[0,5,0]},"faces":{"north":{"uv":[0,7,2,16],"texture":"#3"},"east":{"uv":[0,7,16,16],"texture":"#3"},"south":{"uv":[0,7,2,16],"texture":"#3"},"west":{"uv":[0,0,16,16],"texture":"#3"},"up":{"uv":[2,16,0,0],"texture":"#3"},"down":{"uv":[2,0,0,16],"texture":"#3"}}},{"from":[2,-0.01,2],"to":[14,0.99,14],"shade":false,"rotation":{"angle":0,"axis":"y","origin":[0,5,0]},"faces":{"north":{"uv":[0,0,16,2],"texture":"#3"},"east":{"uv":[0,0,16,2],"texture":"#3"},"south":{"uv":[0,0,16,2],"texture":"#3"},"west":{"uv":[0,0,16,2],"texture":"#3"},"up":{"uv":[8,8,0,0],"texture":"#3"},"down":{"uv":[16,0,0,16],"texture":"#3"}}},{"from":[2,0.99,2],"to":[14,5.69,14],"shade":false,"rotation":{"angle":0,"axis":"y","origin":[0,5,0]},"faces":{"north":{"uv":[0,0,0,0],"texture":"#4"},"east":{"uv":[0,0,0,0],"texture":"#4"},"south":{"uv":[0,0,0,0],"texture":"#4"},"west":{"uv":[0,0,0,0],"texture":"#4"},"up":{"uv":[16,16,0,0],"texture":"#4"},"down":{"uv":[8,0,0,8],"texture":"#4"}}},{"from":[2,0.99,13],"to":[14,7.19,15],"shade":false,"rotation":{"angle":0,"axis":"y","origin":[0,5,0]},"faces":{"north":{"uv":[0,0,16,8],"texture":"#3"},"east":{"uv":[0,7,2,16],"texture":"#3"},"south":{"uv":[0,7,16,16],"texture":"#3"},"west":{"uv":[0,7,2,16],"texture":"#3"},"up":{"uv":[16,2,0,0],"texture":"#3"},"down":{"uv":[16,0,0,2],"texture":"#3"}}}],"display":{"thirdperson_righthand":{"rotation":[75,45,0],"translation":[0,2.5,0],"scale":[0.375,0.375,0.375]},"thirdperson_lefthand":{"rotation":[75,45,0],"translation":[0,2.5,0],"scale":[0.375,0.375,0.375]},"firstperson_righthand":{"rotation":[0,45,0],"scale":[0.4,0.4,0.4]},"firstperson_lefthand":{"rotation":[0,45,0],"scale":[0.4,0.4,0.4]},"ground":{"translation":[0,2,0],"scale":[0.5,0.5,0.5]},"gui":{"rotation":[30,45,0],"translation":[0,-0.6,0],"scale":[0.5,0.5,0.5]},"head":{"translation":[0,-30.4,0],"scale":[1.6,1.6,1.6]},"fixed":{"rotation":[-90,180,0],"translation":[0,0,-14],"scale":[2.01,2.01,2.01]}}}