{
	"ambientocclusion": false,
	"textures": {
		"particle": "iaspecial_swords:item/lightsaber",
		"texture": "iaspecial_swords:item/lightsaber"
	},
	"elements": [
		{
			"name": "Lightsaber",
			"from": [7.625, 4.375, 7.625],
			"to": [8.375, 4.625, 8.25],
			"faces": {
				"north": {"uv": [13, 0.5, 15.5, 1], "texture": "#texture"},
				"east": {"uv": [13, 0.5, 15.5, 1], "texture": "#texture"},
				"south": {"uv": [13, 0.5, 15.5, 1], "texture": "#texture"},
				"west": {"uv": [13, 0.5, 15.5, 1], "texture": "#texture"},
				"up": {"uv": [13.5, 0, 14, 0.5], "texture": "#texture"},
				"down": {"uv": [9, 0.5, 9.5, 1], "texture": "#texture"}
			}
		},
		{
			"name": "Lightsaber",
			"from": [7.625, 0.125, 7.75],
			"to": [8.375, 0.375, 8.125],
			"faces": {
				"north": {"uv": [13, 14, 15.5, 15.5], "texture": "#texture"},
				"east": {"uv": [13, 14, 15.5, 15.5], "texture": "#texture"},
				"south": {"uv": [13, 14, 15.5, 15.5], "texture": "#texture"},
				"west": {"uv": [13, 14, 15.5, 15.5], "texture": "#texture"},
				"up": {"uv": [13.5, 0, 14.25, 0.375], "texture": "#texture"},
				"down": {"uv": [9.5, 1.5, 8.75, 1.125], "texture": "#texture"}
			}
		},
		{
			"name": "Lightsaber",
			"from": [7.625, 0.625, 7.75],
			"to": [8.375, 2, 8.125],
			"faces": {
				"north": {"uv": [12.5, 9, 16, 13], "texture": "#texture"},
				"east": {"uv": [12.5, 9, 16, 13], "texture": "#texture"},
				"south": {"uv": [12.5, 9, 16, 13], "texture": "#texture"},
				"west": {"uv": [12.5, 9, 16, 13], "texture": "#texture"},
				"up": {"uv": [14, 0, 14.75, 0.375], "texture": "#texture"},
				"down": {"uv": [10, 7.5, 9.25, 7.125], "texture": "#texture"}
			}
		},
		{
			"name": "Lightsaber",
			"from": [7.75, 0.125, 7.625],
			"to": [8.25, 0.375, 7.75],
			"faces": {
				"north": {"uv": [13, 14, 15.5, 15.5], "texture": "#texture"},
				"east": {"uv": [13, 14, 13.5, 15.5], "texture": "#texture"},
				"west": {"uv": [13, 14, 13.5, 15.5], "texture": "#texture"},
				"up": {"uv": [13, 14, 15.5, 14.5], "texture": "#texture"},
				"down": {"uv": [13, 15, 15.5, 15.5], "texture": "#texture"}
			}
		},
		{
			"name": "Lightsaber",
			"from": [7.75, 0.625, 7.625],
			"to": [8.25, 2, 7.75],
			"faces": {
				"north": {"uv": [12.5, 9, 16, 13], "texture": "#texture"},
				"east": {"uv": [12.5, 9, 13.5, 12.5], "texture": "#texture"},
				"west": {"uv": [12.5, 9, 13.5, 13], "texture": "#texture"},
				"up": {"uv": [14, 0, 14.75, 0.375], "texture": "#texture"},
				"down": {"uv": [10, 7.5, 9.25, 7.125], "texture": "#texture"}
			}
		},
		{
			"name": "Lightsaber",
			"from": [7.75, 0, 7.75],
			"to": [8.25, 0.125, 8.125],
			"faces": {
				"north": {"uv": [12.5, 15.5, 16, 16], "texture": "#texture"},
				"east": {"uv": [12.5, 15.5, 16, 16], "texture": "#texture"},
				"south": {"uv": [12.5, 15.5, 16, 16], "texture": "#texture"},
				"west": {"uv": [12.5, 15.5, 16, 16], "texture": "#texture"},
				"down": {"uv": [12, 14, 13.5, 15.5], "texture": "#texture"}
			}
		},
		{
			"name": "Lightsaber",
			"from": [7.75, 0.375, 7.75],
			"to": [8.25, 0.625, 8.125],
			"faces": {
				"north": {"uv": [13.5, 13, 15, 14], "texture": "#texture"},
				"east": {"uv": [13.5, 13, 15, 14], "texture": "#texture"},
				"south": {"uv": [13.5, 13, 15, 14], "texture": "#texture"},
				"west": {"uv": [13.5, 13, 15, 14], "texture": "#texture"}
			}
		},
		{
			"name": "Lightsaber",
			"from": [7.75, 2, 7.75],
			"to": [8.25, 3.375, 8.125],
			"faces": {
				"north": {"uv": [12.5, 4, 13.5, 9.5], "texture": "#texture"},
				"east": {"uv": [13, 4, 15.5, 9.5], "texture": "#texture"},
				"south": {"uv": [12.5, 4, 13.5, 9.5], "texture": "#texture"},
				"west": {"uv": [13, 4, 15.5, 9.5], "texture": "#texture"},
				"up": {"uv": [14, 0, 14.5, 0.375], "texture": "#texture"}
			}
		},
		{
			"name": "Lightsaber",
			"from": [7.75, 3.625, 7.75],
			"to": [8.25, 3.875, 8.125],
			"faces": {
				"north": {"uv": [13.5, 3, 15, 4.5], "texture": "#texture"},
				"east": {"uv": [13.5, 3, 15, 4.5], "texture": "#texture"},
				"south": {"uv": [13.5, 3, 15, 4.5], "texture": "#texture"},
				"west": {"uv": [13.5, 3, 15, 4.5], "texture": "#texture"},
				"up": {"uv": [13.5, 2, 15, 4], "texture": "#texture"},
				"down": {"uv": [9, 4, 10.5, 6], "texture": "#texture"}
			}
		},
		{
			"name": "Lightsaber",
			"from": [7.75, 4.125, 7.75],
			"to": [8.25, 4.375, 8.125],
			"faces": {
				"north": {"uv": [13, 1, 13.5, 2], "texture": "#texture"},
				"east": {"uv": [13.5, 1, 15, 2], "texture": "#texture"},
				"south": {"uv": [13, 1, 13.5, 2], "texture": "#texture"},
				"west": {"uv": [13.5, 1, 15, 2], "texture": "#texture"},
				"down": {"uv": [9, 0.5, 9.5, 1], "texture": "#texture"}
			}
		},
		{
			"name": "Lightsaber",
			"from": [7.75, 4.625, 7.75],
			"to": [8.25, 4.75, 8.125],
			"faces": {
				"north": {"uv": [13.5, 0, 15, 0.5], "texture": "#texture"},
				"east": {"uv": [13.5, 0, 15, 0.5], "texture": "#texture"},
				"south": {"uv": [13.5, 0, 15, 0.5], "texture": "#texture"},
				"west": {"uv": [13.5, 0, 15, 0.5], "texture": "#texture"},
				"up": {"uv": [14, 0, 14.5, 0.5], "texture": "#texture"},
				"down": {"uv": [10, 0, 11, 0.5], "texture": "#texture"}
			}
		},
		{
			"name": "Lightsaber",
			"from": [7.75, 0.125, 8.125],
			"to": [8.25, 0.375, 8.25],
			"faces": {
				"east": {"uv": [13, 14, 13.5, 15.5], "texture": "#texture"},
				"south": {"uv": [13, 14, 15.5, 15.5], "texture": "#texture"},
				"west": {"uv": [13, 14, 13.5, 15.5], "texture": "#texture"},
				"up": {"uv": [13.5, 0, 15, 0.5], "texture": "#texture"},
				"down": {"uv": [8, 0, 9, 0.5], "texture": "#texture"}
			}
		},
		{
			"name": "Lightsaber",
			"from": [7.75, 0.625, 8.125],
			"to": [8.25, 2, 8.25],
			"faces": {
				"east": {"uv": [12.5, 9, 13.5, 13], "texture": "#texture"},
				"south": {"uv": [12.5, 9, 16, 13], "texture": "#texture"},
				"west": {"uv": [12.5, 9, 13.5, 13], "texture": "#texture"},
				"up": {"uv": [14, 0, 14.75, 0.375], "texture": "#texture"},
				"down": {"uv": [10, 7.5, 9.25, 7.125], "texture": "#texture"}
			}
		},
		{
			"name": "Lightsaber",
			"from": [7.875, 4.375, 7.5],
			"to": [8.125, 4.625, 7.625],
			"faces": {
				"north": {"uv": [13.5, 0.5, 15, 1], "texture": "#texture"},
				"east": {"uv": [13, 0.5, 13.5, 1], "texture": "#texture"},
				"west": {"uv": [13, 0.5, 13.5, 1], "texture": "#texture"},
				"up": {"uv": [13.5, 0, 15, 0.5], "texture": "#texture"},
				"down": {"uv": [6.5, 6, 8, 6.5], "texture": "#texture"}
			}
		},
		{
			"name": "Lightsaber",
			"from": [7.875, 4.125, 7.625],
			"to": [8.125, 4.375, 7.75],
			"faces": {
				"north": {"uv": [13.5, 1, 15, 2], "texture": "#texture"},
				"east": {"uv": [13, 1, 13.5, 2], "texture": "#texture"},
				"west": {"uv": [13, 1, 13.5, 2], "texture": "#texture"},
				"down": {"uv": [9, 0.5, 9.5, 1], "texture": "#texture"}
			}
		},
		{
			"name": "Lightsaber",
			"from": [7.875, 3.375, 7.75],
			"to": [8.125, 3.625, 8.125],
			"faces": {
				"north": {"uv": [13.5, 2, 15, 4], "texture": "#texture"},
				"east": {"uv": [13.5, 2, 15, 4], "texture": "#texture"},
				"south": {"uv": [13.5, 2, 15, 4], "texture": "#texture"},
				"west": {"uv": [13.5, 2, 15, 4], "texture": "#texture"}
			}
		},
		{
			"name": "DroobledoreLLC",
			"from": [7.875, 3.875, 7.75],
			"to": [8.125, 4.125, 8.125],
			"faces": {
				"north": {"uv": [13.5, 2, 15, 4], "texture": "#texture"},
				"east": {"uv": [13.5, 2, 15, 4], "texture": "#texture"},
				"south": {"uv": [13.5, 2, 15, 4], "texture": "#texture"},
				"west": {"uv": [13.5, 2, 15, 4], "texture": "#texture"}
			}
		},
		{
			"name": "Lightsaber",
			"from": [7.875, 4.625, 7.625],
			"to": [8.125, 4.75, 7.75],
			"faces": {
				"north": {"uv": [13.5, 0, 15, 0.5], "texture": "#texture"},
				"east": {"uv": [13.5, 0, 14, 0.5], "texture": "#texture"},
				"west": {"uv": [13.5, 0, 14, 0.5], "texture": "#texture"},
				"up": {"uv": [14, 0, 14.5, 0.5], "texture": "#texture"}
			}
		},
		{
			"name": "Lightsaber",
			"from": [7.875, 2, 8.125],
			"to": [8.125, 3.375, 8.25],
			"faces": {
				"east": {"uv": [12.5, 4, 13.5, 9.5], "texture": "#texture"},
				"south": {"uv": [13.5, 4, 15, 9.5], "texture": "#texture"},
				"west": {"uv": [12.5, 4, 13.5, 9.5], "texture": "#texture"},
				"up": {"uv": [14, 0, 14.5, 0.375], "texture": "#texture"}
			}
		},
		{
			"name": "Lightsaber",
			"from": [7.875, 3.625, 8.125],
			"to": [8.125, 3.875, 8.25],
			"faces": {
				"east": {"uv": [14, 3, 14.5, 4.5], "texture": "#texture"},
				"south": {"uv": [14, 3, 14.5, 4.5], "texture": "#texture"},
				"west": {"uv": [14, 3, 14.5, 4.5], "texture": "#texture"},
				"up": {"uv": [13.5, 2, 15, 4], "texture": "#texture"},
				"down": {"uv": [9, 4, 10.5, 6], "texture": "#texture"}
			}
		},
		{
			"name": "Lightsaber",
			"from": [7.875, 4.125, 8.125],
			"to": [8.125, 4.375, 8.25],
			"faces": {
				"east": {"uv": [13, 1, 13.5, 2], "texture": "#texture"},
				"south": {"uv": [13.5, 1, 15, 2], "texture": "#texture"},
				"west": {"uv": [13, 1, 13.5, 2], "texture": "#texture"},
				"down": {"uv": [9, 0.5, 9.5, 1], "texture": "#texture"}
			}
		},
		{
			"name": "Lightsaber",
			"from": [7.875, 1.125, 8.25],
			"to": [8.125, 2, 8.5],
			"faces": {
				"east": {"uv": [11.5, 9.5, 12.5, 12.5], "texture": "#texture"},
				"south": {"uv": [14, 4, 14.5, 9.5], "texture": "#texture"},
				"west": {"uv": [11.5, 9.5, 12.5, 12.5], "texture": "#texture"},
				"up": {"uv": [11.5, 9.5, 12.5, 10], "rotation": 270, "texture": "#texture"},
				"down": {"uv": [11.5, 12, 12.5, 12.5], "rotation": 90, "texture": "#texture"}
			}
		},
		{
			"name": "Lightsaber",
			"from": [7.875, 4.375, 8.25],
			"to": [8.125, 4.625, 8.375],
			"faces": {
				"east": {"uv": [13, 0.5, 13.5, 1], "texture": "#texture"},
				"south": {"uv": [13.5, 0.5, 15, 1], "texture": "#texture"},
				"west": {"uv": [13, 0.5, 13.5, 1], "texture": "#texture"},
				"up": {"uv": [13.5, 0, 15, 0.5], "texture": "#texture"},
				"down": {"uv": [6.5, 6, 8, 6.5], "texture": "#texture"}
			}
		},
		{
			"name": "Lightsaber*",
			"from": [7.875, 2, 7.625],
			"to": [8.125, 3.375, 7.75],
			"faces": {
				"north": {"uv": [13.5, 4, 15, 9.5], "texture": "#texture"},
				"east": {"uv": [12.5, 4, 13.5, 9.5], "texture": "#texture"},
				"west": {"uv": [12.5, 4, 13.5, 9.5], "texture": "#texture"},
				"up": {"uv": [14, 0, 14.5, 0.375], "texture": "#texture"}
			}
		},
		{
			"name": "Lightsaber*",
			"from": [7.875, 3.625, 7.625],
			"to": [8.125, 3.875, 7.75],
			"faces": {
				"north": {"uv": [14, 3, 14.5, 4.5], "texture": "#texture"},
				"east": {"uv": [14, 3, 14.5, 4.5], "texture": "#texture"},
				"west": {"uv": [14, 3, 14.5, 4.5], "texture": "#texture"},
				"up": {"uv": [13.5, 2, 15, 4], "texture": "#texture"},
				"down": {"uv": [9, 4, 10.5, 6], "texture": "#texture"}
			}
		},
		{
			"name": "Lightsaber*",
			"from": [7.875, 4.625, 8.125],
			"to": [8.125, 4.75, 8.25],
			"faces": {
				"east": {"uv": [13.5, 0, 14, 0.5], "texture": "#texture"},
				"south": {"uv": [13.5, 0, 15, 0.5], "texture": "#texture"},
				"west": {"uv": [13.5, 0, 14, 0.5], "texture": "#texture"},
				"up": {"uv": [14, 0, 14.5, 0.5], "texture": "#texture"}
			}
		},
		{
			"name": "blade*",
			"from": [7.875, 4.75, 7.8125],
			"to": [8.125, 16, 8.0625],
			"faces": {
				"north": {"uv": [0, 0, 0.5, 11], "texture": "#texture"},
				"east": {"uv": [0, 0, 0.5, 11], "texture": "#texture"},
				"south": {"uv": [0, 0, 0.5, 11], "texture": "#texture"},
				"west": {"uv": [0, 0, 0.5, 11], "texture": "#texture"},
				"up": {"uv": [0, 0, 0.5, 0.5], "texture": "#texture"},
				"down": {"uv": [0.5, 0.5, 0, 0], "texture": "#texture"}
			}
		},
		{
			"name": "bladeglow",
			"from": [7.875, 4.75, 8.0625],
			"to": [8.125, 16.125, 8.3125],
			"faces": {
				"east": {"uv": [7.5, 0, 8.5, 16], "texture": "#lightsaber_glow"},
				"south": {"uv": [7.5, 0, 8.5, 16], "texture": "#lightsaber_glow"},
				"west": {"uv": [7.5, 0, 8.5, 16], "texture": "#lightsaber_glow"},
				"up": {"uv": [0, 0, 0.5, 0.5], "texture": "#lightsaber_glow"},
				"down": {"uv": [0.5, 0.5, 0, 0], "texture": "#lightsaber_glow"}
			}
		},
		{
			"name": "glowtop",
			"from": [7.875, 16.125, 7.8125],
			"to": [8.125, 16.3125, 8.0625],
			"faces": {
				"north": {"uv": [7.5, 0, 8.25, 0.5], "texture": "#lightsaber_glow"},
				"east": {"uv": [7.5, 0, 8.3125, 0.4375], "texture": "#lightsaber_glow"},
				"south": {"uv": [7.5, 0, 8.1875, 0.375], "texture": "#lightsaber_glow"},
				"west": {"uv": [7.5, 0, 8.25, 0.4375], "texture": "#lightsaber_glow"},
				"up": {"uv": [0, 0, 0.5, 0.5], "texture": "#lightsaber_glow"}
			}
		},
		{
			"name": "bladeglow*",
			"from": [8.125, 4.75, 7.8125],
			"to": [8.375, 16.125, 8.0625],
			"faces": {
				"north": {"uv": [7.5, 0, 8.5, 16], "texture": "#lightsaber_glow"},
				"east": {"uv": [7.5, 0, 8.5, 16], "texture": "#lightsaber_glow"},
				"south": {"uv": [7.5, 0, 8.5, 16], "texture": "#lightsaber_glow"},
				"up": {"uv": [0, 0, 0.5, 0.5], "texture": "#lightsaber_glow"},
				"down": {"uv": [0.5, 0.5, 0, 0], "texture": "#lightsaber_glow"}
			}
		},
		{
			"name": "bladeglow*",
			"from": [7.875, 4.75, 7.5625],
			"to": [8.125, 16.125, 7.8125],
			"faces": {
				"north": {"uv": [7.5, 0, 8.5, 16], "texture": "#lightsaber_glow"},
				"east": {"uv": [7.5, 0, 8.5, 16], "texture": "#lightsaber_glow"},
				"west": {"uv": [7.5, 0, 8.5, 16], "texture": "#lightsaber_glow"},
				"up": {"uv": [0, 0, 0.5, 0.5], "texture": "#lightsaber_glow"},
				"down": {"uv": [0.5, 0.5, 0, 0], "texture": "#lightsaber_glow"}
			}
		},
		{
			"name": "bladeglow*",
			"from": [7.625, 4.75, 7.8125],
			"to": [7.875, 16.125, 8.0625],
			"faces": {
				"north": {"uv": [7.5, 0, 8.5, 16], "texture": "#lightsaber_glow"},
				"south": {"uv": [7.5, 0, 8.5, 16], "texture": "#lightsaber_glow"},
				"west": {"uv": [7.5, 0, 8.5, 16], "texture": "#lightsaber_glow"},
				"up": {"uv": [0, 0, 0.5, 0.5], "texture": "#lightsaber_glow"},
				"down": {"uv": [0.5, 0.5, 0, 0], "texture": "#lightsaber_glow"}
			}
		}
	],
	"display": {
		"thirdperson_righthand": {
			"translation": [0, 11, 1],
			"scale": [2.2, 2.2, 2.2]
		},
		"thirdperson_lefthand": {
			"translation": [0, 11, 1],
			"scale": [2.2, 2.2, 2.2]
		},
		"firstperson_righthand": {
			"rotation": [0, -99, -14],
			"translation": [1, 7.18, 0.56],
			"scale": [1.5, 1.5, 1.5]
		},
		"firstperson_lefthand": {
			"rotation": [0, 99, 14],
			"translation": [1, 7.18, 0.56],
			"scale": [1.5, 1.5, 1.5]
		},
		"ground": {
			"rotation": [-70, 0, 0],
			"scale": [1.3, 1.3, 1.3]
		},
		"gui": {
			"rotation": [-6, 3, -45],
			"scale": [1.2, 1.2, 1.2]
		},
		"head": {
			"rotation": [0, 180, -146],
			"translation": [0.2, -15.7, 4],
			"scale": [3, 3, 3]
		},
		"fixed": {
			"rotation": [0, 90, 0],
			"translation": [0, 0, -0.38],
			"scale": [1.2, 1.2, 1.2]
		}
	}
}