{"credit":"MadewithBlockbench","texture_size":[32,32],"textures":{"0":"jeqo:dragon_set/orange/orange_dragon_key"},"elements":[{"from":[7.5,17,1],"to":[8.5,23,7],"rotation":{"angle":0,"axis":"y","origin":[0,1,0]},"faces":{"north":{"uv":[11,2,11.5,5],"texture":"#0"},"east":{"uv":[4.5,0,7.5,3],"texture":"#0"},"south":{"uv":[11,5,11.5,8],"texture":"#0"},"west":{"uv":[4.5,3,7.5,6],"texture":"#0"},"up":{"uv":[11.5,11,11,8],"texture":"#0"},"down":{"uv":[9,11,8.5,14],"texture":"#0"}}},{"from":[6.5,16,0],"to":[9.5,21,3],"rotation":{"angle":0,"axis":"y","origin":[0,1,0]},"faces":{"north":{"uv":[9.5,0,11,2.5],"texture":"#0"},"east":{"uv":[9.5,2.5,11,5],"texture":"#0"},"south":{"uv":[4,9.5,5.5,12],"texture":"#0"},"west":{"uv":[9.5,5,11,7.5],"texture":"#0"},"up":{"uv":[11,9,9.5,7.5],"texture":"#0"},"down":{"uv":[10,9.5,8.5,11],"texture":"#0"}}},{"from":[8.4,18.5,-5],"to":[8.4,27.5,4],"rotation":{"angle":22.5,"axis":"z","origin":[8.4,18.5,-1]},"faces":{"north":{"uv":[0,0,0,4.5],"texture":"#0"},"east":{"uv":[0,0,4.5,4.5],"texture":"#0"},"south":{"uv":[0,0,0,4.5],"texture":"#0"},"west":{"uv":[0,4.5,4.5,9],"texture":"#0"},"up":{"uv":[0,4.5,0,0],"texture":"#0"},"down":{"uv":[0,0,0,4.5],"texture":"#0"}}},{"from":[7.6,18.5,-5],"to":[7.6,27.5,4],"rotation":{"angle":-22.5,"axis":"z","origin":[7.6,18.5,-1]},"faces":{"north":{"uv":[0,0,0,4.5],"texture":"#0"},"east":{"uv":[4.5,4.5,0,9],"texture":"#0"},"south":{"uv":[0,0,0,4.5],"texture":"#0"},"west":{"uv":[4.5,0,0,4.5],"texture":"#0"},"up":{"uv":[0,4.5,0,0],"texture":"#0"},"down":{"uv":[0,0,0,4.5],"texture":"#0"}}},{"from":[7,4,1],"to":[9,9,5],"faces":{"north":{"uv":[6.5,9.5,7.5,12],"texture":"#0"},"east":{"uv":[0,9,2,11.5],"texture":"#0"},"south":{"uv":[7.5,9.5,8.5,12],"texture":"#0"},"west":{"uv":[2,9,4,11.5],"texture":"#0"},"up":{"uv":[11,11,10,9],"texture":"#0"},"down":{"uv":[12,0,11,2],"texture":"#0"}}},{"from":[7.5,5,2],"to":[8.5,17,4],"faces":{"north":{"uv":[5.5,9.5,6,15.5],"texture":"#0"},"east":{"uv":[7.5,0,8.5,6],"texture":"#0"},"south":{"uv":[6,9.5,6.5,15.5],"texture":"#0"},"west":{"uv":[8.5,0,9.5,6],"texture":"#0"},"up":{"uv":[9.5,12,9,11],"texture":"#0"},"down":{"uv":[10,11,9.5,12],"texture":"#0"}}},{"from":[8,5,5],"to":[8,12,10],"rotation":{"angle":0,"axis":"y","origin":[0,0.5,0]},"faces":{"north":{"uv":[0,0,0,3.5],"texture":"#0"},"east":{"uv":[4.5,6,7,9.5],"texture":"#0"},"south":{"uv":[0,0,0,3.5],"texture":"#0"},"west":{"uv":[7,6,9.5,9.5],"texture":"#0"},"up":{"uv":[0,2.5,0,0],"texture":"#0"},"down":{"uv":[0,0,0,2.5],"texture":"#0"}}}],"gui_light":"front","display":{"thirdperson_righthand":{"rotation":[102,0,0],"translation":[0,-1.75,-6.5],"scale":[0.5,0.5,0.5]},"thirdperson_lefthand":{"rotation":[102,0,0],"translation":[0,-1.75,-6.5],"scale":[0.5,0.5,0.5]},"firstperson_righthand":{"rotation":[99.5,-22,0],"translation":[1.75,0,-5.75],"scale":[0.5,0.5,0.5]},"firstperson_lefthand":{"rotation":[99.5,-22,0],"translation":[1.75,0,-5.75],"scale":[0.5,0.5,0.5]},"ground":{"rotation":[45,0,0],"translation":[0,1,0],"scale":[0.5,0.5,0.5]},"gui":{"rotation":[89.04,38.24,-89.44],"translation":[-1.25,-7.25,-0.5],"scale":[0.8,0.8,0.8]},"fixed":{"rotation":[90,-45,90],"translation":[1,-8.5,-0.5]}}}