{
	"credit": "Made with Blockbench",
	"texture_size": [128, 128],
	"textures": {
		"0": "jeqo:dragon_set/orange/orange_dragon_shield",
		"particle": "jeqo:dragon_set/orange/orange_dragon_shield"
	},
	"elements": [
		{
			"from": [0, 11, 7.5],
			"to": [16, 27, 8.5],
			"rotation": {"angle": 0, "axis": "y", "origin": [0, 11, 7.5]},
			"faces": {
				"north": {"uv": [0, 4.375, 2, 6.375], "texture": "#0"},
				"east": {"uv": [7, 6.375, 7.125, 8.375], "texture": "#0"},
				"south": {"uv": [2, 4.375, 4, 6.375], "texture": "#0"},
				"west": {"uv": [0, 7.125, 0.125, 9.125], "texture": "#0"},
				"up": {"uv": [2.125, 7.25, 0.125, 7.125], "texture": "#0"},
				"down": {"uv": [9.125, 1.5, 7.125, 1.625], "texture": "#0"}
			}
		},
		{
			"from": [4, 16, 8.5],
			"to": [12, 22, 14.5],
			"rotation": {"angle": 0, "axis": "y", "origin": [0, 11, 8.5]},
			"faces": {
				"north": {"uv": [0, 6.375, 1, 7.125], "texture": "#0"},
				"east": {"uv": [6.5, 0, 7.25, 0.75], "texture": "#0"},
				"south": {"uv": [1, 6.375, 2, 7.125], "texture": "#0"},
				"west": {"uv": [6.5, 0.75, 7.25, 1.5], "texture": "#0"},
				"up": {"uv": [3, 7.125, 2, 6.375], "texture": "#0"},
				"down": {"uv": [4, 6.375, 3, 7.125], "texture": "#0"}
			}
		},
		{
			"from": [15.03701, 19.64971, 7],
			"to": [17.03701, 26.64971, 9],
			"rotation": {"angle": 0, "axis": "y", "origin": [16.03701, 12.14971, 7.5]},
			"faces": {
				"north": {"uv": [7.25, 0, 7.5, 0.875], "texture": "#0"},
				"east": {"uv": [0.125, 7.25, 0.375, 8.125], "texture": "#0"},
				"south": {"uv": [0.375, 7.25, 0.625, 8.125], "texture": "#0"},
				"west": {"uv": [0.625, 7.25, 0.875, 8.125], "texture": "#0"},
				"up": {"uv": [7.625, 7, 7.375, 6.75], "texture": "#0"},
				"down": {"uv": [7.625, 7, 7.375, 7.25], "texture": "#0"}
			}
		},
		{
			"from": [8.5, 24.95, 6.5],
			"to": [16.5, 27.95, 9.5],
			"rotation": {"angle": -22.5, "axis": "z", "origin": [13.5, 25.95, 7.75]},
			"faces": {
				"north": {"uv": [6.5, 3.5, 7.5, 3.875], "texture": "#0"},
				"east": {"uv": [5.25, 7.25, 5.5, 7.625], "texture": "#0"},
				"south": {"uv": [6.5, 3.875, 7.5, 4.25], "texture": "#0"},
				"west": {"uv": [5.5, 7.25, 5.75, 7.625], "texture": "#0"},
				"up": {"uv": [8.125, 1.875, 7.125, 1.625], "texture": "#0"},
				"down": {"uv": [8.125, 1.875, 7.125, 2.125], "texture": "#0"}
			}
		},
		{
			"from": [-0.5, 24.95, 6.5],
			"to": [7.5, 27.95, 9.5],
			"rotation": {"angle": 22.5, "axis": "z", "origin": [2.5, 25.95, 8]},
			"faces": {
				"north": {"uv": [6.5, 2.75, 7.5, 3.125], "texture": "#0"},
				"east": {"uv": [7.25, 0.875, 7.5, 1.25], "texture": "#0"},
				"south": {"uv": [6.5, 3.125, 7.5, 3.5], "texture": "#0"},
				"west": {"uv": [5, 7.25, 5.25, 7.625], "texture": "#0"},
				"up": {"uv": [8, 6.125, 7, 5.875], "texture": "#0"},
				"down": {"uv": [8, 6.125, 7, 6.375], "texture": "#0"}
			}
		},
		{
			"from": [-1.03701, 19.64971, 7],
			"to": [0.96299, 26.64971, 9],
			"rotation": {"angle": 0, "axis": "y", "origin": [-0.03701, 12.14971, 7.5]},
			"faces": {
				"north": {"uv": [0.875, 7.25, 1.125, 8.125], "texture": "#0"},
				"east": {"uv": [1.125, 7.25, 1.375, 8.125], "texture": "#0"},
				"south": {"uv": [1.375, 7.25, 1.625, 8.125], "texture": "#0"},
				"west": {"uv": [1.625, 7.25, 1.875, 8.125], "texture": "#0"},
				"up": {"uv": [7.375, 7.625, 7.125, 7.375], "texture": "#0"},
				"down": {"uv": [7.625, 7.25, 7.375, 7.5], "texture": "#0"}
			}
		},
		{
			"from": [5.5, 25.75, 6],
			"to": [10.5, 30.75, 10],
			"rotation": {"angle": 45, "axis": "z", "origin": [8, 28.25, 8]},
			"faces": {
				"north": {"uv": [6.5, 1.5, 7.125, 2.125], "texture": "#0"},
				"east": {"uv": [6.5, 6.875, 7, 7.5], "texture": "#0"},
				"south": {"uv": [6.5, 2.125, 7.125, 2.75], "texture": "#0"},
				"west": {"uv": [7, 4.25, 7.5, 4.875], "texture": "#0"},
				"up": {"uv": [7.625, 5.375, 7, 4.875], "texture": "#0"},
				"down": {"uv": [7.625, 5.375, 7, 5.875], "texture": "#0"}
			}
		},
		{
			"from": [12.17678, 4.07322, 7],
			"to": [14.17678, 12.07322, 9],
			"rotation": {"angle": -22.5, "axis": "z", "origin": [12.17678, 6.07322, 8]},
			"faces": {
				"north": {"uv": [2.125, 7.125, 2.375, 8.125], "texture": "#0"},
				"east": {"uv": [2.375, 7.125, 2.625, 8.125], "texture": "#0"},
				"south": {"uv": [2.625, 7.125, 2.875, 8.125], "texture": "#0"},
				"west": {"uv": [2.875, 7.125, 3.125, 8.125], "texture": "#0"},
				"up": {"uv": [7.75, 0.25, 7.5, 0], "texture": "#0"},
				"down": {"uv": [7.75, 0.25, 7.5, 0.5], "texture": "#0"}
			}
		},
		{
			"from": [2.07322, 4.07322, 7],
			"to": [4.07322, 12.07322, 9],
			"rotation": {"angle": 22.5, "axis": "z", "origin": [4.07322, 6.07322, 8]},
			"faces": {
				"north": {"uv": [3.125, 7.125, 3.375, 8.125], "texture": "#0"},
				"east": {"uv": [3.375, 7.125, 3.625, 8.125], "texture": "#0"},
				"south": {"uv": [3.625, 7.125, 3.875, 8.125], "texture": "#0"},
				"west": {"uv": [7.125, 6.375, 7.375, 7.375], "texture": "#0"},
				"up": {"uv": [7.75, 0.75, 7.5, 0.5], "texture": "#0"},
				"down": {"uv": [7.75, 0.75, 7.5, 1], "texture": "#0"}
			}
		},
		{
			"from": [2, 1, 7.5],
			"to": [14, 11, 7.5],
			"rotation": {"angle": 0, "axis": "y", "origin": [0, 11, 7.5]},
			"faces": {
				"north": {"uv": [4, 4.375, 5.5, 5.625], "texture": "#0"},
				"east": {"uv": [0, 0, 0, 1.25], "texture": "#0"},
				"south": {"uv": [5.5, 4.375, 7, 5.625], "texture": "#0"},
				"west": {"uv": [0, 0, 0, 1.25], "texture": "#0"},
				"up": {"uv": [1.5, 0, 0, 0], "texture": "#0"},
				"down": {"uv": [1.5, 0, 0, 0], "texture": "#0"}
			}
		},
		{
			"from": [2, 1, 8.5],
			"to": [14, 11, 8.5],
			"rotation": {"angle": 0, "axis": "y", "origin": [0, 11, 8.5]},
			"faces": {
				"north": {"uv": [4, 5.625, 5.5, 6.875], "texture": "#0"},
				"east": {"uv": [0, 0, 0, 1.25], "texture": "#0"},
				"south": {"uv": [5.5, 5.625, 7, 6.875], "texture": "#0"},
				"west": {"uv": [0, 0, 0, 1.25], "texture": "#0"},
				"up": {"uv": [1.5, 0, 0, 0], "texture": "#0"},
				"down": {"uv": [1.5, 0, 0, 0], "texture": "#0"}
			}
		},
		{
			"from": [3.11736, 0.40464, 6.975],
			"to": [6.11736, 7.65464, 9.025],
			"rotation": {"angle": 45, "axis": "z", "origin": [8.11736, 5.40464, 7.5]},
			"faces": {
				"north": {"uv": [4, 6.875, 4.375, 7.75], "texture": "#0"},
				"east": {"uv": [1.875, 7.25, 2.125, 8.125], "texture": "#0"},
				"south": {"uv": [4.375, 6.875, 4.75, 7.75], "texture": "#0"},
				"west": {"uv": [4.75, 7.25, 5, 8.125], "texture": "#0"},
				"up": {"uv": [7.625, 1.5, 7.25, 1.25], "texture": "#0"},
				"down": {"uv": [6.125, 7.25, 5.75, 7.5], "texture": "#0"}
			}
		},
		{
			"from": [2.57198, -0.24181, 6.95],
			"to": [9.82198, 2.75819, 9.05],
			"rotation": {"angle": 45, "axis": "z", "origin": [7.07198, 5.75819, 7.5]},
			"faces": {
				"north": {"uv": [4.75, 6.875, 5.625, 7.25], "texture": "#0"},
				"east": {"uv": [6.125, 7.25, 6.375, 7.625], "texture": "#0"},
				"south": {"uv": [5.625, 6.875, 6.5, 7.25], "texture": "#0"},
				"west": {"uv": [7.375, 6.375, 7.625, 6.75], "texture": "#0"},
				"up": {"uv": [8, 2.375, 7.125, 2.125], "texture": "#0"},
				"down": {"uv": [8, 2.375, 7.125, 2.625], "texture": "#0"}
			}
		},
		{
			"from": [-5, -3, 8],
			"to": [21, 32, 8],
			"rotation": {"angle": 0, "axis": "y", "origin": [0, 11, 7.5]},
			"faces": {
				"north": {"uv": [0, 0, 3.25, 4.375], "texture": "#0"},
				"east": {"uv": [0, 0, 0, 4.375], "texture": "#0"},
				"south": {"uv": [3.25, 0, 6.5, 4.375], "texture": "#0"},
				"west": {"uv": [0, 0, 0, 4.375], "texture": "#0"},
				"up": {"uv": [3.25, 0, 0, 0], "texture": "#0"},
				"down": {"uv": [3.25, 0, 0, 0], "texture": "#0"}
			}
		}
	],
	"gui_light": "front",
	"display": {
		"thirdperson_righthand": {
			"rotation": [33.54, -37.47, 4.88],
			"translation": [2.5, -6.5, -6],
			"scale": [0.75, 0.75, 0.75]
		},
		"thirdperson_lefthand": {
			"rotation": [33.54, -37.47, 4.88],
			"translation": [2.5, -6.5, -6],
			"scale": [0.75, 0.75, 0.75]
		},
		"firstperson_righthand": {
			"rotation": [0, 0, 5.25],
			"translation": [-6, -2.5, 3.5],
			"scale": [0.5, 0.5, 0.5]
		},
		"firstperson_lefthand": {
			"rotation": [0, 0, 5.25],
			"translation": [-6, -2.5, 3.5],
			"scale": [0.5, 0.5, 0.5]
		},
		"ground": {
			"translation": [0, 3, 0],
			"scale": [0.4, 0.4, 0.4]
		},
		"gui": {
			"rotation": [0, -180, 0],
			"translation": [0, -3.25, 0],
			"scale": [0.5, 0.5, 0.5]
		},
		"fixed": {
			"translation": [0, -4, -1],
			"scale": [0.6, 0.6, 0.6]
		}
	},
	"groups": [
		0,
		1,
		2,
		3,
		4,
		5,
		6,
		7,
		8,
		9,
		10,
		11,
		12,
		{
			"name": "group",
			"origin": [0.05, 11, 7.5],
			"color": 0,
			"children": [13]
		}
	]
}