{"credit":"MadewithBlockbench","texture_size":[64,64],"textures":{"1":"elitecreature:japan_furniture_v3/jf3_table_4"},"elements":[{"from":[0,2,4],"to":[16,14,15],"faces":{"north":{"uv":[4,0,8,3],"texture":"#1"},"east":{"uv":[8,0,10.75,3],"texture":"#1"},"south":{"uv":[4,3,8,6],"texture":"#1"},"west":{"uv":[8,0,10.75,3],"texture":"#1"},"up":{"uv":[8,8.75,4,6],"texture":"#1"},"down":{"uv":[4,8,0,10.75],"texture":"#1"}}},{"from":[0,14,0],"to":[16,16,16],"faces":{"north":{"uv":[8,7,12,7.5],"texture":"#1"},"east":{"uv":[8,7,12,7.5],"texture":"#1"},"south":{"uv":[8,7,12,7.5],"texture":"#1"},"west":{"uv":[8,7,12,7.5],"texture":"#1"},"up":{"uv":[4,4,0,0],"texture":"#1"},"down":{"uv":[4,4,0,8],"texture":"#1"}}},{"from":[0,0,0],"to":[16,2,16],"rotation":{"angle":0,"axis":"y","origin":[0,16,0]},"faces":{"north":{"uv":[8,7.5,12,7],"texture":"#1"},"east":{"uv":[8,7.5,12,7],"texture":"#1"},"south":{"uv":[8,7.5,12,7],"texture":"#1"},"west":{"uv":[8,7.5,12,7],"texture":"#1"},"up":{"uv":[4,8,0,4],"texture":"#1"},"down":{"uv":[4,0,0,4],"texture":"#1"}}}],"display":{"thirdperson_righthand":{"scale":[0.18,0.17,0.18]},"thirdperson_lefthand":{"scale":[0.18,0.17,0.18]},"firstperson_righthand":{"scale":[0,0,0]},"firstperson_lefthand":{"scale":[0,0,0]},"ground":{"scale":[0.27,0.28,0.27]},"gui":{"rotation":[-151.69,41.31,-178.78],"scale":[0.58,0.58,0.58]},"head":{"translation":[0,-30.4,0],"scale":[1.6,1.6,1.6]},"fixed":{"translation":[0,0,-7.75],"scale":[0.84,0.84,0.85]}}}