{"credit":"MadewithBlockbench","texture_size":[32,32],"textures":{"0":"elitecreature:japan_furniture_v3/jf3_chair_purple","particle":"elitecreature:japan_furniture_v3/jf3_chair_purple"},"elements":[{"from":[3.32,-0.08,3.32],"to":[4.32,6.92,4.32],"rotation":{"angle":0,"axis":"y","origin":[8,8,8]},"faces":{"north":{"uv":[0,5.5,0.5,9],"texture":"#0"},"east":{"uv":[0,5.5,0.5,9],"texture":"#0"},"south":{"uv":[0,5.5,0.5,9],"texture":"#0"},"west":{"uv":[0,5.5,0.5,9],"texture":"#0"},"up":{"uv":[5.25,6,4.75,5.5],"texture":"#0"},"down":{"uv":[5.25,5.5,4.75,6],"texture":"#0"}}},{"from":[11.57,-0.08,3.32],"to":[12.57,6.92,4.32],"rotation":{"angle":0,"axis":"y","origin":[8,8,8]},"faces":{"north":{"uv":[0,5.5,0.5,9],"texture":"#0"},"east":{"uv":[0,5.5,0.5,9],"texture":"#0"},"south":{"uv":[0,5.5,0.5,9],"texture":"#0"},"west":{"uv":[0,5.5,0.5,9],"texture":"#0"},"up":{"uv":[5.25,6,4.75,5.5],"texture":"#0"},"down":{"uv":[5.25,5.5,4.75,6],"texture":"#0"}}},{"from":[11.57,-0.08,11.57],"to":[12.57,6.92,12.57],"rotation":{"angle":0,"axis":"y","origin":[8,8,8]},"faces":{"north":{"uv":[0,5.5,0.5,9],"texture":"#0"},"east":{"uv":[0,5.5,0.5,9],"texture":"#0"},"south":{"uv":[0,5.5,0.5,9],"texture":"#0"},"west":{"uv":[0,5.5,0.5,9],"texture":"#0"},"up":{"uv":[5.25,6,4.75,5.5],"texture":"#0"},"down":{"uv":[5.25,5.5,4.75,6],"texture":"#0"}}},{"from":[3.32,-0.08,11.57],"to":[4.32,6.92,12.57],"rotation":{"angle":0,"axis":"y","origin":[8,8,8]},"faces":{"north":{"uv":[0,5.5,0.5,9],"texture":"#0"},"east":{"uv":[0,5.5,0.5,9],"texture":"#0"},"south":{"uv":[0,5.5,0.5,9],"texture":"#0"},"west":{"uv":[0,5.5,0.5,9],"texture":"#0"},"up":{"uv":[5.25,6,4.75,5.5],"texture":"#0"},"down":{"uv":[5.25,5.5,4.75,6],"texture":"#0"}}},{"from":[2.82,7.28,2.82],"to":[13.32,7.78,13.32],"rotation":{"angle":0,"axis":"y","origin":[8,6.76,10.9]},"faces":{"north":{"uv":[0,5.25,5.25,5.5],"texture":"#0"},"east":{"uv":[0,5.25,5.25,5.5],"texture":"#0"},"south":{"uv":[0,5.25,5.25,5.5],"texture":"#0"},"west":{"uv":[0,5.25,5.25,5.5],"texture":"#0"},"up":{"uv":[5.25,5.25,0,0],"texture":"#0"},"down":{"uv":[5.25,0,0,5.25],"texture":"#0"}}},{"from":[11.97,0.48,3.92],"to":[12.47,1.48,11.92],"rotation":{"angle":0,"axis":"y","origin":[8,6.46,10.9]},"faces":{"north":{"uv":[4.5,5.5,4.75,6],"texture":"#0"},"east":{"uv":[0.5,5.5,4.5,6],"texture":"#0"},"south":{"uv":[4.5,5.5,4.75,6],"texture":"#0"},"west":{"uv":[0.5,5.5,4.5,6],"texture":"#0"},"up":{"uv":[10.25,4,10,0],"texture":"#0"},"down":{"uv":[10.25,0,10,4],"texture":"#0"}}},{"from":[3.47,0.48,3.92],"to":[3.97,1.48,11.92],"rotation":{"angle":0,"axis":"y","origin":[8,6.46,10.9]},"faces":{"north":{"uv":[4.5,5.5,4.75,6],"texture":"#0"},"east":{"uv":[0.5,5.5,4.5,6],"texture":"#0"},"south":{"uv":[4.5,5.5,4.75,6],"texture":"#0"},"west":{"uv":[0.5,5.5,4.5,6],"texture":"#0"},"up":{"uv":[10.25,4,10,0],"texture":"#0"},"down":{"uv":[10.25,0,10,4],"texture":"#0"}}},{"from":[3.92,0.48,3.47],"to":[11.92,1.48,3.97],"rotation":{"angle":0,"axis":"y","origin":[8,5.21,8]},"faces":{"north":{"uv":[0.5,5.5,4.5,6],"texture":"#0"},"east":{"uv":[18,13.25,18.25,13.75],"texture":"#0"},"south":{"uv":[0.5,5.5,4.5,6],"texture":"#0"},"west":{"uv":[18,13.25,18.25,13.75],"texture":"#0"},"up":{"uv":[4.5,6.25,0.5,6],"texture":"#0"},"down":{"uv":[4.5,6,0.5,6.25],"texture":"#0"}}},{"from":[3.92,0.48,11.97],"to":[11.92,1.48,12.47],"rotation":{"angle":0,"axis":"y","origin":[8,5.21,8]},"faces":{"north":{"uv":[0.5,5.5,4.5,6],"texture":"#0"},"east":{"uv":[4.75,5.5,5,6],"texture":"#0"},"south":{"uv":[0.5,5.5,4.5,6],"texture":"#0"},"west":{"uv":[4.75,5.5,5,6],"texture":"#0"},"up":{"uv":[4.5,6.25,0.5,6],"texture":"#0"},"down":{"uv":[4.5,6,0.5,6.25],"texture":"#0"}}},{"from":[3.17647,6.55689,3.22],"to":[12.67647,8.55689,12.72],"rotation":{"angle":0,"axis":"y","origin":[9.25647,9.53689,8]},"faces":{"north":{"uv":[5.25,4.75,10,5.75],"texture":"#0"},"east":{"uv":[5.25,4.75,10,5.75],"texture":"#0"},"south":{"uv":[5.25,4.75,10,5.75],"texture":"#0"},"west":{"uv":[5.25,4.75,10,5.75],"texture":"#0"},"up":{"uv":[10,4.75,5.25,0],"texture":"#0"},"down":{"uv":[10,0,5.25,4.75],"texture":"#0"}}}],"display":{"thirdperson_righthand":{"scale":[0.29,0.29,0.29]},"thirdperson_lefthand":{"scale":[0.29,0.29,0.29]},"firstperson_righthand":{"scale":[0,0,0]},"firstperson_lefthand":{"scale":[0,0,0]},"ground":{"scale":[0.33,0.33,0.35]},"gui":{"rotation":[21,148,0],"translation":[0,1,0],"scale":[0.83,0.83,0.84]},"head":{"translation":[0,-29.75,0],"scale":[1.77,1.79,1.79]},"fixed":{"translation":[0,0,-10]}}}