{"credit":"MadewithBlockbench","texture_size":[28,28],"textures":{"1":"elitecreature:japan_furniture_v3/jf3_chair_red"},"elements":[{"from":[2,0,2],"to":[14,8,14],"rotation":{"angle":0,"axis":"y","origin":[8,6.25,8]},"faces":{"north":{"uv":[6.85714,6.85714,13.71429,11.42857],"texture":"#1"},"east":{"uv":[6.85714,6.85714,13.71429,11.42857],"texture":"#1"},"south":{"uv":[6.85714,6.85714,13.71429,11.42857],"texture":"#1"},"west":{"uv":[6.85714,6.85714,13.71429,11.42857],"texture":"#1"},"up":{"uv":[6.85714,0,13.71429,6.85714],"texture":"#1"},"down":{"uv":[6.85714,0,13.71429,6.85714],"texture":"#1"}}},{"from":[3,8,3],"to":[13,9,13],"rotation":{"angle":0,"axis":"y","origin":[8,6.25,8]},"faces":{"north":{"uv":[0,0,5.71429,0.57143],"texture":"#1"},"east":{"uv":[0,0,5.71429,0.57143],"texture":"#1"},"south":{"uv":[0,0,5.71429,0.57143],"texture":"#1"},"west":{"uv":[0,0,5.71429,0.57143],"texture":"#1"},"up":{"uv":[0,0.57143,5.71429,6.28571],"texture":"#1"},"down":{"uv":[0,0.57143,5.71429,6.28571],"texture":"#1"}}}],"gui_light":"front","display":{"thirdperson_lefthand":{"translation":[0,3.25,0]},"gui":{"rotation":[-151.69,41.31,-178.78],"translation":[0,3.25,0],"scale":[0.97,0.97,0.97]},"head":{"translation":[0,-29,0],"scale":[1.69,1.69,1.69]}}}