{"credit":"MadewithBlockbench","texture_size":[64,64],"textures":{"1":"elitecreature:japan_furniture_v3/jf3_shelf_4"},"elements":[{"from":[0,10,12],"to":[17,19,13],"faces":{"north":{"uv":[4.25,0.25,8.5,2.5],"texture":"#1"},"east":{"uv":[8.5,0,8.75,2.25],"texture":"#1"},"south":{"uv":[4.25,0.25,8.5,2.5],"texture":"#1"},"west":{"uv":[8.75,0,8.5,2.25],"texture":"#1"},"up":{"uv":[8.5,0.25,4.25,0],"texture":"#1"}}},{"from":[0,1,7],"to":[17,10,13],"faces":{"north":{"uv":[0,0,4.25,2.25],"texture":"#1"},"east":{"uv":[0,6,1.5,8.25],"texture":"#1"},"south":{"uv":[4.25,2.5,8.5,4.75],"texture":"#1"},"west":{"uv":[1.5,6,0,8.25],"texture":"#1"},"up":{"uv":[4.25,6,0,4.5],"texture":"#1"},"down":{"uv":[4.25,4.5,0,6],"texture":"#1"}}},{"from":[1,15,7],"to":[16,19,12],"faces":{"north":{"uv":[4.25,4.75,8,5.75],"texture":"#1"},"up":{"uv":[8,7,4.25,5.75],"texture":"#1"},"down":{"uv":[8,5.75,4.25,7],"texture":"#1"}}},{"from":[8,10,7],"to":[9,15,12],"faces":{"north":{"uv":[2.75,6,3,7.25],"texture":"#1"},"east":{"uv":[1.5,6,2.75,7.25],"texture":"#1"},"south":{"uv":[2.75,6,3,7.25],"texture":"#1"},"west":{"uv":[1.5,6,2.75,7.25],"texture":"#1"}}},{"from":[12,10,8],"to":[16,15,8],"faces":{"north":{"uv":[3,6,4,7.25],"texture":"#1"},"south":{"uv":[4,6,3,7.25],"texture":"#1"}}},{"from":[4,10,8],"to":[8,15,8],"faces":{"north":{"uv":[3,6,4,7.25],"texture":"#1"},"south":{"uv":[4,6,3,7.25],"texture":"#1"}}},{"from":[1,10,7.8],"to":[5,15,7.8],"rotation":{"angle":0,"axis":"y","origin":[16,0,0]},"faces":{"north":{"uv":[4,6,3,7.25],"texture":"#1"},"south":{"uv":[3,6,4,7.25],"texture":"#1"}}},{"from":[11.5,10,7.9],"to":[15.5,15,7.9],"rotation":{"angle":0,"axis":"y","origin":[16,0,0]},"faces":{"north":{"uv":[4,6,3,7.25],"texture":"#1"},"south":{"uv":[3,6,4,7.25],"texture":"#1"}}},{"from":[10,10,10],"to":[11,12,11],"faces":{"north":{"uv":[4,7.25,4.25,7.75],"texture":"#1"},"east":{"uv":[4,7.25,4.25,7.75],"texture":"#1"},"south":{"uv":[4,7.25,4.25,7.75],"texture":"#1"},"west":{"uv":[4,7.25,4.25,7.75],"texture":"#1"},"up":{"uv":[4.25,8,4,7.75],"texture":"#1"},"down":{"uv":[4.25,7.75,4,8],"texture":"#1"}}},{"from":[12.75,10,10],"to":[13.75,12,11],"faces":{"north":{"uv":[4,7.25,4.25,7.75],"texture":"#1"},"east":{"uv":[4,7.25,4.25,7.75],"texture":"#1"},"south":{"uv":[4,7.25,4.25,7.75],"texture":"#1"},"west":{"uv":[4,7.25,4.25,7.75],"texture":"#1"},"up":{"uv":[4.25,8,4,7.75],"texture":"#1"},"down":{"uv":[4.25,7.75,4,8],"texture":"#1"}}},{"from":[9.25,9,8.5],"to":[10.25,11,9.5],"faces":{"north":{"uv":[4,7.25,4.25,7.75],"texture":"#1"},"east":{"uv":[4,7.25,4.25,7.75],"texture":"#1"},"south":{"uv":[4,7.25,4.25,7.75],"texture":"#1"},"west":{"uv":[4,7.25,4.25,7.75],"texture":"#1"},"up":{"uv":[4.25,8,4,7.75],"texture":"#1"},"down":{"uv":[4.25,7.75,4,8],"texture":"#1"}}},{"from":[11.25,9.75,9],"to":[12.25,11.75,10],"faces":{"north":{"uv":[4,7.25,4.25,7.75],"texture":"#1"},"east":{"uv":[4,7.25,4.25,7.75],"texture":"#1"},"south":{"uv":[4,7.25,4.25,7.75],"texture":"#1"},"west":{"uv":[4,7.25,4.25,7.75],"texture":"#1"},"up":{"uv":[4.25,8,4,7.75],"texture":"#1"},"down":{"uv":[4.25,7.75,4,8],"texture":"#1"}}},{"from":[16,10,7],"to":[17,19,12],"faces":{"north":{"uv":[5.5,7,5.75,9.25],"texture":"#1"},"east":{"uv":[2.75,2,4,4.25],"texture":"#1"},"south":{"uv":[5.5,7,5.75,9.25],"texture":"#1"},"west":{"uv":[4.25,7,5.5,9.25],"texture":"#1"},"up":{"uv":[4.25,7.25,4,6],"texture":"#1"}}},{"from":[0,10,7],"to":[1,19,12],"rotation":{"angle":0,"axis":"y","origin":[16,0,0]},"faces":{"north":{"uv":[5.75,7,5.5,9.25],"texture":"#1"},"east":{"uv":[5.5,7,4.25,9.25],"texture":"#1"},"south":{"uv":[5.75,7,5.5,9.25],"texture":"#1"},"west":{"uv":[4,2,2.75,4.25],"texture":"#1"},"up":{"uv":[4,7.25,4.25,6],"texture":"#1"}}}],"display":{"thirdperson_righthand":{"rotation":[8.75,0,0],"translation":[-0.5,-0.25,-0.25],"scale":[0.26,0.27,0.27]},"thirdperson_lefthand":{"rotation":[8.75,0,0],"translation":[-0.5,-0.25,-0.25],"scale":[0.26,0.27,0.27]},"firstperson_righthand":{"scale":[0,0,0]},"firstperson_lefthand":{"scale":[0,0,0]},"ground":{"translation":[0.25,0,-0.5],"scale":[0.32,0.32,0.32]},"gui":{"rotation":[20,153,0],"translation":[0,-2.5,0],"scale":[0.75,0.74,0.74]},"head":{"translation":[-2.25,-27.25,-2.25],"scale":[2.45,2.45,2.43]},"fixed":{"translation":[-0.25,0,-7.5]}}}