{"credit":"MadewithBlockbench","texture_size":[32,32],"textures":{"1":"elitecreature:japan_furniture_v3/jf3_shelf_2"},"elements":[{"from":[11,11,6.5],"to":[17,11.5,11.5],"rotation":{"angle":0,"axis":"y","origin":[7.32,8,8]},"faces":{"north":{"uv":[6.25,2.5,9.25,2.75],"texture":"#1"},"east":{"uv":[6.25,2.75,8.75,3],"texture":"#1"},"south":{"uv":[6.25,2.5,9.25,2.75],"texture":"#1"},"west":{"uv":[6.25,2.75,8.75,3],"texture":"#1"},"up":{"uv":[9.25,2.5,6.25,0],"texture":"#1"},"down":{"uv":[9.25,0,6.25,2.5],"texture":"#1"}}},{"from":[13.0585,1,10],"to":[13.5585,16,10.5],"rotation":{"angle":0,"axis":"y","origin":[8,8,8]},"faces":{"north":{"uv":[0,0,0.25,7.5],"texture":"#1"},"east":{"uv":[0,0,0.25,7.5],"texture":"#1"},"south":{"uv":[0,0,0.25,7.5],"texture":"#1"},"west":{"uv":[0,0,0.25,7.5],"texture":"#1"},"up":{"uv":[0.25,7.75,0,7.5],"texture":"#1"},"down":{"uv":[0.25,7.5,0,7.75],"texture":"#1"}}},{"from":[13.0585,1,7.5],"to":[13.5585,16,8],"rotation":{"angle":0,"axis":"y","origin":[8,8,8]},"faces":{"north":{"uv":[0,0,0.25,7.5],"texture":"#1"},"east":{"uv":[0,0,0.25,7.5],"texture":"#1"},"south":{"uv":[0,0,0.25,7.5],"texture":"#1"},"west":{"uv":[0,0,0.25,7.5],"texture":"#1"},"up":{"uv":[0.25,7.75,0,7.5],"texture":"#1"},"down":{"uv":[0.25,7.5,0,7.75],"texture":"#1"}}},{"from":[8,1,6.5],"to":[16,1.5,11.5],"rotation":{"angle":0,"axis":"y","origin":[7.32,8,8]},"faces":{"north":{"uv":[5.5,8.75,9.5,9],"texture":"#1"},"east":{"uv":[5.5,9,8,9.25],"texture":"#1"},"south":{"uv":[5.5,8.75,9.5,9],"texture":"#1"},"west":{"uv":[5.5,9,8,9.25],"texture":"#1"},"up":{"uv":[9.5,8.75,5.5,6.25],"texture":"#1"},"down":{"uv":[9.5,6.25,5.5,8.75],"texture":"#1"}}},{"from":[8,15,6.5],"to":[17,19.5,11.5],"rotation":{"angle":0,"axis":"y","origin":[7.32,8,8]},"faces":{"north":{"uv":[9.5,4.75,14,7],"texture":"#1"},"east":{"uv":[9.5,7,12,9.25],"texture":"#1"},"south":{"uv":[9.5,2.5,14,4.75],"texture":"#1"},"west":{"uv":[9.5,7,12,9.25],"texture":"#1"},"up":{"uv":[14,2.5,9.5,0],"texture":"#1"},"down":{"uv":[14,0,9.5,2.5],"texture":"#1"}}},{"from":[9,6,6.5],"to":[15,6.5,11.5],"rotation":{"angle":0,"axis":"y","origin":[7.32,8,8]},"faces":{"north":{"uv":[6.25,2.5,9.25,2.75],"texture":"#1"},"east":{"uv":[6.25,2.75,8.75,3],"texture":"#1"},"south":{"uv":[6.25,2.5,9.25,2.75],"texture":"#1"},"west":{"uv":[6.25,2.75,8.75,3],"texture":"#1"},"up":{"uv":[9.25,2.5,6.25,0],"texture":"#1"},"down":{"uv":[9.25,0,6.25,2.5],"texture":"#1"}}}],"display":{"thirdperson_righthand":{"rotation":[8.75,0,0],"translation":[-1.5,0.25,0.25],"scale":[0.31,0.31,0.37]},"thirdperson_lefthand":{"rotation":[8.75,0,0],"translation":[-1.5,0.25,0.25],"scale":[0.31,0.31,0.37]},"firstperson_righthand":{"scale":[0,0,0]},"firstperson_lefthand":{"scale":[0,0,0]},"ground":{"translation":[-2.25,0,0],"scale":[0.42,0.42,0.42]},"gui":{"rotation":[20,153,0],"translation":[3.25,-2.5,0],"scale":[0.74,0.76,0.76]},"head":{"translation":[-12,-21.75,-2.25],"scale":[3.06,3.06,3.1]},"fixed":{"translation":[-4.25,0,-5.5]}}}