{"credit":"MadewithBlockbench","texture_size":[64,64],"textures":{"1":"elitecreature:japan_furniture_v3/jf3_shelf_beer","particle":"elitecreature:japan_furniture_v3/jf3_shelf_beer"},"elements":[{"from":[19,0,3],"to":[24,17,17],"rotation":{"angle":0,"axis":"y","origin":[0,2,0]},"faces":{"north":{"uv":[11,0,12.25,4.25],"texture":"#1"},"east":{"uv":[7.5,3,11,7.25],"texture":"#1"},"south":{"uv":[12.25,0,13.5,4.25],"texture":"#1"},"west":{"uv":[11,3,7.5,7.25],"texture":"#1"},"up":{"uv":[14.75,3.5,13.5,0],"texture":"#1"},"down":{"uv":[14.75,0,13.5,3.5],"texture":"#1"}}},{"from":[-8,0,3],"to":[-3,17,17],"rotation":{"angle":0,"axis":"y","origin":[16,2,0]},"faces":{"north":{"uv":[12.25,0,11,4.25],"texture":"#1"},"east":{"uv":[11,3,7.5,7.25],"texture":"#1"},"south":{"uv":[13.5,0,12.25,4.25],"texture":"#1"},"west":{"uv":[11,3,7.5,7.25],"texture":"#1"},"up":{"uv":[13.5,3.5,14.75,0],"texture":"#1"},"down":{"uv":[13.5,0,14.75,3.5],"texture":"#1"}}},{"from":[-3,12,14],"to":[19,15,17],"rotation":{"angle":0,"axis":"y","origin":[0,2,0]},"faces":{"north":{"uv":[0,7,5.5,7.75],"texture":"#1"},"south":{"uv":[0,6.25,5.5,7],"texture":"#1"},"up":{"uv":[5.5,7.75,0,7],"texture":"#1"},"down":{"uv":[5.5,7,0,7.75],"texture":"#1"}}},{"from":[8,12,11.25],"to":[10,14,13.25],"rotation":{"angle":0,"axis":"y","origin":[0,2,0]},"faces":{"north":{"uv":[7.5,4.75,7,4.25],"texture":"#1"},"east":{"uv":[7.5,4.75,7,4.25],"texture":"#1"},"south":{"uv":[7.5,4.75,7,4.25],"texture":"#1"},"west":{"uv":[7.5,4.75,7,4.25],"texture":"#1"},"up":{"uv":[7.5,5.25,7,4.75],"texture":"#1"},"down":{"uv":[7.5,4.75,7,4.25],"texture":"#1"}}},{"from":[5,12,9.25],"to":[7,14,11.25],"rotation":{"angle":0,"axis":"y","origin":[0,2,0]},"faces":{"north":{"uv":[7.5,4.75,7,4.25],"texture":"#1"},"east":{"uv":[7.5,4.75,7,4.25],"texture":"#1"},"south":{"uv":[7.5,4.75,7,4.25],"texture":"#1"},"west":{"uv":[7.5,4.75,7,4.25],"texture":"#1"},"up":{"uv":[7.5,5.25,7,4.75],"texture":"#1"},"down":{"uv":[7.5,4.75,7,4.25],"texture":"#1"}}},{"from":[0,12,10.25],"to":[2,14,12.25],"rotation":{"angle":0,"axis":"y","origin":[0,2,0]},"faces":{"north":{"uv":[7.5,4.75,7,4.25],"texture":"#1"},"east":{"uv":[7.5,4.75,7,4.25],"texture":"#1"},"south":{"uv":[7.5,4.75,7,4.25],"texture":"#1"},"west":{"uv":[7.5,4.75,7,4.25],"texture":"#1"},"up":{"uv":[7.5,5.25,7,4.75],"texture":"#1"},"down":{"uv":[7.5,4.75,7,4.25],"texture":"#1"}}},{"from":[15,12,10.25],"to":[18,17,13.25],"rotation":{"angle":0,"axis":"y","origin":[0,2,0]},"faces":{"north":{"uv":[5.5,3.75,6.25,5],"texture":"#1"},"east":{"uv":[5.5,3.75,6.25,5],"texture":"#1"},"south":{"uv":[5.5,3.75,6.25,5],"texture":"#1"},"west":{"uv":[5.5,3.75,6.25,5],"texture":"#1"},"up":{"uv":[6.25,3.75,5.5,3],"texture":"#1"},"down":{"uv":[6.25,3,5.5,3.75],"texture":"#1"}}},{"from":[11,10,9.25],"to":[14,15,12.25],"rotation":{"angle":0,"axis":"y","origin":[0,2,0]},"faces":{"north":{"uv":[5.5,3.75,6.25,5],"texture":"#1"},"east":{"uv":[5.5,3.75,6.25,5],"texture":"#1"},"south":{"uv":[5.5,3.75,6.25,5],"texture":"#1"},"west":{"uv":[5.5,3.75,6.25,5],"texture":"#1"},"up":{"uv":[6.25,3.75,5.5,3],"texture":"#1"},"down":{"uv":[6.25,3,5.5,3.75],"texture":"#1"}}},{"from":[-3,0,4],"to":[19,12,17],"rotation":{"angle":0,"axis":"y","origin":[0,2,0]},"faces":{"north":{"uv":[5.5,0,11,3],"texture":"#1"},"south":{"uv":[0,3.25,5.5,6.25],"texture":"#1"},"up":{"uv":[5.5,3.25,0,0],"texture":"#1"},"down":{"uv":[5.5,0,0,3.25],"texture":"#1"}}},{"from":[16.25,17,6.5],"to":[18.25,20,8.5],"rotation":{"angle":0,"axis":"y","origin":[0,2,0]},"faces":{"north":{"uv":[7,3.5,7.5,4.25],"texture":"#1"},"east":{"uv":[7,3.5,7.5,4.25],"texture":"#1"},"south":{"uv":[7,3.5,7.5,4.25],"texture":"#1"},"west":{"uv":[7,3.5,7.5,4.25],"texture":"#1"},"up":{"uv":[7.5,3.5,7,3],"texture":"#1"},"down":{"uv":[7.5,3,7,3.5],"texture":"#1"}}},{"from":[15.75,12,6],"to":[18.75,17,9],"rotation":{"angle":0,"axis":"y","origin":[0,2,0]},"faces":{"north":{"uv":[6.25,3.75,7,5],"texture":"#1"},"east":{"uv":[6.25,3.75,7,5],"texture":"#1"},"south":{"uv":[6.25,3.75,7,5],"texture":"#1"},"west":{"uv":[6.25,3.75,7,5],"texture":"#1"},"up":{"uv":[7,3.75,6.25,3],"texture":"#1"},"down":{"uv":[7,3,6.25,3.75],"texture":"#1"}}},{"from":[19.75,13,2],"to":[22.75,16,7],"rotation":{"angle":0,"axis":"x","origin":[17.25,16.5,-3.5]},"faces":{"north":{"uv":[7,3.75,6.25,3],"rotation":180,"texture":"#1"},"east":{"uv":[6.25,3.75,7,5],"rotation":90,"texture":"#1"},"south":{"uv":[7,3,6.25,3.75],"texture":"#1"},"west":{"uv":[6.25,3.75,7,5],"rotation":270,"texture":"#1"},"up":{"uv":[6.25,3.75,7,5],"texture":"#1"},"down":{"uv":[6.25,3.75,7,5],"rotation":180,"texture":"#1"}}},{"from":[20.25,13.5,-1],"to":[22.25,15.5,2],"rotation":{"angle":0,"axis":"x","origin":[17.25,16.5,-3.5]},"faces":{"north":{"uv":[7.5,3.5,7,3],"rotation":180,"texture":"#1"},"east":{"uv":[7,3.5,7.5,4.25],"rotation":90,"texture":"#1"},"south":{"uv":[7.5,3,7,3.5],"texture":"#1"},"west":{"uv":[7,3.5,7.5,4.25],"rotation":270,"texture":"#1"},"up":{"uv":[7,3.5,7.5,4.25],"texture":"#1"},"down":{"uv":[7,3.5,7.5,4.25],"rotation":180,"texture":"#1"}}},{"from":[19.75,9,2],"to":[22.75,12,7],"rotation":{"angle":0,"axis":"x","origin":[17.25,16.5,-3.5]},"faces":{"north":{"uv":[7,3.75,6.25,3],"rotation":180,"texture":"#1"},"east":{"uv":[6.25,3.75,7,5],"rotation":90,"texture":"#1"},"south":{"uv":[7,3,6.25,3.75],"texture":"#1"},"west":{"uv":[6.25,3.75,7,5],"rotation":270,"texture":"#1"},"up":{"uv":[6.25,3.75,7,5],"texture":"#1"},"down":{"uv":[6.25,3.75,7,5],"rotation":180,"texture":"#1"}}},{"from":[20.25,9.5,-1],"to":[22.25,11.5,2],"rotation":{"angle":0,"axis":"x","origin":[17.25,16.5,-3.5]},"faces":{"north":{"uv":[7.5,3.5,7,3],"rotation":180,"texture":"#1"},"east":{"uv":[7,3.5,7.5,4.25],"rotation":90,"texture":"#1"},"south":{"uv":[7.5,3,7,3.5],"texture":"#1"},"west":{"uv":[7,3.5,7.5,4.25],"rotation":270,"texture":"#1"},"up":{"uv":[7,3.5,7.5,4.25],"texture":"#1"},"down":{"uv":[7,3.5,7.5,4.25],"rotation":180,"texture":"#1"}}},{"from":[19.75,5,2],"to":[22.75,8,7],"rotation":{"angle":0,"axis":"x","origin":[17.25,16.5,-3.5]},"faces":{"north":{"uv":[7,3.75,6.25,3],"rotation":180,"texture":"#1"},"east":{"uv":[6.25,3.75,7,5],"rotation":90,"texture":"#1"},"south":{"uv":[7,3,6.25,3.75],"texture":"#1"},"west":{"uv":[6.25,3.75,7,5],"rotation":270,"texture":"#1"},"up":{"uv":[6.25,3.75,7,5],"texture":"#1"},"down":{"uv":[6.25,3.75,7,5],"rotation":180,"texture":"#1"}}},{"from":[20.25,5.5,-1],"to":[22.25,7.5,2],"rotation":{"angle":0,"axis":"x","origin":[17.25,16.5,-3.5]},"faces":{"north":{"uv":[7.5,3.5,7,3],"rotation":180,"texture":"#1"},"east":{"uv":[7,3.5,7.5,4.25],"rotation":90,"texture":"#1"},"south":{"uv":[7.5,3,7,3.5],"texture":"#1"},"west":{"uv":[7,3.5,7.5,4.25],"rotation":270,"texture":"#1"},"up":{"uv":[7,3.5,7.5,4.25],"texture":"#1"},"down":{"uv":[7,3.5,7.5,4.25],"rotation":180,"texture":"#1"}}},{"from":[19.75,1,2],"to":[22.75,4,7],"rotation":{"angle":0,"axis":"x","origin":[17.25,16.5,-3.5]},"faces":{"north":{"uv":[7,3.75,6.25,3],"rotation":180,"texture":"#1"},"east":{"uv":[6.25,3.75,7,5],"rotation":90,"texture":"#1"},"south":{"uv":[7,3,6.25,3.75],"texture":"#1"},"west":{"uv":[6.25,3.75,7,5],"rotation":270,"texture":"#1"},"up":{"uv":[6.25,3.75,7,5],"texture":"#1"},"down":{"uv":[6.25,3.75,7,5],"rotation":180,"texture":"#1"}}},{"from":[20.25,1.5,-1],"to":[22.25,3.5,2],"rotation":{"angle":0,"axis":"x","origin":[17.25,16.5,-3.5]},"faces":{"north":{"uv":[7.5,3.5,7,3],"rotation":180,"texture":"#1"},"east":{"uv":[7,3.5,7.5,4.25],"rotation":90,"texture":"#1"},"south":{"uv":[7.5,3,7,3.5],"texture":"#1"},"west":{"uv":[7,3.5,7.5,4.25],"rotation":270,"texture":"#1"},"up":{"uv":[7,3.5,7.5,4.25],"texture":"#1"},"down":{"uv":[7,3.5,7.5,4.25],"rotation":180,"texture":"#1"}}},{"from":[-6.75,1,2],"to":[-3.75,4,7],"rotation":{"angle":0,"axis":"x","origin":[-1.25,16.5,-3.5]},"faces":{"north":{"uv":[6.25,3.75,7,3],"rotation":180,"texture":"#1"},"east":{"uv":[6.25,5,7,3.75],"rotation":270,"texture":"#1"},"south":{"uv":[6.25,3,7,3.75],"texture":"#1"},"west":{"uv":[6.25,5,7,3.75],"rotation":90,"texture":"#1"},"up":{"uv":[7,3.75,6.25,5],"texture":"#1"},"down":{"uv":[7,3.75,6.25,5],"rotation":180,"texture":"#1"}}},{"from":[-6.25,1.5,-1],"to":[-4.25,3.5,2],"rotation":{"angle":0,"axis":"x","origin":[-1.25,16.5,-3.5]},"faces":{"north":{"uv":[7,3.5,7.5,3],"rotation":180,"texture":"#1"},"east":{"uv":[7,4.25,7.5,3.5],"rotation":270,"texture":"#1"},"south":{"uv":[7,3,7.5,3.5],"texture":"#1"},"west":{"uv":[7,4.25,7.5,3.5],"rotation":90,"texture":"#1"},"up":{"uv":[7.5,3.5,7,4.25],"texture":"#1"},"down":{"uv":[7.5,3.5,7,4.25],"rotation":180,"texture":"#1"}}},{"from":[-6.25,5.5,-1],"to":[-4.25,7.5,2],"rotation":{"angle":0,"axis":"x","origin":[-1.25,16.5,-3.5]},"faces":{"north":{"uv":[7,3.5,7.5,3],"rotation":180,"texture":"#1"},"east":{"uv":[7,4.25,7.5,3.5],"rotation":270,"texture":"#1"},"south":{"uv":[7,3,7.5,3.5],"texture":"#1"},"west":{"uv":[7,4.25,7.5,3.5],"rotation":90,"texture":"#1"},"up":{"uv":[7.5,3.5,7,4.25],"texture":"#1"},"down":{"uv":[7.5,3.5,7,4.25],"rotation":180,"texture":"#1"}}},{"from":[-6.75,5,2],"to":[-3.75,8,7],"rotation":{"angle":0,"axis":"x","origin":[-1.25,16.5,-3.5]},"faces":{"north":{"uv":[6.25,3.75,7,3],"rotation":180,"texture":"#1"},"east":{"uv":[6.25,5,7,3.75],"rotation":270,"texture":"#1"},"south":{"uv":[6.25,3,7,3.75],"texture":"#1"},"west":{"uv":[6.25,5,7,3.75],"rotation":90,"texture":"#1"},"up":{"uv":[7,3.75,6.25,5],"texture":"#1"},"down":{"uv":[7,3.75,6.25,5],"rotation":180,"texture":"#1"}}},{"from":[-6.25,9.5,-1],"to":[-4.25,11.5,2],"rotation":{"angle":0,"axis":"x","origin":[-1.25,16.5,-3.5]},"faces":{"north":{"uv":[7,3.5,7.5,3],"rotation":180,"texture":"#1"},"east":{"uv":[7,4.25,7.5,3.5],"rotation":270,"texture":"#1"},"south":{"uv":[7,3,7.5,3.5],"texture":"#1"},"west":{"uv":[7,4.25,7.5,3.5],"rotation":90,"texture":"#1"},"up":{"uv":[7.5,3.5,7,4.25],"texture":"#1"},"down":{"uv":[7.5,3.5,7,4.25],"rotation":180,"texture":"#1"}}},{"from":[-6.75,9,2],"to":[-3.75,12,7],"rotation":{"angle":0,"axis":"x","origin":[-1.25,16.5,-3.5]},"faces":{"north":{"uv":[6.25,3.75,7,3],"rotation":180,"texture":"#1"},"east":{"uv":[6.25,5,7,3.75],"rotation":270,"texture":"#1"},"south":{"uv":[6.25,3,7,3.75],"texture":"#1"},"west":{"uv":[6.25,5,7,3.75],"rotation":90,"texture":"#1"},"up":{"uv":[7,3.75,6.25,5],"texture":"#1"},"down":{"uv":[7,3.75,6.25,5],"rotation":180,"texture":"#1"}}},{"from":[-6.25,13.5,-1],"to":[-4.25,15.5,2],"rotation":{"angle":0,"axis":"x","origin":[-1.25,16.5,-3.5]},"faces":{"north":{"uv":[7,3.5,7.5,3],"rotation":180,"texture":"#1"},"east":{"uv":[7,4.25,7.5,3.5],"rotation":270,"texture":"#1"},"south":{"uv":[7,3,7.5,3.5],"texture":"#1"},"west":{"uv":[7,4.25,7.5,3.5],"rotation":90,"texture":"#1"},"up":{"uv":[7.5,3.5,7,4.25],"texture":"#1"},"down":{"uv":[7.5,3.5,7,4.25],"rotation":180,"texture":"#1"}}},{"from":[-6.75,13,2],"to":[-3.75,16,7],"rotation":{"angle":0,"axis":"x","origin":[-1.25,16.5,-3.5]},"faces":{"north":{"uv":[6.25,3.75,7,3],"rotation":180,"texture":"#1"},"east":{"uv":[6.25,5,7,3.75],"rotation":270,"texture":"#1"},"south":{"uv":[6.25,3,7,3.75],"texture":"#1"},"west":{"uv":[6.25,5,7,3.75],"rotation":90,"texture":"#1"},"up":{"uv":[7,3.75,6.25,5],"texture":"#1"},"down":{"uv":[7,3.75,6.25,5],"rotation":180,"texture":"#1"}}}],"gui_light":"front","display":{"gui":{"rotation":[-151.69,41.31,-178.78],"scale":[0.42,0.42,0.42]},"head":{"translation":[0,-31.25,-4],"scale":[1.5,1.5,1.5]}},"groups":[{"name":"group","origin":[16,2,0],"color":0,"children":[0,1,2,3,4,5,6,7,8,9,10,11,12,13,14,15,16,17,18,19,20,21,22,23,24,25,26]}]}