{"credit":"Made with Blockbench","texture_size":[64,64],"textures":{"1":"chinese_new_year:ceiling_coin","particle":"chinese_new_year:ceiling_coin"},"elements":[{"from":[7.5,-3.4,6.6],"to":[8.5,-3.4,9.4],"rotation":{"angle":0,"axis":"y","origin":[0,0,1]},"faces":{"north":{"uv":[0,0,0.25,0],"texture":"#1"},"east":{"uv":[0,0,0.75,0],"texture":"#1"},"south":{"uv":[0,0,0.25,0],"texture":"#1"},"west":{"uv":[0,0,0.75,0],"texture":"#1"},"up":{"uv":[2.5,8.75,2.25,8],"texture":"#1"},"down":{"uv":[8.25,2.75,8,3.5],"texture":"#1"}}},{"from":[10,0,7],"to":[16,16,9],"rotation":{"angle":-45,"axis":"z","origin":[8,8,8]},"faces":{"north":{"uv":[0,0,1.5,4],"texture":"#1"},"east":{"uv":[4.5,5,5,9],"texture":"#1"},"south":{"uv":[1.5,0,3,4],"texture":"#1"},"west":{"uv":[5,5,5.5,9],"texture":"#1"},"up":{"uv":[8,3,6.5,2.5],"texture":"#1"},"down":{"uv":[8,3,6.5,3.5],"texture":"#1"}}},{"from":[0,0,7],"to":[6,16,9],"rotation":{"angle":-45,"axis":"z","origin":[8,8,8]},"faces":{"north":{"uv":[3,0,4.5,4],"texture":"#1"},"east":{"uv":[5.5,5,6,9],"texture":"#1"},"south":{"uv":[0,4,1.5,8],"texture":"#1"},"west":{"uv":[6,0,6.5,4],"texture":"#1"},"up":{"uv":[8,4,6.5,3.5],"texture":"#1"},"down":{"uv":[8.5,4,7,4.5],"texture":"#1"}}},{"from":[6,0,7],"to":[10,6,9],"rotation":{"angle":-45,"axis":"z","origin":[8,8,8]},"faces":{"north":{"uv":[6,4,7,5.5],"texture":"#1"},"east":{"uv":[3.5,6.5,4,8],"texture":"#1"},"south":{"uv":[6,5.5,7,7],"texture":"#1"},"west":{"uv":[4,6.5,4.5,8],"texture":"#1"},"up":{"uv":[8.5,5,7.5,4.5],"texture":"#1"},"down":{"uv":[8.5,5,7.5,5.5],"texture":"#1"}}},{"from":[6,10,7],"to":[10,16,9],"rotation":{"angle":-45,"axis":"z","origin":[8,8,8]},"faces":{"north":{"uv":[6.5,0,7.5,1.5],"texture":"#1"},"east":{"uv":[7,4.5,7.5,6],"texture":"#1"},"south":{"uv":[1.5,6.5,2.5,8],"texture":"#1"},"west":{"uv":[6,7,6.5,8.5],"texture":"#1"},"up":{"uv":[8.5,6,7.5,5.5],"texture":"#1"},"down":{"uv":[8.5,6,7.5,6.5],"texture":"#1"}}},{"from":[7.5,5.6,6.6],"to":[8.5,5.6,9.4],"rotation":{"angle":0,"axis":"y","origin":[0,0,1]},"faces":{"north":{"uv":[0,0,0.25,0],"texture":"#1"},"east":{"uv":[0,0,0.75,0],"texture":"#1"},"south":{"uv":[0,0,0.25,0],"texture":"#1"},"west":{"uv":[0,0,0.75,0],"texture":"#1"},"up":{"uv":[2.25,8.75,2,8],"texture":"#1"},"down":{"uv":[8.25,2,8,2.75],"texture":"#1"}}},{"from":[7.5,-3.4,9.4],"to":[8.5,5.6,9.4],"rotation":{"angle":0,"axis":"y","origin":[0,0,1]},"faces":{"north":{"uv":[7,6,7.25,8.25],"texture":"#1"},"east":{"uv":[0,0,0,2.25],"texture":"#1"},"south":{"uv":[6.5,7,6.75,9.25],"texture":"#1"},"west":{"uv":[0,0,0,2.25],"texture":"#1"},"up":{"uv":[0.25,0,0,0],"texture":"#1"},"down":{"uv":[0.25,0,0,0],"texture":"#1"}}},{"from":[7.5,-3.4,6.6],"to":[8.5,5.6,6.6],"rotation":{"angle":0,"axis":"y","origin":[0,0,1]},"faces":{"north":{"uv":[6.75,7,7,9.25],"texture":"#1"},"east":{"uv":[0,0,0,2.25],"texture":"#1"},"south":{"uv":[7.25,6,7.5,8.25],"texture":"#1"},"west":{"uv":[0,0,0,2.25],"texture":"#1"},"up":{"uv":[0.25,0,0,0],"texture":"#1"},"down":{"uv":[0.25,0,0,0],"texture":"#1"}}},{"from":[7.5,10.4,9.4],"to":[8.5,19.4,9.4],"rotation":{"angle":0,"axis":"y","origin":[0,0,1]},"faces":{"north":{"uv":[2.75,7.5,3,9.75],"texture":"#1"},"east":{"uv":[0,0,0,2.25],"texture":"#1"},"south":{"uv":[3,7.5,3.25,9.75],"texture":"#1"},"west":{"uv":[0,0,0,2.25],"texture":"#1"},"up":{"uv":[0.25,0,0,0],"texture":"#1"},"down":{"uv":[0.25,0,0,0],"texture":"#1"}}},{"from":[7.5,10.4,6.6],"to":[8.5,19.4,6.6],"rotation":{"angle":0,"axis":"y","origin":[0,0,1]},"faces":{"north":{"uv":[7.5,0,7.75,2.25],"texture":"#1"},"east":{"uv":[0,0,0,2.25],"texture":"#1"},"south":{"uv":[2.5,7.5,2.75,9.75],"texture":"#1"},"west":{"uv":[0,0,0,2.25],"texture":"#1"},"up":{"uv":[0.25,0,0,0],"texture":"#1"},"down":{"uv":[0.25,0,0,0],"texture":"#1"}}},{"from":[7.5,10.4,6.6],"to":[8.5,10.4,9.4],"rotation":{"angle":0,"axis":"y","origin":[0,0,1]},"faces":{"north":{"uv":[0,0,0.25,0],"texture":"#1"},"east":{"uv":[0,0,0.75,0],"texture":"#1"},"south":{"uv":[0,0,0.25,0],"texture":"#1"},"west":{"uv":[0,0,0.75,0],"texture":"#1"},"up":{"uv":[4.25,8.75,4,8],"texture":"#1"},"down":{"uv":[4.5,8,4.25,8.75],"texture":"#1"}}},{"from":[7.5,19.4,6.6],"to":[8.5,19.4,9.4],"rotation":{"angle":0,"axis":"y","origin":[0,0,1]},"faces":{"north":{"uv":[0,0,0.25,0],"texture":"#1"},"east":{"uv":[0,0,0.75,0],"texture":"#1"},"south":{"uv":[0,0,0.25,0],"texture":"#1"},"west":{"uv":[0,0,0.75,0],"texture":"#1"},"up":{"uv":[3.75,8.75,3.5,8],"texture":"#1"},"down":{"uv":[4,8,3.75,8.75],"texture":"#1"}}},{"from":[5,-16,8],"to":[11,-6,8],"rotation":{"angle":0,"axis":"y","origin":[8,-9.5,8]},"faces":{"north":{"uv":[1.5,4,3,6.5],"texture":"#1"},"east":{"uv":[0,0,0,2.5],"texture":"#1"},"south":{"uv":[3,4,4.5,6.5],"texture":"#1"},"west":{"uv":[0,0,0,2.5],"texture":"#1"},"up":{"uv":[1.5,0,0,0],"texture":"#1"},"down":{"uv":[1.5,0,0,0],"texture":"#1"}}},{"from":[7.5,-5.4,8],"to":[8.5,-3.4,8],"rotation":{"angle":0,"axis":"y","origin":[8,-8.5,8]},"faces":{"north":{"uv":[8,3.5,8.25,4],"texture":"#1"},"east":{"uv":[0,0,0,0.5],"texture":"#1"},"south":{"uv":[7.5,8,7.75,8.5],"texture":"#1"},"west":{"uv":[0,0,0,0.5],"texture":"#1"},"up":{"uv":[0.25,0,0,0],"texture":"#1"},"down":{"uv":[0.25,0,0,0],"texture":"#1"}}},{"from":[7.5,19.4,8],"to":[8.5,26,8],"rotation":{"angle":0,"axis":"y","origin":[8,-8.5,8]},"faces":{"north":{"uv":[3.25,7.5,3.5,9.25],"texture":"#1"},"east":{"uv":[0,0,0,1.75],"texture":"#1"},"south":{"uv":[7.75,0.5,8,2.25],"texture":"#1"},"west":{"uv":[0,0,0,1.75],"texture":"#1"},"up":{"uv":[0.25,0,0,0],"texture":"#1"},"down":{"uv":[0.25,0,0,0],"texture":"#1"}}},{"from":[8,-5.4,7.5],"to":[8,-3.4,8.5],"rotation":{"angle":0,"axis":"y","origin":[8,10.65,8]},"faces":{"north":{"uv":[0,0,0,0.5],"texture":"#1"},"east":{"uv":[7.75,8,8,8.5],"texture":"#1"},"south":{"uv":[0,0,0,0.5],"texture":"#1"},"west":{"uv":[8,8,8.25,8.5],"texture":"#1"},"up":{"uv":[0,0.25,0,0],"texture":"#1"},"down":{"uv":[0,0,0,0.25],"texture":"#1"}}},{"from":[8,19.4,7.5],"to":[8,26,8.5],"rotation":{"angle":0,"axis":"y","origin":[8,10.65,8]},"faces":{"north":{"uv":[0,0,0,1.75],"texture":"#1"},"east":{"uv":[0,8,0.25,9.75],"texture":"#1"},"south":{"uv":[0,0,0,1.75],"texture":"#1"},"west":{"uv":[0.25,8,0.5,9.75],"texture":"#1"},"up":{"uv":[0,0.25,0,0],"texture":"#1"},"down":{"uv":[0,0,0,0.25],"texture":"#1"}}},{"from":[8,-16,5],"to":[8,-6,11],"rotation":{"angle":0,"axis":"y","origin":[8,-9.5,8]},"faces":{"north":{"uv":[0,0,0,2.5],"texture":"#1"},"east":{"uv":[4.5,0,6,2.5],"texture":"#1"},"south":{"uv":[0,0,0,2.5],"texture":"#1"},"west":{"uv":[4.5,2.5,6,5],"texture":"#1"},"up":{"uv":[0,1.5,0,0],"texture":"#1"},"down":{"uv":[0,0,0,1.5],"texture":"#1"}}},{"from":[7,-7,7],"to":[9,-5,9],"rotation":{"angle":45,"axis":"y","origin":[8,-6,8]},"faces":{"north":{"uv":[0.5,8,1,8.5],"texture":"#1"},"east":{"uv":[8,0.5,8.5,1],"texture":"#1"},"south":{"uv":[1,8,1.5,8.5],"texture":"#1"},"west":{"uv":[8,1,8.5,1.5],"texture":"#1"},"up":{"uv":[2,8.5,1.5,8],"texture":"#1"},"down":{"uv":[8.5,1.5,8,2],"texture":"#1"}}},{"from":[6,20,6],"to":[10,22,10],"rotation":{"angle":-45,"axis":"y","origin":[8,21,8]},"faces":{"north":{"uv":[7.5,6.5,8.5,7],"texture":"#1"},"east":{"uv":[7.5,7,8.5,7.5],"texture":"#1"},"south":{"uv":[7.5,7.5,8.5,8],"texture":"#1"},"west":{"uv":[7.75,0,8.75,0.5],"texture":"#1"},"up":{"uv":[7.5,2.5,6.5,1.5],"texture":"#1"},"down":{"uv":[3.5,6.5,2.5,7.5],"texture":"#1"}}}],"display":{"thirdperson_righthand":{"rotation":[75,45,0],"translation":[0,2.5,0],"scale":[0.375,0.375,0.375]},"thirdperson_lefthand":{"rotation":[75,45,0],"translation":[0,2.5,0],"scale":[0.375,0.375,0.375]},"firstperson_righthand":{"rotation":[0,45,0],"scale":[0.4,0.4,0.4]},"firstperson_lefthand":{"rotation":[0,225,0],"scale":[0.4,0.4,0.4]},"ground":{"translation":[0,3,0],"scale":[0.25,0.25,0.25]},"gui":{"rotation":[30,225,0],"translation":[0,0.75,0],"scale":[0.4,0.4,0.4]},"fixed":{"rotation":[90,0,0],"translation":[0,0,-36],"scale":[2,2,2]}},"groups":[{"name":"group","origin":[0,0,0],"color":0,"nbt":"{}","armAnimationEnabled":false,"children":[0,1,2,3,4,5,6,7,8,9,10,11]},12,13,14,15,16,17,18,19]}