{"credit":"Made with Blockbench","texture_size":[32,32],"textures":{"1":"chinese_new_year:lantern","particle":"chinese_new_year:lantern"},"elements":[{"from":[3,8,3],"to":[13,14,13],"rotation":{"angle":0,"axis":"y","origin":[0,-7,0]},"faces":{"north":{"uv":[5,0,10,3],"texture":"#1"},"east":{"uv":[5,3,10,6],"texture":"#1"},"south":{"uv":[5,6,10,9],"texture":"#1"},"west":{"uv":[5,9,10,12],"texture":"#1"},"up":{"uv":[5,5,0,0],"texture":"#1"},"down":{"uv":[5,5,0,10],"texture":"#1"}}},{"from":[5,-1,8],"to":[11,6,8],"rotation":{"angle":0,"axis":"y","origin":[8,2.5,8]},"faces":{"north":{"uv":[0,10,3,13.5],"texture":"#1"},"east":{"uv":[0,0,0,3.5],"texture":"#1"},"south":{"uv":[10,0,13,3.5],"texture":"#1"},"west":{"uv":[0,0,0,3.5],"texture":"#1"},"up":{"uv":[3,0,0,0],"texture":"#1"},"down":{"uv":[3,0,0,0],"texture":"#1"}}},{"from":[8,-1,5],"to":[8,6,11],"rotation":{"angle":0,"axis":"y","origin":[8,2.5,8]},"faces":{"north":{"uv":[0,0,0,3.5],"texture":"#1"},"east":{"uv":[0,10,3,13.5],"texture":"#1"},"south":{"uv":[0,0,0,3.5],"texture":"#1"},"west":{"uv":[10,0,13,3.5],"texture":"#1"},"up":{"uv":[3,0,0,0],"rotation":90,"texture":"#1"},"down":{"uv":[3,0,0,0],"rotation":270,"texture":"#1"}}},{"from":[7,5,7],"to":[9,7,9],"rotation":{"angle":45,"axis":"y","origin":[8,6,8]},"faces":{"north":{"uv":[10,9.5,11,10.5],"texture":"#1"},"east":{"uv":[10,10.5,11,11.5],"texture":"#1"},"south":{"uv":[11,9.5,12,10.5],"texture":"#1"},"west":{"uv":[11,10.5,12,11.5],"texture":"#1"},"up":{"uv":[11,12.5,10,11.5],"texture":"#1"},"down":{"uv":[12,11.5,11,12.5],"texture":"#1"}}},{"from":[6,14,6],"to":[10,16,10],"rotation":{"angle":0,"axis":"y","origin":[0,-7,0]},"faces":{"north":{"uv":[10,5.5,12,6.5],"texture":"#1"},"east":{"uv":[10,6.5,12,7.5],"texture":"#1"},"south":{"uv":[10,7.5,12,8.5],"texture":"#1"},"west":{"uv":[10,8.5,12,9.5],"texture":"#1"},"up":{"uv":[5,12,3,10],"texture":"#1"},"down":{"uv":[12,3.5,10,5.5],"texture":"#1"}}},{"from":[7,17,7.5],"to":[9,17,8.5],"rotation":{"angle":0,"axis":"y","origin":[0,-7,0]},"faces":{"north":{"uv":[0,0,1,0],"texture":"#1"},"east":{"uv":[0,0,0.5,0],"texture":"#1"},"south":{"uv":[0,0,1,0],"texture":"#1"},"west":{"uv":[0,0,0.5,0],"texture":"#1"},"up":{"uv":[4,12.5,3,12],"texture":"#1"},"down":{"uv":[13,3.5,12,4],"texture":"#1"}}},{"from":[8,17,7.5],"to":[8,19,8.5],"rotation":{"angle":-45,"axis":"y","origin":[8,18.5,8]},"faces":{"north":{"uv":[0,0,0,1],"texture":"#1"},"east":{"uv":[4,12,4.5,13],"texture":"#1"},"south":{"uv":[0,0,0,1],"texture":"#1"},"west":{"uv":[12,4,12.5,5],"texture":"#1"},"up":{"uv":[0,0.5,0,0],"texture":"#1"},"down":{"uv":[0,0,0,0.5],"texture":"#1"}}},{"from":[8,17,7.5],"to":[8,19,8.5],"rotation":{"angle":45,"axis":"y","origin":[8,18.5,8]},"faces":{"north":{"uv":[0,0,0,1],"texture":"#1"},"east":{"uv":[4.5,12,5,13],"texture":"#1"},"south":{"uv":[0,0,0,1],"texture":"#1"},"west":{"uv":[5,12,5.5,13],"texture":"#1"},"up":{"uv":[0,0.5,0,0],"texture":"#1"},"down":{"uv":[0,0,0,0.5],"texture":"#1"}}},{"from":[8,7,7.5],"to":[8,8,8.5],"rotation":{"angle":-45,"axis":"y","origin":[8,8.5,8]},"faces":{"north":{"uv":[0,0,0,0.5],"texture":"#1"},"east":{"uv":[12,6.5,12.5,7],"texture":"#1"},"south":{"uv":[0,0,0,0.5],"texture":"#1"},"west":{"uv":[7,12,7.5,12.5],"texture":"#1"},"up":{"uv":[0,0.5,0,0],"texture":"#1"},"down":{"uv":[0,0,0,0.5],"texture":"#1"}}},{"from":[8,7,7.5],"to":[8,8,8.5],"rotation":{"angle":45,"axis":"y","origin":[8,8.5,8]},"faces":{"north":{"uv":[0,0,0,0.5],"texture":"#1"},"east":{"uv":[12,6,12.5,6.5],"texture":"#1"},"south":{"uv":[0,0,0,0.5],"texture":"#1"},"west":{"uv":[6.5,12,7,12.5],"texture":"#1"},"up":{"uv":[0,0.5,0,0],"texture":"#1"},"down":{"uv":[0,0,0,0.5],"texture":"#1"}}},{"from":[9,16,7.5],"to":[9,17,8.5],"rotation":{"angle":0,"axis":"y","origin":[0,-7,0]},"faces":{"north":{"uv":[0,0,0,0.5],"texture":"#1"},"east":{"uv":[12,5,12.5,5.5],"texture":"#1"},"south":{"uv":[0,0,0,0.5],"texture":"#1"},"west":{"uv":[5.5,12,6,12.5],"texture":"#1"},"up":{"uv":[0,0.5,0,0],"texture":"#1"},"down":{"uv":[0,0,0,0.5],"texture":"#1"}}},{"from":[7,16,7.5],"to":[7,17,8.5],"rotation":{"angle":0,"axis":"y","origin":[0,-7,0]},"faces":{"north":{"uv":[0,0,0,0.5],"texture":"#1"},"east":{"uv":[12,5.5,12.5,6],"texture":"#1"},"south":{"uv":[0,0,0,0.5],"texture":"#1"},"west":{"uv":[6,12,6.5,12.5],"texture":"#1"},"up":{"uv":[0,0.5,0,0],"texture":"#1"},"down":{"uv":[0,0,0,0.5],"texture":"#1"}}}],"display":{"thirdperson_righthand":{"rotation":[75,45,0],"translation":[0,2.5,0],"scale":[0.375,0.375,0.375]},"thirdperson_lefthand":{"rotation":[75,45,0],"translation":[0,2.5,0],"scale":[0.375,0.375,0.375]},"firstperson_righthand":{"rotation":[0,45,0],"scale":[0.4,0.4,0.4]},"firstperson_lefthand":{"rotation":[0,225,0],"scale":[0.4,0.4,0.4]},"ground":{"translation":[0,3,0],"scale":[0.25,0.25,0.25]},"gui":{"rotation":[30,225,0],"scale":[0.625,0.625,0.625]},"fixed":{"rotation":[90,0,0],"translation":[0,0,-21],"scale":[2,2,2]}}}