{"credit":"MadewithBlockbench","texture_size":[64,64],"textures":{"0":"jeqo:dragon_set/red/red_dragon_pickaxe"},"elements":[{"from":[6,1,6],"to":[10,5,10],"rotation":{"angle":-45,"axis":"x","origin":[8,3,8]},"faces":{"north":{"uv":[7,0,8,1],"texture":"#0"},"east":{"uv":[7,1,8,2],"texture":"#0"},"south":{"uv":[6.25,7,7.25,8],"texture":"#0"},"west":{"uv":[7.25,7,8.25,8],"texture":"#0"},"up":{"uv":[8.5,5.25,7.5,4.25],"texture":"#0"},"down":{"uv":[8.5,5.25,7.5,6.25],"texture":"#0"}}},{"from":[7,5,7],"to":[9,19,9],"rotation":{"angle":0,"axis":"y","origin":[7,14,16]},"faces":{"north":{"uv":[2,4.75,2.5,8.25],"texture":"#0"},"east":{"uv":[2.5,4.75,3,8.25],"texture":"#0"},"south":{"uv":[3,4.75,3.5,8.25],"texture":"#0"},"west":{"uv":[3.5,4.75,4,8.25],"texture":"#0"},"up":{"uv":[9.25,6.75,8.75,6.25],"texture":"#0"},"down":{"uv":[8.25,8.75,7.75,9.25],"texture":"#0"}}},{"from":[6.75,7,6.75],"to":[9.25,16,9.25],"rotation":{"angle":0,"axis":"y","origin":[7,14,16]},"faces":{"north":{"uv":[4,6,4.75,8.25],"texture":"#0"},"east":{"uv":[4.75,6,5.5,8.25],"texture":"#0"},"south":{"uv":[5.5,6,6.25,8.25],"texture":"#0"},"west":{"uv":[6.25,0,7,2.25],"texture":"#0"},"up":{"uv":[7.25,5,6.5,4.25],"texture":"#0"},"down":{"uv":[2,6.75,1.25,7.5],"texture":"#0"}}},{"from":[5.5,19,6],"to":[10.5,23,10],"rotation":{"angle":45,"axis":"x","origin":[8,21,8]},"faces":{"north":{"uv":[6.25,6,7.5,7],"texture":"#0"},"east":{"uv":[0,7.75,1,8.75],"texture":"#0"},"south":{"uv":[6.5,2.25,7.75,3.25],"texture":"#0"},"west":{"uv":[1,7.75,2,8.75],"texture":"#0"},"up":{"uv":[7.75,4.25,6.5,3.25],"texture":"#0"},"down":{"uv":[1.25,6.75,0,7.75],"texture":"#0"}}},{"from":[6,21,4],"to":[10,25,12],"rotation":{"angle":0,"axis":"y","origin":[7,23,16]},"faces":{"north":{"uv":[7.75,2,8.75,3],"texture":"#0"},"east":{"uv":[4.5,3,6.5,4],"texture":"#0"},"south":{"uv":[7.75,3,8.75,4],"texture":"#0"},"west":{"uv":[4.5,4,6.5,5],"texture":"#0"},"up":{"uv":[1,6.75,0,4.75],"texture":"#0"},"down":{"uv":[2,4.75,1,6.75],"texture":"#0"}}},{"from":[5,21,8],"to":[5,28,15],"rotation":{"angle":-22.5,"axis":"y","origin":[5,23,11.5]},"faces":{"north":{"uv":[0,0,0,1.75],"texture":"#0"},"east":{"uv":[2.75,0,4.5,1.75],"texture":"#0"},"south":{"uv":[0,0,0,1.75],"texture":"#0"},"west":{"uv":[2.75,1.75,4.5,3.5],"texture":"#0"},"up":{"uv":[0,1.75,0,0],"texture":"#0"},"down":{"uv":[0,0,0,1.75],"texture":"#0"}}},{"from":[11,21,8],"to":[11,28,15],"rotation":{"angle":22.5,"axis":"y","origin":[11,23,11.5]},"faces":{"north":{"uv":[0,0,0,1.75],"texture":"#0"},"east":{"uv":[4.5,1.75,2.75,3.5],"texture":"#0"},"south":{"uv":[0,0,0,1.75],"texture":"#0"},"west":{"uv":[4.5,0,2.75,1.75],"texture":"#0"},"up":{"uv":[0,1.75,0,0],"texture":"#0"},"down":{"uv":[0,0,0,1.75],"texture":"#0"}}},{"from":[8,24,2],"to":[8,31,13],"rotation":{"angle":0,"axis":"y","origin":[7,27,16]},"faces":{"north":{"uv":[0,0,0,1.75],"texture":"#0"},"east":{"uv":[0,0,2.75,1.75],"texture":"#0"},"south":{"uv":[0,0,0,1.75],"texture":"#0"},"west":{"uv":[0,1.75,2.75,3.5],"texture":"#0"},"up":{"uv":[0,2.75,0,0],"texture":"#0"},"down":{"uv":[0,0,0,2.75],"texture":"#0"}}},{"from":[6.5,18.88686,8.4312],"to":[9.5,21.88686,13.4312],"rotation":{"angle":0,"axis":"z","origin":[8,19.38686,10.9312]},"faces":{"north":{"uv":[8.75,1.5,9.5,2.25],"texture":"#0"},"east":{"uv":[7,8,8.25,8.75],"texture":"#0"},"south":{"uv":[8.75,2.25,9.5,3],"texture":"#0"},"west":{"uv":[2,8.25,3.25,9],"texture":"#0"},"up":{"uv":[4,9.5,3.25,8.25],"texture":"#0"},"down":{"uv":[4.75,8.25,4,9.5],"texture":"#0"}}},{"from":[7.25,19.38686,13.4312],"to":[8.75,21.38686,18.4312],"rotation":{"angle":0,"axis":"z","origin":[8,19.38686,10.9312]},"faces":{"north":{"uv":[9,4.5,9.5,5],"texture":"#0"},"east":{"uv":[8.5,5.75,9.75,6.25],"texture":"#0"},"south":{"uv":[9,5,9.5,5.5],"texture":"#0"},"west":{"uv":[8.25,8.5,9.5,9],"texture":"#0"},"up":{"uv":[0.5,10,0,8.75],"texture":"#0"},"down":{"uv":[1,8.75,0.5,10],"texture":"#0"}}},{"from":[6.5,23.03387,9.19761],"to":[9.5,26.03387,14.19761],"rotation":{"angle":-22.5,"axis":"x","origin":[8,23.53387,11.69761]},"faces":{"north":{"uv":[8.75,0.75,9.5,1.5],"texture":"#0"},"east":{"uv":[7.5,6.25,8.75,7],"texture":"#0"},"south":{"uv":[1,8.75,1.75,9.5],"texture":"#0"},"west":{"uv":[8,0,9.25,0.75],"texture":"#0"},"up":{"uv":[8.75,2,8,0.75],"texture":"#0"},"down":{"uv":[7,8,6.25,9.25],"texture":"#0"}}},{"from":[7,23.53387,14.19761],"to":[9,25.53387,19.19761],"rotation":{"angle":-22.5,"axis":"x","origin":[8,23.53387,11.69761]},"faces":{"north":{"uv":[2,9,2.5,9.5],"texture":"#0"},"east":{"uv":[8.25,8,9.5,8.5],"texture":"#0"},"south":{"uv":[2.5,9,3,9.5],"texture":"#0"},"west":{"uv":[8.5,4,9.75,4.5],"texture":"#0"},"up":{"uv":[6.25,9.5,5.75,8.25],"texture":"#0"},"down":{"uv":[9,4.5,8.5,5.75],"texture":"#0"}}},{"from":[7,20.03387,0.80239],"to":[9,24.03387,7.80239],"rotation":{"angle":22.5,"axis":"x","origin":[8,21.53387,4.30239]},"faces":{"north":{"uv":[8.75,3,9.25,4],"texture":"#0"},"east":{"uv":[4,5,5.75,6],"texture":"#0"},"south":{"uv":[7,8.75,7.5,9.75],"texture":"#0"},"west":{"uv":[5.75,5,7.5,6],"texture":"#0"},"up":{"uv":[5.25,10,4.75,8.25],"texture":"#0"},"down":{"uv":[5.75,8.25,5.25,10],"texture":"#0"}}},{"from":[7.5,21.66431,-4.51672],"to":[8.5,23.66431,2.48328],"rotation":{"angle":-22.5,"axis":"x","origin":[8,23.66431,-0.51672]},"faces":{"north":{"uv":[6.25,2.25,6.5,2.75],"texture":"#0"},"east":{"uv":[8.25,7,10,7.5],"texture":"#0"},"south":{"uv":[7.25,4.25,7.5,4.75],"texture":"#0"},"west":{"uv":[8.25,7.5,10,8],"texture":"#0"},"up":{"uv":[2,10.5,1.75,8.75],"texture":"#0"},"down":{"uv":[7.75,8.75,7.5,10.5],"texture":"#0"}}}],"gui_light":"front","display":{"thirdperson_righthand":{"translation":[0,-4.75,2],"scale":[0.75,0.75,0.75]},"thirdperson_lefthand":{"translation":[0,-4.75,2],"scale":[0.75,0.75,0.75]},"firstperson_righthand":{"rotation":[10,0,-4],"translation":[1.5,-0.5,0],"scale":[0.5,0.5,0.5]},"firstperson_lefthand":{"rotation":[10,0,-4],"translation":[1.5,-0.5,0],"scale":[0.5,0.5,0.5]},"ground":{"rotation":[0,0,45],"translation":[0,2,0],"scale":[0.4,0.4,0.4]},"gui":{"rotation":[90,45,-90],"translation":[-4.5,-4.25,0],"scale":[0.6,0.6,0.6]},"fixed":{"rotation":[90,-45,90],"translation":[5.25,-4.75,-0.5],"scale":[0.7,0.7,0.7]}},"groups":[0,1,2,3,4,5,6,{"name":"flairs","origin":[16.51672,23.66431,8],"color":0,"children":[7]},{"name":"spikes","origin":[8,8,8],"color":0,"children":[{"name":"group","origin":[5.0688,19.38686,8],"color":0,"children":[8,9]},{"name":"group","origin":[4.30239,23.53387,8],"color":0,"children":[10,11]}]},{"name":"front","origin":[8,23.66431,-0.51672],"color":0,"children":[12,13]}]}