{"credit":"MadebyPolygonMC","texture_size":[24,24],"textures":{"0":"littlepenguinset:hood","particle":"littlepenguinset:hood"},"elements":[{"from":[5.04,7.13,4.40625],"to":[10.96,11.57,10.32625],"rotation":{"angle":0,"axis":"y","origin":[5.04,1.95,4.40625]},"faces":{"north":{"uv":[4,0,8,3],"texture":"#0"},"east":{"uv":[4,3.33333,8,6.33333],"texture":"#0"},"south":{"uv":[4,6.66667,8,9.66667],"texture":"#0"},"west":{"uv":[0,8,4,11],"texture":"#0"},"up":{"uv":[4,4,0,0],"texture":"#0"},"down":{"uv":[4,4,0,8],"texture":"#0"}}},{"from":[7.26,7.785,3.11125],"to":[8.74,8.595,4.40625],"rotation":{"angle":0,"axis":"y","origin":[3.93,1.95,4.40625]},"faces":{"north":{"uv":[8,6.66667,9,7.33333],"texture":"#0"},"east":{"uv":[8,7.33333,9,8],"texture":"#0"},"west":{"uv":[8,8,9,8.66667],"texture":"#0"},"up":{"uv":[9,5,8,4],"texture":"#0"},"down":{"uv":[9,5.33333,8,6.33333],"texture":"#0"}}},{"from":[5.04,4.17,5.88625],"to":[5.53,7.13,8.84625],"rotation":{"angle":0,"axis":"y","origin":[10.96,1.95,4.40625]},"faces":{"north":{"uv":[8,8.66667,8.33333,10.66667],"texture":"#0"},"east":{"uv":[8,0,10,2],"texture":"#0"},"south":{"uv":[8.66667,8.66667,9,10.66667],"texture":"#0"},"west":{"uv":[8,2,10,4],"texture":"#0"},"down":{"uv":[9.66667,4,9.33333,6],"texture":"#0"}}},{"from":[10.47,4.17,5.88625],"to":[10.96,7.13,8.84625],"rotation":{"angle":0,"axis":"y","origin":[5.04,1.95,4.40625]},"faces":{"north":{"uv":[8.33333,8.66667,8,10.66667],"texture":"#0"},"east":{"uv":[10,2,8,4],"texture":"#0"},"south":{"uv":[9,8.66667,8.66667,10.66667],"texture":"#0"},"west":{"uv":[10,0,8,2],"texture":"#0"},"down":{"uv":[9.33333,4,9.66667,6],"texture":"#0"}}}],"gui_light":"front","display":{"thirdperson_righthand":{"rotation":[59.25,0,0],"translation":[0,0.5,0]},"thirdperson_lefthand":{"rotation":[59.25,0,0],"translation":[0,0.5,0]},"firstperson_righthand":{"rotation":[155.5,0,180],"translation":[-2.5,4.25,1.75]},"firstperson_lefthand":{"rotation":[155.5,0,180],"translation":[-2.5,4.25,1.75]},"ground":{"rotation":[40,0,0],"translation":[0,3.75,0.5],"scale":[1.29102,1.29102,1.29102]},"gui":{"rotation":[0,180,0],"translation":[0,0.25,0],"scale":[2.20117,2.20117,2.20117]},"head":{"translation":[0,1,1.5],"scale":[2.5293,2.5293,2.5293]},"fixed":{"rotation":[-90,0,0],"translation":[0,0,-12.5],"scale":[3.37695,3.37695,3.37695]}}}