{"credit":"MadewithBlockbench","textures":{"1":"furnituresplus:furnituresplus/bluepaint","2":"furnituresplus:furnituresplus/iron_block","4":"furnituresplus:furnituresplus/acacia_planks","particle":"furnituresplus:furnituresplus/bluepaint"},"elements":[{"from":[0,0,0],"to":[16,1,1],"faces":{"north":{"uv":[0,0,16,1],"texture":"#4"},"east":{"uv":[0,0,1,1],"texture":"#4"},"south":{"uv":[0,0,16,1],"texture":"#4"},"west":{"uv":[0,0,1,1],"texture":"#4"},"up":{"uv":[0,0,16,1],"texture":"#4"},"down":{"uv":[0,0,16,1],"texture":"#4"}}},{"from":[0,29,0],"to":[16,30,1],"faces":{"north":{"uv":[0,0,16,1],"texture":"#4"},"east":{"uv":[0,0,1,1],"texture":"#4"},"south":{"uv":[0,0,16,1],"texture":"#4"},"west":{"uv":[0,0,1,1],"texture":"#4"},"up":{"uv":[0,0,16,1],"texture":"#4"},"down":{"uv":[0,0,16,1],"texture":"#4"}}},{"from":[3,4,0],"to":[13,26,0.5],"faces":{"north":{"uv":[0,0,16,16],"texture":"#4"},"east":{"uv":[0,0,0.3,16],"texture":"#4"},"south":{"uv":[0,0,16,16],"texture":"#1"},"west":{"uv":[0,0,0.3,16],"texture":"#4"},"up":{"uv":[0,0,16,0.3],"texture":"#4"},"down":{"uv":[0,0,16,0.3],"texture":"#4"}}},{"from":[1,1,0],"to":[15,29,0.3],"faces":{"north":{"uv":[0,0,16,16],"texture":"#4"},"east":{"uv":[0,0,0.3,16],"texture":"#4"},"south":{"uv":[1,8,8,14],"texture":"#2"},"west":{"uv":[0,0,0.3,16],"texture":"#4"},"up":{"uv":[0,0,16,0.3],"texture":"#4"},"down":{"uv":[0,0,16,0.3],"texture":"#4"}}},{"from":[0,1,0],"to":[1,29,1],"faces":{"north":{"uv":[0,0,1,16],"texture":"#4"},"east":{"uv":[0,0,1,16],"texture":"#4"},"south":{"uv":[0,0,1,16],"texture":"#4"},"west":{"uv":[0,0,1,16],"texture":"#4"},"up":{"uv":[0,0,1,1],"texture":"#4"},"down":{"uv":[0,0,1,1],"texture":"#4"}}},{"from":[15,1,0],"to":[16,29,1],"faces":{"north":{"uv":[0,0,1,16],"texture":"#4"},"east":{"uv":[0,0,1,16],"texture":"#4"},"south":{"uv":[0,0,1,16],"texture":"#4"},"west":{"uv":[0,0,1,16],"texture":"#4"},"up":{"uv":[0,0,1,1],"texture":"#4"},"down":{"uv":[0,0,1,1],"texture":"#4"}}}],"display":{"thirdperson_righthand":{"rotation":[75,45,0],"translation":[0,2.5,0],"scale":[0.375,0.375,0.375]},"thirdperson_lefthand":{"rotation":[75,45,0],"translation":[0,2.5,0],"scale":[0.375,0.375,0.375]},"firstperson_righthand":{"rotation":[0,45,0],"scale":[0.4,0.4,0.4]},"firstperson_lefthand":{"rotation":[0,45,0],"scale":[0.4,0.4,0.4]},"ground":{"translation":[0,2,0],"scale":[0.5,0.5,0.5]},"gui":{"rotation":[30,45,0],"translation":[1.75,-3.35,0],"scale":[0.5,0.5,0.5]},"head":{"translation":[0,-30.4,0],"scale":[1.6,1.6,1.6]},"fixed":{"rotation":[-90,180,0],"translation":[0,0,-14],"scale":[2.01,2.01,2.01]}}}