{"parent":"minecraft:item/handheld","textures":{"layer0":"minecraft:item/diamond_pickaxe"},"overrides":[{"predicate":{"custom_model_data":10000},"model":"jeqo:dragon_set/black/black_dragon_pickaxe"},{"predicate":{"custom_model_data":10001},"model":"jeqo:dragon_set/blue/blue_dragon_pickaxe"},{"predicate":{"custom_model_data":10002},"model":"jeqo:dragon_set/green/green_dragon_pickaxe"},{"predicate":{"custom_model_data":10003},"model":"jeqo:dragon_set/orange/orange_dragon_pickaxe"},{"predicate":{"custom_model_data":10004},"model":"jeqo:dragon_set/purple/purple_dragon_pickaxe"},{"predicate":{"custom_model_data":10005},"model":"jeqo:dragon_set/red/red_dragon_pickaxe"},{"predicate":{"custom_model_data":1230000},"model":"space:item/reinforced_aluminium_alloy_pickaxe"},{"predicate":{"custom_model_data":1230001},"model":"space:item/reinforced_palladium_pickaxe"},{"predicate":{"custom_model_data":1230002},"model":"item/diamond_pickaxe"}]}