{"parent":"minecraft:item/handheld_rod","textures":{"layer0":"minecraft:item/fishing_rod"},"overrides":[{"predicate":{"cast":1},"model":"minecraft:item/fishing_rod_cast"},{"predicate":{"cast":1},"model":"item/fishing_rod_cast"},{"predicate":{"custom_model_data":10000},"model":"cutiecatpack:cutiecatpack/fishing_rod"},{"predicate":{"cast":1,"custom_model_data":10000},"model":"cutiecatpack:cutiecatpack/fishing_rod_cast"},{"predicate":{"custom_model_data":10001},"model":"littlecatset:fishing_rod"},{"predicate":{"cast":1,"custom_model_data":10001},"model":"littlecatset:fishing_rod_cast"},{"predicate":{"custom_model_data":10003},"model":"unicornfantasyset:fishing_rod"},{"predicate":{"cast":1,"custom_model_data":10003},"model":"unicornfantasyset:fishing_rod_cast"},{"predicate":{"custom_model_data":10004},"model":"littlepenguinset:fishing_rod"},{"predicate":{"cast":1,"custom_model_data":10004},"model":"littlepenguinset:fishing_rod_cast"},{"predicate":{"custom_model_data":10005},"model":"littleduckset:fishing_rod"},{"predicate":{"cast":1,"custom_model_data":10005},"model":"littleduckset:fishing_rod_cast"},{"predicate":{"custom_model_data":10006},"model":"jeqo:dragon_set/black/black_dragon_rod"},{"predicate":{"cast":1,"custom_model_data":10006},"model":"jeqo:dragon_set/black/black_dragon_rod_cast"},{"predicate":{"custom_model_data":10007},"model":"jeqo:dragon_set/blue/blue_dragon_rod"},{"predicate":{"cast":1,"custom_model_data":10007},"model":"jeqo:dragon_set/blue/blue_dragon_rod_cast"},{"predicate":{"custom_model_data":10008},"model":"jeqo:dragon_set/green/green_dragon_rod"},{"predicate":{"cast":1,"custom_model_data":10008},"model":"jeqo:dragon_set/green/green_dragon_rod_cast"},{"predicate":{"custom_model_data":10009},"model":"jeqo:dragon_set/orange/orange_dragon_rod"},{"predicate":{"cast":1,"custom_model_data":10009},"model":"jeqo:dragon_set/orange/orange_dragon_rod_cast"},{"predicate":{"custom_model_data":10010},"model":"jeqo:dragon_set/purple/purple_dragon_rod"},{"predicate":{"cast":1,"custom_model_data":10010},"model":"jeqo:dragon_set/purple/purple_dragon_rod_cast"},{"predicate":{"custom_model_data":10011},"model":"jeqo:dragon_set/red/red_dragon_rod"},{"predicate":{"cast":1,"custom_model_data":10011},"model":"jeqo:dragon_set/red/red_dragon_rod_cast"},{"predicate":{"custom_model_data":1230000},"model":"space:item/grappling_hook"},{"predicate":{"custom_model_data":1230000,"cast":1},"model":"space:item/grappling_hook_fired"},{"predicate":{"custom_model_data":1230001},"model":"item/fishing_rod"}]}