{"parent":"minecraft:item/generated","textures":{"layer0":"minecraft:item/gold_nugget"},"overrides":[{"predicate":{"custom_model_data":500},"model":"battlepass:battlepass/air"},{"predicate":{"custom_model_data":501},"model":"battlepass:battlepass/locked"},{"predicate":{"custom_model_data":502},"model":"battlepass:battlepass/unlocked"},{"predicate":{"custom_model_data":503},"model":"battlepass:battlepass/reward_unclaimed"},{"predicate":{"custom_model_data":504},"model":"battlepass:battlepass/reward_claimed"},{"predicate":{"custom_model_data":505},"model":"battlepass:battlepass/questbook"},{"predicate":{"custom_model_data":506},"model":"battlepass:battlepass/questbook_gray"},{"predicate":{"custom_model_data":507},"model":"battlepass:battlepass/reward_locked_gray"},{"predicate":{"custom_model_data":508},"model":"battlepass:battlepass/reward_locked_green"},{"predicate":{"custom_model_data":10000},"model":"iaweapons:ia_auto_gen/projectile"},{"predicate":{"custom_model_data":10001},"model":"iaweapons:ia_auto_gen/clip"},{"predicate":{"custom_model_data":10002},"model":"iaweapons:ia_auto_gen/shotgun_cartridge"},{"predicate":{"custom_model_data":10003},"model":"item/gold_nugget"}]}