{"parent":"minecraft:item/generated","textures":{"layer0":"minecraft:item/lantern"},"overrides":[{"predicate":{"custom_model_data":10000},"model":"furnituresplus:redvibecollection/red_wooden_hanginglamp"},{"predicate":{"custom_model_data":10001},"model":"furnituresplus:blankacollection/white_wooden_hanginglamp"},{"predicate":{"custom_model_data":10002},"model":"furnituresplus:summercollection/cyan_wooden_hanginglamp"},{"predicate":{"custom_model_data":10003},"model":"furnituresplus:acaciagraycollection/gray_wooden_hanginglamp"},{"predicate":{"custom_model_data":10004},"model":"furnituresplus:steelcollection/iron_hanginglamp"},{"predicate":{"custom_model_data":10005},"model":"furnituresplus:amethystcollection/amethyst_hanginglamp"},{"predicate":{"custom_model_data":10006},"model":"item/lantern"}]}