{"parent":"minecraft:item/handheld","textures":{"layer0":"minecraft:item/netherite_shovel"},"overrides":[{"predicate":{"custom_model_data":10000},"model":"cutiecatpack:cutiecatpack/shovel"},{"predicate":{"custom_model_data":10001},"model":"littlecatset:shovel"},{"predicate":{"custom_model_data":10003},"model":"unicornfantasyset:shovel"},{"predicate":{"custom_model_data":10004},"model":"littlepenguinset:shovel"},{"predicate":{"custom_model_data":10005},"model":"littleduckset:shovel"},{"predicate":{"custom_model_data":10006},"model":"item/netherite_shovel"}]}