{"parent":"minecraft:item/handheld","textures":{"layer0":"minecraft:item/netherite_sword"},"overrides":[{"predicate":{"custom_model_data":10000},"model":"iaspecial_swords:ia_auto_gen/guitar_sword"},{"predicate":{"custom_model_data":10001},"model":"iaspecial_swords:item/closed_lightsaber"},{"predicate":{"custom_model_data":10002},"model":"iaspecial_swords:item/green_lightsaber"},{"predicate":{"custom_model_data":10003},"model":"iaspecial_swords:item/red_lightsaber"},{"predicate":{"custom_model_data":10004},"model":"iaspecial_swords:item/blue_lightsaber"},{"predicate":{"custom_model_data":10005},"model":"cutiecatpack:cutiecatpack/sword"},{"predicate":{"custom_model_data":10006},"model":"cutiecatpack:cutiecatpack/staff"},{"predicate":{"custom_model_data":10007},"model":"iaspecial_swords:ia_auto_gen/elucidator_sword"},{"predicate":{"custom_model_data":10008},"model":"littlecatset:sword"},{"predicate":{"custom_model_data":10009},"model":"littlecatset:hammer"},{"predicate":{"custom_model_data":10010},"model":"littlecatset:spear"},{"predicate":{"custom_model_data":10011},"model":"littlecatset:staff"},{"predicate":{"custom_model_data":10012},"model":"iaspecial_swords:item/baseball_bat"},{"predicate":{"custom_model_data":10013},"model":"iaspecial_swords:item/floating_sword"},{"predicate":{"custom_model_data":10014},"model":"iaspecial_swords:ia_auto_gen/repulser_sword"},{"predicate":{"custom_model_data":10022},"model":"unicornfantasyset:hammer"},{"predicate":{"custom_model_data":10023},"model":"unicornfantasyset:knife"},{"predicate":{"custom_model_data":10024},"model":"unicornfantasyset:staff"},{"predicate":{"custom_model_data":10025},"model":"unicornfantasyset:sword"},{"predicate":{"custom_model_data":10026},"model":"iaspecial_swords:item/gandalf_stick"},{"predicate":{"custom_model_data":10027},"model":"iaspecial_swords:item/masters_sword"},{"predicate":{"custom_model_data":10028},"model":"littlepenguinset:spear"},{"predicate":{"custom_model_data":10029},"model":"littlepenguinset:staff"},{"predicate":{"custom_model_data":10030},"model":"littlepenguinset:sword"},{"predicate":{"custom_model_data":10031},"model":"littlepenguinset:swim_tube"},{"predicate":{"custom_model_data":10032},"model":"littleduckset:spear"},{"predicate":{"custom_model_data":10033},"model":"littleduckset:staff"},{"predicate":{"custom_model_data":10034},"model":"littleduckset:sword"},{"predicate":{"custom_model_data":10035},"model":"item/netherite_sword"}]}