{"parent":"minecraft:item/handheld","textures":{"layer0":"minecraft:item/netherite_axe"},"overrides":[{"predicate":{"custom_model_data":10000},"model":"cutiecatpack:cutiecatpack/axe"},{"predicate":{"custom_model_data":10001},"model":"littlecatset:axe"},{"predicate":{"custom_model_data":10003},"model":"unicornfantasyset:axe"},{"predicate":{"custom_model_data":10004},"model":"littlepenguinset:axe"},{"predicate":{"custom_model_data":10005},"model":"littleduckset:axe"},{"predicate":{"custom_model_data":10006},"model":"item/netherite_axe"}]}