{"parent":"minecraft:item/generated","textures":{"layer0":"minecraft:item/paper"},"overrides":[{"predicate":{"custom_model_data":10000},"model":"_iainternal:ia_auto_gen/icon_left_blue"},{"predicate":{"custom_model_data":10001},"model":"_iainternal:ia_auto_gen/icon_right_blue"},{"predicate":{"custom_model_data":10002},"model":"_iainternal:ia_auto_gen/icon_search"},{"predicate":{"custom_model_data":10003},"model":"_iainternal:ia_auto_gen/icon_cancel"},{"predicate":{"custom_model_data":10004},"model":"_iainternal:ia_auto_gen/icon_arrow_chest"},{"predicate":{"custom_model_data":10005},"model":"_iainternal:ia_auto_gen/icon_back_orange"},{"predicate":{"custom_model_data":10006},"model":"_iainternal:ia_auto_gen/icon_next_orange"},{"predicate":{"custom_model_data":10007},"model":"elitecreature:japan_furniture_v3/jf3_bed_white"},{"predicate":{"custom_model_data":10008},"model":"elitecreature:japan_furniture_v3/jf3_bookcase"},{"predicate":{"custom_model_data":10009},"model":"elitecreature:japan_furniture_v3/jf3_chair_orange"},{"predicate":{"custom_model_data":10010},"model":"elitecreature:japan_furniture_v3/jf3_chair_purple"},{"predicate":{"custom_model_data":10011},"model":"elitecreature:japan_furniture_v3/jf3_chair_red"},{"predicate":{"custom_model_data":10012},"model":"elitecreature:japan_furniture_v3/jf3_closet"},{"predicate":{"custom_model_data":10013},"model":"elitecreature:japan_furniture_v3/jf3_drum"},{"predicate":{"custom_model_data":10014},"model":"elitecreature:japan_furniture_v3/jf3_shelf"},{"predicate":{"custom_model_data":10015},"model":"elitecreature:japan_furniture_v3/jf3_shelf_2"},{"predicate":{"custom_model_data":10016},"model":"elitecreature:japan_furniture_v3/jf3_shelf_3"},{"predicate":{"custom_model_data":10017},"model":"elitecreature:japan_furniture_v3/jf3_shelf_4"},{"predicate":{"custom_model_data":10018},"model":"elitecreature:japan_furniture_v3/jf3_shelf_5"},{"predicate":{"custom_model_data":10019},"model":"elitecreature:japan_furniture_v3/jf3_shelf_beer"},{"predicate":{"custom_model_data":10020},"model":"elitecreature:japan_furniture_v3/jf3_sofa_red"},{"predicate":{"custom_model_data":10021},"model":"elitecreature:japan_furniture_v3/jf3_sofa_red_corner"},{"predicate":{"custom_model_data":10022},"model":"elitecreature:japan_furniture_v3/jf3_table"},{"predicate":{"custom_model_data":10023},"model":"elitecreature:japan_furniture_v3/jf3_table_2"},{"predicate":{"custom_model_data":10024},"model":"elitecreature:japan_furniture_v3/jf3_table_3"},{"predicate":{"custom_model_data":10025},"model":"elitecreature:japan_furniture_v3/jf3_table_4"},{"predicate":{"custom_model_data":10026},"model":"elitecreature:japan_furniture_v3/jf3_table_5"},{"predicate":{"custom_model_data":10027},"model":"elitecreature:japan_furniture_v3/jf3_table_6"},{"predicate":{"custom_model_data":10028},"model":"elitecreature:japan_furniture_v3/jf3_table_circle_white"},{"predicate":{"custom_model_data":10029},"model":"elitecreature:japan_furniture_v3/jf3_table_small"},{"predicate":{"custom_model_data":10037},"model":"iadeco:lava_lamp"},{"predicate":{"custom_model_data":10050},"model":"iadeco:white_chandeliers"},{"predicate":{"custom_model_data":10051},"model":"iadeco:black_chandeliers"},{"predicate":{"custom_model_data":10052},"model":"iadeco:black_and_red_chandeliers"},{"predicate":{"custom_model_data":10083},"model":"cutiecatpack:cutiecatpack/backpack"},{"predicate":{"custom_model_data":10084},"model":"cutiecatpack:cutiecatpack/ears"},{"predicate":{"custom_model_data":10091},"model":"iadeco:glass_table"},{"predicate":{"custom_model_data":10092},"model":"iadeco:school_chair"},{"predicate":{"custom_model_data":10093},"model":"iadeco:school_chair_lazy"},{"predicate":{"custom_model_data":10094},"model":"chinese_new_year:bunny_statue"},{"predicate":{"custom_model_data":10095},"model":"chinese_new_year:ceiling_coin"},{"predicate":{"custom_model_data":10096},"model":"chinese_new_year:decorated_lantern"},{"predicate":{"custom_model_data":10097},"model":"chinese_new_year:decorated_lanterns"},{"predicate":{"custom_model_data":10098},"model":"chinese_new_year:decorated_long_lantern"},{"predicate":{"custom_model_data":10099},"model":"chinese_new_year:decorated_tall_lantern"},{"predicate":{"custom_model_data":10100},"model":"chinese_new_year:firecrackers"},{"predicate":{"custom_model_data":10101},"model":"chinese_new_year:kumquats"},{"predicate":{"custom_model_data":10102},"model":"chinese_new_year:lantern"},{"predicate":{"custom_model_data":10103},"model":"chinese_new_year:lanterns"},{"predicate":{"custom_model_data":10104},"model":"chinese_new_year:long_lantern"},{"predicate":{"custom_model_data":10105},"model":"chinese_new_year:lucky_banner"},{"predicate":{"custom_model_data":10106},"model":"chinese_new_year:lucky_kumquats"},{"predicate":{"custom_model_data":10107},"model":"chinese_new_year:tall_lantern"},{"predicate":{"custom_model_data":10108},"model":"chinese_new_year:wall_coin"},{"predicate":{"custom_model_data":10109},"model":"chinese_new_year:ia_auto_gen/cny_patterened_floor"},{"predicate":{"custom_model_data":10110},"model":"chinese_new_year:ia_auto_gen/cny_patterened_floor2"},{"predicate":{"custom_model_data":10111},"model":"chinese_new_year:cny_pillar"},{"predicate":{"custom_model_data":10112},"model":"iadeco:white_bar_chair"},{"predicate":{"custom_model_data":10113},"model":"iadeco:orange_bar_chair"},{"predicate":{"custom_model_data":10114},"model":"iadeco:magenta_bar_chair"},{"predicate":{"custom_model_data":10115},"model":"iadeco:light_blue_bar_chair"},{"predicate":{"custom_model_data":10116},"model":"iadeco:yellow_bar_chair"},{"predicate":{"custom_model_data":10117},"model":"iadeco:lime_bar_chair"},{"predicate":{"custom_model_data":10118},"model":"iadeco:pink_bar_chair"},{"predicate":{"custom_model_data":10119},"model":"iadeco:gray_bar_chair"},{"predicate":{"custom_model_data":10120},"model":"iadeco:light_gray_bar_chair"},{"predicate":{"custom_model_data":10121},"model":"iadeco:cyan_bar_chair"},{"predicate":{"custom_model_data":10122},"model":"iadeco:purple_bar_chair"},{"predicate":{"custom_model_data":10123},"model":"iadeco:blue_bar_chair"},{"predicate":{"custom_model_data":10124},"model":"iadeco:brown_bar_chair"},{"predicate":{"custom_model_data":10125},"model":"iadeco:green_bar_chair"},{"predicate":{"custom_model_data":10126},"model":"iadeco:red_bar_chair"},{"predicate":{"custom_model_data":10127},"model":"iadeco:black_bar_chair"},{"predicate":{"custom_model_data":10139},"model":"iadeco:computer_chair"},{"predicate":{"custom_model_data":10153},"model":"littlecatset:headset"},{"predicate":{"custom_model_data":10154},"model":"littlecatset:hood"},{"predicate":{"custom_model_data":10155},"model":"littlecatset:backpack"},{"predicate":{"custom_model_data":10156},"model":"littlecatset:tail"},{"predicate":{"custom_model_data":10157},"model":"littlecatset:key"},{"predicate":{"custom_model_data":10158},"model":"littlecatset:flag"},{"predicate":{"custom_model_data":10168},"model":"iadeco:tv"},{"predicate":{"custom_model_data":10169},"model":"iadeco:coffee_machine"},{"predicate":{"custom_model_data":10170},"model":"iadeco:old_clock"},{"predicate":{"custom_model_data":10180},"model":"iadeco:opened_chest"},{"predicate":{"custom_model_data":10185},"model":"iadeco:white_wood_chair"},{"predicate":{"custom_model_data":10186},"model":"iadeco:orange_wood_chair"},{"predicate":{"custom_model_data":10187},"model":"iadeco:magenta_wood_chair"},{"predicate":{"custom_model_data":10188},"model":"iadeco:light_blue_wood_chair"},{"predicate":{"custom_model_data":10189},"model":"iadeco:yellow_wood_chair"},{"predicate":{"custom_model_data":10190},"model":"iadeco:lime_wood_chair"},{"predicate":{"custom_model_data":10191},"model":"iadeco:pink_wood_chair"},{"predicate":{"custom_model_data":10192},"model":"iadeco:gray_wood_chair"},{"predicate":{"custom_model_data":10193},"model":"iadeco:light_gray_wood_chair"},{"predicate":{"custom_model_data":10194},"model":"iadeco:cyan_wood_chair"},{"predicate":{"custom_model_data":10195},"model":"iadeco:purple_wood_chair"},{"predicate":{"custom_model_data":10196},"model":"iadeco:blue_wood_chair"},{"predicate":{"custom_model_data":10197},"model":"iadeco:brown_wood_chair"},{"predicate":{"custom_model_data":10198},"model":"iadeco:green_wood_chair"},{"predicate":{"custom_model_data":10199},"model":"iadeco:red_wood_chair"},{"predicate":{"custom_model_data":10200},"model":"iadeco:black_wood_chair"},{"predicate":{"custom_model_data":10231},"model":"iadeco:computer_desk"},{"predicate":{"custom_model_data":10232},"model":"outdoor:outdoor_bench"},{"predicate":{"custom_model_data":10233},"model":"outdoor:outdoor_chair"},{"predicate":{"custom_model_data":10234},"model":"outdoor:outdoor_doghut"},{"predicate":{"custom_model_data":10235},"model":"outdoor:outdoor_grill"},{"predicate":{"custom_model_data":10236},"model":"outdoor:outdoor_lawnmower"},{"predicate":{"custom_model_data":10237},"model":"outdoor:outdoor_picnictable"},{"predicate":{"custom_model_data":10238},"model":"outdoor:outdoor_pool"},{"predicate":{"custom_model_data":10239},"model":"outdoor:outdoor_rocks_big"},{"predicate":{"custom_model_data":10240},"model":"outdoor:outdoor_rocks_medium"},{"predicate":{"custom_model_data":10241},"model":"outdoor:outdoor_rocks_small"},{"predicate":{"custom_model_data":10242},"model":"outdoor:outdoor_rocks_tiny"},{"predicate":{"custom_model_data":10243},"model":"outdoor:outdoor_small_table"},{"predicate":{"custom_model_data":10244},"model":"outdoor:outdoor_sunbed"},{"predicate":{"custom_model_data":10245},"model":"outdoor:outdoor_trampolin"},{"predicate":{"custom_model_data":10246},"model":"outdoor:outdoor_umbrella"},{"predicate":{"custom_model_data":10247},"model":"outdoor:outdoor_wateringcan"},{"predicate":{"custom_model_data":10248},"model":"iadeco:white_chair"},{"predicate":{"custom_model_data":10255},"model":"iadeco:simple_chair"},{"predicate":{"custom_model_data":10256},"model":"iadeco:monitor"},{"predicate":{"custom_model_data":10267},"model":"iadeco:small_fountain"},{"predicate":{"custom_model_data":10268},"model":"unicornfantasyset:backpack"},{"predicate":{"custom_model_data":10269},"model":"unicornfantasyset:chest"},{"predicate":{"custom_model_data":10270},"model":"unicornfantasyset:chest_opening"},{"predicate":{"custom_model_data":10271},"model":"unicornfantasyset:helmet"},{"predicate":{"custom_model_data":10272},"model":"unicornfantasyset:key"},{"predicate":{"custom_model_data":10279},"model":"iadeco:vending_machine"},{"predicate":{"custom_model_data":10286},"model":"iadeco:table"},{"predicate":{"custom_model_data":10287},"model":"littlepenguinset:backpack"},{"predicate":{"custom_model_data":10288},"model":"littlepenguinset:chest"},{"predicate":{"custom_model_data":10289},"model":"littlepenguinset:chest_opening"},{"predicate":{"custom_model_data":10290},"model":"littlepenguinset:flag"},{"predicate":{"custom_model_data":10291},"model":"littlepenguinset:hood"},{"predicate":{"custom_model_data":10292},"model":"littlepenguinset:key"},{"predicate":{"custom_model_data":10293},"model":"littlepenguinset:penguin"},{"predicate":{"custom_model_data":10294},"model":"littleduckset:backpack"},{"predicate":{"custom_model_data":10295},"model":"littleduckset:chest"},{"predicate":{"custom_model_data":10296},"model":"littleduckset:chest_opening"},{"predicate":{"custom_model_data":10297},"model":"littleduckset:frag"},{"predicate":{"custom_model_data":10298},"model":"littleduckset:hood"},{"predicate":{"custom_model_data":10299},"model":"littleduckset:key"},{"predicate":{"custom_model_data":10300},"model":"littleduckset:littleduck"},{"predicate":{"custom_model_data":10305},"model":"jeqo:dragon_set/black/black_dragon_helmet"},{"predicate":{"custom_model_data":10306},"model":"jeqo:dragon_set/black/black_dragon_key"},{"predicate":{"custom_model_data":10307},"model":"jeqo:dragon_set/black/black_dragon_crate"},{"predicate":{"custom_model_data":10308},"model":"jeqo:dragon_set/blue/blue_dragon_helmet"},{"predicate":{"custom_model_data":10309},"model":"jeqo:dragon_set/blue/blue_dragon_key"},{"predicate":{"custom_model_data":10310},"model":"jeqo:dragon_set/blue/blue_dragon_crate"},{"predicate":{"custom_model_data":10311},"model":"jeqo:dragon_set/green/green_dragon_helmet"},{"predicate":{"custom_model_data":10312},"model":"jeqo:dragon_set/green/green_dragon_key"},{"predicate":{"custom_model_data":10313},"model":"jeqo:dragon_set/green/green_dragon_crate"},{"predicate":{"custom_model_data":10314},"model":"jeqo:dragon_set/orange/orange_dragon_helmet"},{"predicate":{"custom_model_data":10315},"model":"jeqo:dragon_set/orange/orange_dragon_key"},{"predicate":{"custom_model_data":10316},"model":"jeqo:dragon_set/orange/orange_dragon_crate"},{"predicate":{"custom_model_data":10317},"model":"jeqo:dragon_set/purple/purple_dragon_helmet"},{"predicate":{"custom_model_data":10318},"model":"jeqo:dragon_set/purple/purple_dragon_key"},{"predicate":{"custom_model_data":10319},"model":"jeqo:dragon_set/purple/purple_dragon_crate"},{"predicate":{"custom_model_data":10320},"model":"jeqo:dragon_set/red/red_dragon_helmet"},{"predicate":{"custom_model_data":10321},"model":"jeqo:dragon_set/red/red_dragon_key"},{"predicate":{"custom_model_data":10322},"model":"jeqo:dragon_set/red/red_dragon_crate"},{"predicate":{"custom_model_data":10323},"model":"iadeco:lit_campfire"},{"predicate":{"custom_model_data":10324},"model":"iadeco:mini_fridge"},{"predicate":{"custom_model_data":10325},"model":"iadeco:lamp"},{"predicate":{"custom_model_data":10326},"model":"iadeco:dark_throne"},{"predicate":{"custom_model_data":10327},"model":"bedroom:bedroom_bed"},{"predicate":{"custom_model_data":10328},"model":"bedroom:bedroom_carpet"},{"predicate":{"custom_model_data":10329},"model":"bedroom:bedroom_clock"},{"predicate":{"custom_model_data":10330},"model":"bedroom:bedroom_clothing_cabinet"},{"predicate":{"custom_model_data":10331},"model":"bedroom:bedroom_clothing_cabinet_closed"},{"predicate":{"custom_model_data":10332},"model":"bedroom:bedroom_clothing_rail"},{"predicate":{"custom_model_data":10333},"model":"bedroom:bedroom_lamp"},{"predicate":{"custom_model_data":10334},"model":"bedroom:bedroom_mirror"},{"predicate":{"custom_model_data":10335},"model":"bedroom:bedroom_nightstand"},{"predicate":{"custom_model_data":10336},"model":"bedroom:bedroom_picture_1x1"},{"predicate":{"custom_model_data":10337},"model":"bedroom:bedroom_picture_2x1"},{"predicate":{"custom_model_data":10338},"model":"bedroom:bedroom_sideboard"},{"predicate":{"custom_model_data":10339},"model":"iadeco:painting_burst"},{"predicate":{"custom_model_data":10340},"model":"iadeco:painting_courbet"},{"predicate":{"custom_model_data":10341},"model":"iadeco:painting_graham"},{"predicate":{"custom_model_data":10342},"model":"iadeco:painting_match"},{"predicate":{"custom_model_data":10343},"model":"iadeco:painting_pool"},{"predicate":{"custom_model_data":10344},"model":"iadeco:painting_skull_and_roses"},{"predicate":{"custom_model_data":10345},"model":"iadeco:painting_stage"},{"predicate":{"custom_model_data":10346},"model":"iadeco:painting_void"},{"predicate":{"custom_model_data":10347},"model":"iadeco:painting_wanderer"},{"predicate":{"custom_model_data":10348},"model":"fk:ia_auto_gen/jnk"},{"predicate":{"custom_model_data":10352},"model":"fk:ia_auto_gen/jn"},{"predicate":{"custom_model_data":10353},"model":"chaojikuang:ia_auto_gen/stie_ore"},{"predicate":{"custom_model_data":10354},"model":"gardenplus:plantes/dreapleafplante"},{"predicate":{"custom_model_data":10355},"model":"gardenplus:plantes/dreapleafplante_darkoak"},{"predicate":{"custom_model_data":10356},"model":"gardenplus:plantes/dreapleafplante_birch"},{"predicate":{"custom_model_data":10357},"model":"gardenplus:plantes/dreapleafplante_crimson"},{"predicate":{"custom_model_data":10358},"model":"gardenplus:plantes/dreapleafplante_spurce"},{"predicate":{"custom_model_data":10359},"model":"gardenplus:plantes/dreapleafplante_warped"},{"predicate":{"custom_model_data":10360},"model":"gardenplus:plantes/dreapleafplante_cobble"},{"predicate":{"custom_model_data":10361},"model":"gardenplus:plantes/dreapleafplante_jungle"},{"predicate":{"custom_model_data":10362},"model":"gardenplus:plantes/dreapleafplante_brick"},{"predicate":{"custom_model_data":10363},"model":"gardenplus:plantes/bamboo_oak"},{"predicate":{"custom_model_data":10364},"model":"gardenplus:plantes/bamboo_dark_oak"},{"predicate":{"custom_model_data":10365},"model":"gardenplus:plantes/bamboo_birch"},{"predicate":{"custom_model_data":10366},"model":"gardenplus:plantes/bamboo_brick"},{"predicate":{"custom_model_data":10367},"model":"gardenplus:plantes/bamboo_cobble"},{"predicate":{"custom_model_data":10368},"model":"gardenplus:plantes/plantesuspendu"},{"predicate":{"custom_model_data":10369},"model":"gardenplus:plantes/plantesuspendu_birch"},{"predicate":{"custom_model_data":10370},"model":"gardenplus:plantes/plantesuspendu_darkoak"},{"predicate":{"custom_model_data":10371},"model":"gardenplus:plantes/plantesuspendu_crimson"},{"predicate":{"custom_model_data":10372},"model":"gardenplus:plantes/plantesuspendu_jungle"},{"predicate":{"custom_model_data":10373},"model":"gardenplus:plantes/plantesuspendu_spruce"},{"predicate":{"custom_model_data":10374},"model":"gardenplus:plantes/plantesuspendu_warped"},{"predicate":{"custom_model_data":10375},"model":"gardenplus:plantes/plantesuspendu_acacia"},{"predicate":{"custom_model_data":10376},"model":"gardenplus:plantes/rosier_oak"},{"predicate":{"custom_model_data":10377},"model":"gardenplus:plantes/rosier_dark_oak"},{"predicate":{"custom_model_data":10378},"model":"gardenplus:plantes/rosier_spruce"},{"predicate":{"custom_model_data":10379},"model":"gardenplus:plantes/rosier_birch"},{"predicate":{"custom_model_data":10380},"model":"gardenplus:plantes/lilas_birch"},{"predicate":{"custom_model_data":10381},"model":"gardenplus:plantes/lilas_spruce"},{"predicate":{"custom_model_data":10382},"model":"gardenplus:plantes/lilas_oak"},{"predicate":{"custom_model_data":10383},"model":"gardenplus:plantes/lilas_dark_oak"},{"predicate":{"custom_model_data":10384},"model":"gardenplus:plantes/peony_birch"},{"predicate":{"custom_model_data":10385},"model":"gardenplus:plantes/peony_spruce"},{"predicate":{"custom_model_data":10386},"model":"gardenplus:plantes/peony_oak"},{"predicate":{"custom_model_data":10387},"model":"gardenplus:plantes/peony_dark_oak"},{"predicate":{"custom_model_data":10388},"model":"gardenplus:plantes/peony_big_barrel"},{"predicate":{"custom_model_data":10389},"model":"gardenplus:plantes/peony_big_brick"},{"predicate":{"custom_model_data":10390},"model":"gardenplus:plantes/peony_big_cobble"},{"predicate":{"custom_model_data":10391},"model":"gardenplus:plantes/rose_big_barrel"},{"predicate":{"custom_model_data":10392},"model":"gardenplus:plantes/rose_big_brick"},{"predicate":{"custom_model_data":10393},"model":"gardenplus:plantes/rose_big_cobble"},{"predicate":{"custom_model_data":10394},"model":"gardenplus:plantes/lilac_big_barrel"},{"predicate":{"custom_model_data":10395},"model":"gardenplus:plantes/lilac_big_brick"},{"predicate":{"custom_model_data":10396},"model":"gardenplus:plantes/lilac_big_cobble"},{"predicate":{"custom_model_data":10397},"model":"gardenplus:plantes/windowpotside_acacia_pink"},{"predicate":{"custom_model_data":10398},"model":"gardenplus:plantes/windowpotside_barrel_pink"},{"predicate":{"custom_model_data":10399},"model":"gardenplus:plantes/windowpotside_birch_pink"},{"predicate":{"custom_model_data":10400},"model":"gardenplus:plantes/windowpotside_brick_pink"},{"predicate":{"custom_model_data":10401},"model":"gardenplus:plantes/windowpotside_cobble_pink"},{"predicate":{"custom_model_data":10402},"model":"gardenplus:plantes/windowpotside_crimson_pink"},{"predicate":{"custom_model_data":10403},"model":"gardenplus:plantes/windowpotside_darkoak_pink"},{"predicate":{"custom_model_data":10404},"model":"gardenplus:plantes/windowpotside_jungle_pink"},{"predicate":{"custom_model_data":10405},"model":"gardenplus:plantes/windowpotside_oak_pink"},{"predicate":{"custom_model_data":10406},"model":"gardenplus:plantes/windowpotside_spruce_pink"},{"predicate":{"custom_model_data":10407},"model":"gardenplus:plantes/windowpotside_warped_pink"},{"predicate":{"custom_model_data":10408},"model":"playbox_cherryblossomfurniture:basket"},{"predicate":{"custom_model_data":10409},"model":"playbox_cherryblossomfurniture:chair"},{"predicate":{"custom_model_data":10410},"model":"playbox_cherryblossomfurniture:flowerpot"},{"predicate":{"custom_model_data":10411},"model":"playbox_cherryblossomfurniture:kotatsu"},{"predicate":{"custom_model_data":10412},"model":"playbox_cherryblossomfurniture:lamp"},{"predicate":{"custom_model_data":10413},"model":"playbox_cherryblossomfurniture:leaves"},{"predicate":{"custom_model_data":10414},"model":"playbox_cherryblossomfurniture:pond"},{"predicate":{"custom_model_data":10415},"model":"playbox_cherryblossomfurniture:roomdivider"},{"predicate":{"custom_model_data":10416},"model":"playbox_cherryblossomfurniture:sofa"},{"predicate":{"custom_model_data":10417},"model":"playbox_cherryblossomfurniture:table"},{"predicate":{"custom_model_data":10418},"model":"furnituresplus:redvibecollection/red_wooden_sofa_left"},{"predicate":{"custom_model_data":10419},"model":"furnituresplus:redvibecollection/red_wooden_sofa_middle"},{"predicate":{"custom_model_data":10420},"model":"furnituresplus:redvibecollection/red_wooden_sofa_right"},{"predicate":{"custom_model_data":10421},"model":"furnituresplus:redvibecollection/red_wooden_sofa_corner"},{"predicate":{"custom_model_data":10422},"model":"furnituresplus:redvibecollection/red_wooden_sofa_single"},{"predicate":{"custom_model_data":10423},"model":"furnituresplus:redvibecollection/red_wooden_lowtable"},{"predicate":{"custom_model_data":10424},"model":"furnituresplus:redvibecollection/red_wooden_buffettable"},{"predicate":{"custom_model_data":10425},"model":"furnituresplus:redvibecollection/red_bedside_table"},{"predicate":{"custom_model_data":10426},"model":"furnituresplus:redvibecollection/red_oakpaint"},{"predicate":{"custom_model_data":10427},"model":"furnituresplus:redvibecollection/red_wooden_chair"},{"predicate":{"custom_model_data":10428},"model":"furnituresplus:redvibecollection/red_wooden_diningtable"},{"predicate":{"custom_model_data":10429},"model":"furnituresplus:redvibecollection/red_storage_furniture"},{"predicate":{"custom_model_data":10430},"model":"furnituresplus:blankacollection/white_wooden_sofa_left"},{"predicate":{"custom_model_data":10431},"model":"furnituresplus:blankacollection/white_wooden_sofa_middle"},{"predicate":{"custom_model_data":10432},"model":"furnituresplus:blankacollection/white_wooden_sofa_right"},{"predicate":{"custom_model_data":10433},"model":"furnituresplus:blankacollection/white_wooden_sofa_corner"},{"predicate":{"custom_model_data":10434},"model":"furnituresplus:blankacollection/white_wooden_sofa_single"},{"predicate":{"custom_model_data":10435},"model":"furnituresplus:blankacollection/white_wooden_lowtable"},{"predicate":{"custom_model_data":10436},"model":"furnituresplus:blankacollection/white_wooden_buffettable"},{"predicate":{"custom_model_data":10437},"model":"furnituresplus:blankacollection/white_bedside_table"},{"predicate":{"custom_model_data":10438},"model":"furnituresplus:blankacollection/white_sprucepaint"},{"predicate":{"custom_model_data":10439},"model":"furnituresplus:blankacollection/white_wooden_chair"},{"predicate":{"custom_model_data":10440},"model":"furnituresplus:blankacollection/white_wooden_diningtable"},{"predicate":{"custom_model_data":10441},"model":"furnituresplus:blankacollection/white_storage_furniture"},{"predicate":{"custom_model_data":10442},"model":"furnituresplus:summercollection/cyan_wooden_sofa_left"},{"predicate":{"custom_model_data":10443},"model":"furnituresplus:summercollection/cyan_wooden_sofa_middle"},{"predicate":{"custom_model_data":10444},"model":"furnituresplus:summercollection/cyan_wooden_sofa_right"},{"predicate":{"custom_model_data":10445},"model":"furnituresplus:summercollection/cyan_wooden_sofa_corner"},{"predicate":{"custom_model_data":10446},"model":"furnituresplus:summercollection/cyan_wooden_sofa_single"},{"predicate":{"custom_model_data":10447},"model":"furnituresplus:summercollection/cyan_lowtable"},{"predicate":{"custom_model_data":10448},"model":"furnituresplus:summercollection/cyan_buffet_table"},{"predicate":{"custom_model_data":10449},"model":"furnituresplus:summercollection/cyan_bedside_table"},{"predicate":{"custom_model_data":10450},"model":"furnituresplus:summercollection/cyan_summerpaint"},{"predicate":{"custom_model_data":10451},"model":"furnituresplus:summercollection/cyan_wooden_chair"},{"predicate":{"custom_model_data":10452},"model":"furnituresplus:summercollection/cyan_wooden_diningtable"},{"predicate":{"custom_model_data":10453},"model":"furnituresplus:summercollection/cyan_storage_furniture"},{"predicate":{"custom_model_data":10454},"model":"furnituresplus:acaciagraycollection/gray_wooden_sofa_left"},{"predicate":{"custom_model_data":10455},"model":"furnituresplus:acaciagraycollection/gray_wooden_sofa_middle"},{"predicate":{"custom_model_data":10456},"model":"furnituresplus:acaciagraycollection/gray_wooden_sofa_right"},{"predicate":{"custom_model_data":10457},"model":"furnituresplus:acaciagraycollection/gray_wooden_sofa_corner"},{"predicate":{"custom_model_data":10458},"model":"furnituresplus:acaciagraycollection/gray_wooden_sofa_single"},{"predicate":{"custom_model_data":10459},"model":"furnituresplus:acaciagraycollection/gray_wooden_lowtable"},{"predicate":{"custom_model_data":10460},"model":"furnituresplus:acaciagraycollection/gray_wooden_buffettable"},{"predicate":{"custom_model_data":10461},"model":"furnituresplus:acaciagraycollection/gray_bedside_table"},{"predicate":{"custom_model_data":10462},"model":"furnituresplus:acaciagraycollection/gray_acaciapaint"},{"predicate":{"custom_model_data":10463},"model":"furnituresplus:acaciagraycollection/gray_wooden_chair"},{"predicate":{"custom_model_data":10464},"model":"furnituresplus:acaciagraycollection/gray_wooden_diningtable"},{"predicate":{"custom_model_data":10465},"model":"furnituresplus:acaciagraycollection/gray_storage_furniture"},{"predicate":{"custom_model_data":10466},"model":"furnituresplus:steelcollection/iron_sofa_left"},{"predicate":{"custom_model_data":10467},"model":"furnituresplus:steelcollection/iron_sofa_middle"},{"predicate":{"custom_model_data":10468},"model":"furnituresplus:steelcollection/iron_sofa_right"},{"predicate":{"custom_model_data":10469},"model":"furnituresplus:steelcollection/iron_sofa_corner"},{"predicate":{"custom_model_data":10470},"model":"furnituresplus:steelcollection/iron_sofa_single"},{"predicate":{"custom_model_data":10471},"model":"furnituresplus:steelcollection/iron_lowtable"},{"predicate":{"custom_model_data":10472},"model":"furnituresplus:steelcollection/iron_buffettable"},{"predicate":{"custom_model_data":10473},"model":"furnituresplus:steelcollection/iron_bedside_table"},{"predicate":{"custom_model_data":10474},"model":"furnituresplus:steelcollection/iron_paint"},{"predicate":{"custom_model_data":10475},"model":"furnituresplus:steelcollection/iron_chair"},{"predicate":{"custom_model_data":10476},"model":"furnituresplus:steelcollection/iron_diningtable"},{"predicate":{"custom_model_data":10477},"model":"furnituresplus:steelcollection/iron_storage_furniture"},{"predicate":{"custom_model_data":10478},"model":"furnituresplus:amethystcollection/amethyst_sofa_left"},{"predicate":{"custom_model_data":10479},"model":"furnituresplus:amethystcollection/amethyst_sofa_right"},{"predicate":{"custom_model_data":10480},"model":"furnituresplus:amethystcollection/amethyst_sofa_middle"},{"predicate":{"custom_model_data":10481},"model":"furnituresplus:amethystcollection/amethyst_sofa_corner"},{"predicate":{"custom_model_data":10482},"model":"furnituresplus:amethystcollection/amethyst_sofa_single"},{"predicate":{"custom_model_data":10483},"model":"furnituresplus:amethystcollection/amethyst_lowtable"},{"predicate":{"custom_model_data":10484},"model":"furnituresplus:amethystcollection/amethys_buffet_table"},{"predicate":{"custom_model_data":10485},"model":"furnituresplus:amethystcollection/amethyst_bedside_table"},{"predicate":{"custom_model_data":10486},"model":"furnituresplus:amethystcollection/amethyst_paint"},{"predicate":{"custom_model_data":10487},"model":"furnituresplus:amethystcollection/amethyst_chair"},{"predicate":{"custom_model_data":10488},"model":"furnituresplus:amethystcollection/amethyst_diningtable"},{"predicate":{"custom_model_data":10489},"model":"furnituresplus:amethystcollection/amethyst_storage_furniture"},{"predicate":{"custom_model_data":10490},"model":"furnituresplus:others/radio"},{"predicate":{"custom_model_data":10491},"model":"furnituresplus:others/bluepaint"},{"predicate":{"custom_model_data":10492},"model":"furnituresplus:others/greenpaint"},{"predicate":{"custom_model_data":10493},"model":"furnituresplus:others/greenpaintb"},{"predicate":{"custom_model_data":10494},"model":"elitecreatures:industrial_kitchen_v1/ik_fridge"},{"predicate":{"custom_model_data":10495},"model":"elitecreatures:industrial_kitchen_v1/ik_fridge_white"},{"predicate":{"custom_model_data":10496},"model":"elitecreatures:industrial_kitchen_v1/ik_fridge_with_dish"},{"predicate":{"custom_model_data":10497},"model":"elitecreatures:industrial_kitchen_v1/ik_grill"},{"predicate":{"custom_model_data":10498},"model":"elitecreatures:industrial_kitchen_v1/ik_hood"},{"predicate":{"custom_model_data":10499},"model":"elitecreatures:industrial_kitchen_v1/ik_microwave"},{"predicate":{"custom_model_data":10500},"model":"elitecreatures:industrial_kitchen_v1/ik_mixer"},{"predicate":{"custom_model_data":10501},"model":"elitecreatures:industrial_kitchen_v1/ik_table"},{"predicate":{"custom_model_data":10502},"model":"elitecreatures:industrial_kitchen_v1/ik_table_bar"},{"predicate":{"custom_model_data":10503},"model":"elitecreatures:industrial_kitchen_v1/ik_table_corner"},{"predicate":{"custom_model_data":10504},"model":"elitecreatures:industrial_kitchen_v1/ik_table_fireplace"},{"predicate":{"custom_model_data":10505},"model":"elitecreatures:industrial_kitchen_v1/ik_table_long"},{"predicate":{"custom_model_data":10506},"model":"elitecreatures:industrial_kitchen_v1/ik_table_with_cupboard"},{"predicate":{"custom_model_data":10507},"model":"elitecreatures:industrial_kitchen_v1/ik_table_with_cupboard_2"},{"predicate":{"custom_model_data":10508},"model":"elitecreatures:industrial_kitchen_v1/ik_table_with_dishwasher"},{"predicate":{"custom_model_data":10509},"model":"gardenplus:bancs/banc_acacia_gauche"},{"predicate":{"custom_model_data":10510},"model":"gardenplus:bancs/banc_acacia_droit"},{"predicate":{"custom_model_data":10511},"model":"gardenplus:bancs/banc_birch_gauche"},{"predicate":{"custom_model_data":10512},"model":"gardenplus:bancs/banc_birch_droit"},{"predicate":{"custom_model_data":10513},"model":"gardenplus:bancs/banc_crimson_gauche"},{"predicate":{"custom_model_data":10514},"model":"gardenplus:bancs/banc_crimson_droit"},{"predicate":{"custom_model_data":10515},"model":"gardenplus:bancs/banc_darkoak_gauche"},{"predicate":{"custom_model_data":10516},"model":"gardenplus:bancs/banc_darkoak_droit"},{"predicate":{"custom_model_data":10517},"model":"gardenplus:bancs/banc_jungle_gauche"},{"predicate":{"custom_model_data":10518},"model":"gardenplus:bancs/banc_jungle_droit"},{"predicate":{"custom_model_data":10519},"model":"gardenplus:bancs/banc_oak_gauche"},{"predicate":{"custom_model_data":10520},"model":"gardenplus:bancs/banc_oak_droit"},{"predicate":{"custom_model_data":10521},"model":"gardenplus:bancs/banc_spruce_gauche"},{"predicate":{"custom_model_data":10522},"model":"gardenplus:bancs/banc_spruce_droit"},{"predicate":{"custom_model_data":10523},"model":"gardenplus:bancs/banc_warped_gauche"},{"predicate":{"custom_model_data":10524},"model":"gardenplus:bancs/banc_warped_droit"},{"predicate":{"custom_model_data":10525},"model":"chaojikuang:ia_auto_gen/smei_ore"},{"predicate":{"custom_model_data":10526},"model":"chaojikuang:ia_auto_gen/szuanshi_ore"},{"predicate":{"custom_model_data":10527},"model":"chaojikuang:ia_auto_gen/sqingjinshi_ore"},{"predicate":{"custom_model_data":10528},"model":"chaojikuang:ia_auto_gen/shongshi_ore"},{"predicate":{"custom_model_data":10529},"model":"chaojikuang:ia_auto_gen/stong_ore"},{"predicate":{"custom_model_data":10530},"model":"chaojikuang:ia_auto_gen/sjinzi_ore"},{"predicate":{"custom_model_data":10531},"model":"furnituresplus:machine/fabric_machine_plus"},{"predicate":{"custom_model_data":10532},"model":"item/paper"}]}