{"parent":"minecraft:item/generated","textures":{"layer0":"minecraft:block/torch"},"overrides":[{"predicate":{"custom_model_data":10000},"model":"furnituresplus:redvibecollection/red_wooden_biglamp"},{"predicate":{"custom_model_data":10001},"model":"furnituresplus:redvibecollection/red_wooden_lamp"},{"predicate":{"custom_model_data":10002},"model":"furnituresplus:blankacollection/white_wooden_biglamp"},{"predicate":{"custom_model_data":10003},"model":"furnituresplus:blankacollection/white_wooden_lamp"},{"predicate":{"custom_model_data":10004},"model":"furnituresplus:summercollection/cyan_wooden_biglamp"},{"predicate":{"custom_model_data":10005},"model":"furnituresplus:summercollection/cyan_wooden_lamp"},{"predicate":{"custom_model_data":10006},"model":"furnituresplus:acaciagraycollection/gray_wooden_biglamp"},{"predicate":{"custom_model_data":10007},"model":"furnituresplus:acaciagraycollection/gray_wooden_lamp"},{"predicate":{"custom_model_data":10008},"model":"furnituresplus:steelcollection/iron_biglamp"},{"predicate":{"custom_model_data":10009},"model":"furnituresplus:steelcollection/iron_lamp"},{"predicate":{"custom_model_data":10010},"model":"furnituresplus:amethystcollection/amethyst_biglamp"},{"predicate":{"custom_model_data":10011},"model":"furnituresplus:amethystcollection/amethyst_lamp"},{"predicate":{"custom_model_data":10012},"model":"item/torch"}]}