{"credit":"MadewithBlockbench","textures":{"3":"furnituresplus:furnituresplus/yellowfabric","5":"furnituresplus:furnituresplus/spruce_planks"},"elements":[{"from":[0,15,0],"to":[16,16,15],"rotation":{"angle":0,"axis":"y","origin":[16,4,0]},"faces":{"north":{"uv":[16,2,8,3],"texture":"#5"},"east":{"uv":[16,2,8,3],"texture":"#5"},"south":{"uv":[16,3,0,4],"texture":"#5"},"west":{"uv":[16,2,8,3],"texture":"#5"},"up":{"uv":[16,0,0,16],"texture":"#5"},"down":{"uv":[16,8,8,16],"texture":"#5"}}},{"from":[3,16,2.2],"to":[13,16.1,12.2],"rotation":{"angle":0,"axis":"y","origin":[16,4,0]},"faces":{"north":{"uv":[16,2,8,3],"texture":"#3"},"east":{"uv":[16,2,8,3],"texture":"#3"},"south":{"uv":[16,2,8,3],"texture":"#3"},"west":{"uv":[16,2,8,3],"texture":"#3"},"up":{"uv":[16,0,0,16],"texture":"#3"},"down":{"uv":[16,8,8,16],"texture":"#3"}}},{"from":[13,16,2.2],"to":[22,16.1,12.2],"rotation":{"angle":0,"axis":"y","origin":[16,4,0]},"faces":{"north":{"uv":[16,2,8,3],"texture":"#3"},"east":{"uv":[16,2,8,3],"texture":"#3"},"south":{"uv":[16,2,8,3],"texture":"#3"},"west":{"uv":[16,2,8,3],"texture":"#3"},"up":{"uv":[16,0,0,16],"texture":"#3"},"down":{"uv":[16,8,8,16],"texture":"#3"}}},{"from":[-6,16,2.2],"to":[3,16.1,12.2],"rotation":{"angle":0,"axis":"y","origin":[16,4,0]},"faces":{"north":{"uv":[16,2,8,3],"texture":"#3"},"east":{"uv":[16,2,8,3],"texture":"#3"},"south":{"uv":[16,2,8,3],"texture":"#3"},"west":{"uv":[16,2,8,3],"texture":"#3"},"up":{"uv":[16,0,0,16],"texture":"#3"},"down":{"uv":[16,8,8,16],"texture":"#3"}}},{"from":[-16,16,2.2],"to":[-6,16.1,12.2],"rotation":{"angle":0,"axis":"y","origin":[16,4,0]},"faces":{"north":{"uv":[16,2,8,3],"texture":"#3"},"east":{"uv":[16,2,8,3],"texture":"#3"},"south":{"uv":[16,2,8,3],"texture":"#3"},"west":{"uv":[16,2,8,3],"texture":"#3"},"up":{"uv":[16,0,0,16],"texture":"#3"},"down":{"uv":[16,8,8,16],"texture":"#3"}}},{"from":[22,16,2.2],"to":[32,16.1,12.2],"rotation":{"angle":0,"axis":"y","origin":[16,4,0]},"faces":{"north":{"uv":[16,2,8,3],"texture":"#3"},"east":{"uv":[16,2,8,3],"texture":"#3"},"south":{"uv":[16,2,8,3],"texture":"#3"},"west":{"uv":[16,2,8,3],"texture":"#3"},"up":{"uv":[16,0,0,16],"texture":"#3"},"down":{"uv":[16,8,8,16],"texture":"#3"}}},{"from":[-16,15,0],"to":[0,16,15],"rotation":{"angle":0,"axis":"y","origin":[0,4,0]},"faces":{"north":{"uv":[16,2,8,3],"texture":"#5"},"east":{"uv":[16,2,8,3],"texture":"#5"},"south":{"uv":[16,2,8,3],"texture":"#5"},"west":{"uv":[16,2,8,3],"texture":"#5"},"up":{"uv":[16,0,0,16],"texture":"#5"},"down":{"uv":[16,8,8,16],"texture":"#5"}}},{"from":[16,5.5,0],"to":[31.2,10.4,14],"rotation":{"angle":0,"axis":"y","origin":[-16,4,0]},"faces":{"north":{"uv":[0,5,16,7],"texture":"#5"},"east":{"uv":[0,4,16,6],"texture":"#5"},"south":{"uv":[0,7,16,13],"texture":"#3"},"west":{"uv":[0,3,16,8],"texture":"#5"},"up":{"uv":[0,0,16,16],"texture":"#5"},"down":{"uv":[0,0,12,11],"texture":"#5"}}},{"from":[16.3,10.5,0],"to":[31.2,11.5,14.4],"rotation":{"angle":0,"axis":"y","origin":[-16,4,0]},"faces":{"north":{"uv":[0,5,16,7],"texture":"#5"},"east":{"uv":[0,4,16,6],"texture":"#5"},"south":{"uv":[0,5,16,7],"texture":"#5"},"west":{"uv":[0,3,16,8],"texture":"#5"},"up":{"uv":[0,0,16,16],"texture":"#5"},"down":{"uv":[0,0,12,11],"texture":"#5"}}},{"from":[16.3,4.8,0],"to":[31.2,5.8,14.4],"rotation":{"angle":0,"axis":"y","origin":[-16,4,0]},"faces":{"north":{"uv":[0,5,16,7],"texture":"#5"},"east":{"uv":[0,4,16,6],"texture":"#5"},"south":{"uv":[0,5,16,7],"texture":"#5"},"west":{"uv":[0,3,16,8],"texture":"#5"},"up":{"uv":[0,0,16,16],"texture":"#5"},"down":{"uv":[0,0,12,11],"texture":"#5"}}},{"from":[-15.7,6.2,0],"to":[-0.8,7.2,14.4],"rotation":{"angle":0,"axis":"y","origin":[-16,4,0]},"faces":{"north":{"uv":[0,5,16,7],"texture":"#5"},"east":{"uv":[0,4,16,6],"texture":"#5"},"south":{"uv":[0,5,16,7],"texture":"#5"},"west":{"uv":[0,3,16,8],"texture":"#5"},"up":{"uv":[0,0,16,16],"texture":"#5"},"down":{"uv":[0,0,12,11],"texture":"#5"}}},{"from":[16.2,0,0],"to":[31.4,2,14],"rotation":{"angle":0,"axis":"y","origin":[-16,4,0]},"faces":{"north":{"uv":[0,3,16,8],"texture":"#5"},"east":{"uv":[0,5,16,8],"texture":"#5"},"south":{"uv":[0,5,16,8],"texture":"#5"},"west":{"uv":[0,3,16,8],"texture":"#5"},"up":{"uv":[0,0,16,16],"texture":"#5"},"down":{"uv":[0,0,12,11],"texture":"#5"}}},{"from":[0.3,10.5,0],"to":[15.6,14.9,14],"rotation":{"angle":0,"axis":"y","origin":[-16,4,0]},"faces":{"north":{"uv":[0,5,16,7],"texture":"#5"},"east":{"uv":[0,4,16,6],"texture":"#5"},"south":{"uv":[0,6,16,12],"texture":"#3"},"west":{"uv":[0,3,16,8],"texture":"#5"},"up":{"uv":[0,0,16,16],"texture":"#5"},"down":{"uv":[0,0,12,11],"texture":"#5"}}},{"from":[0,9.6,0],"to":[15.6,10.6,14.4],"rotation":{"angle":0,"axis":"y","origin":[-16,4,0]},"faces":{"north":{"uv":[0,5,16,7],"texture":"#5"},"east":{"uv":[0,4,16,6],"texture":"#5"},"south":{"uv":[0,5,16,7],"texture":"#5"},"west":{"uv":[0,3,16,8],"texture":"#5"},"up":{"uv":[0,0,16,16],"texture":"#5"},"down":{"uv":[0,0,12,11],"texture":"#5"}}},{"from":[0.2,0,0],"to":[15.8,2,14],"rotation":{"angle":0,"axis":"y","origin":[-16,4,0]},"faces":{"north":{"uv":[0,3,16,8],"texture":"#5"},"east":{"uv":[0,5,16,8],"texture":"#5"},"south":{"uv":[0,5,16,8],"texture":"#5"},"west":{"uv":[0,3,16,8],"texture":"#5"},"up":{"uv":[0,0,16,16],"texture":"#5"},"down":{"uv":[0,0,12,11],"texture":"#5"}}},{"from":[-15.8,0,0],"to":[-0.2,2,14],"rotation":{"angle":0,"axis":"y","origin":[-16,4,0]},"faces":{"north":{"uv":[0,3,16,8],"texture":"#5"},"east":{"uv":[0,5,16,8],"texture":"#5"},"south":{"uv":[0,5,16,8],"texture":"#5"},"west":{"uv":[0,3,16,8],"texture":"#5"},"up":{"uv":[0,0,16,16],"texture":"#5"},"down":{"uv":[0,0,12,11],"texture":"#5"}}},{"from":[-16,0.1,0],"to":[-15.2,15.1,14.5],"rotation":{"angle":0,"axis":"x","origin":[-1,4,16]},"faces":{"north":{"uv":[1,3.8,2,16],"rotation":180,"texture":"#5"},"east":{"uv":[0,0,16,16],"rotation":90,"texture":"#5"},"south":{"uv":[1,3.8,2,16],"texture":"#5"},"west":{"uv":[0,0,16,16],"rotation":270,"texture":"#5"},"up":{"uv":[0,0,1,2],"texture":"#5"},"down":{"uv":[0,0,1,2],"rotation":180,"texture":"#5"}}},{"from":[31.2,0.1,0],"to":[32,15.1,14.5],"rotation":{"angle":0,"axis":"x","origin":[-1,4,16]},"faces":{"north":{"uv":[1,3.8,2,16],"rotation":180,"texture":"#5"},"east":{"uv":[0,0,16,16],"rotation":270,"texture":"#5"},"south":{"uv":[1,3.8,2,16],"texture":"#5"},"west":{"uv":[0,0,16,16],"rotation":270,"texture":"#5"},"up":{"uv":[0,0,1,2],"texture":"#5"},"down":{"uv":[0,0,1,2],"rotation":180,"texture":"#5"}}},{"from":[15.3,0.3,-0.5],"to":[16.3,15.5,14.5],"rotation":{"angle":0,"axis":"x","origin":[-1,4,16]},"faces":{"north":{"uv":[1,3.8,2,16],"rotation":180,"texture":"#5"},"east":{"uv":[0,0,16,16],"rotation":90,"texture":"#5"},"south":{"uv":[1,3.8,2,16],"texture":"#5"},"west":{"uv":[0,0,16,16],"rotation":270,"texture":"#5"},"up":{"uv":[0,0,1,2],"texture":"#5"},"down":{"uv":[0,0,1,2],"rotation":180,"texture":"#5"}}},{"from":[-1,0.3,-0.5],"to":[0,15.5,14.5],"rotation":{"angle":0,"axis":"x","origin":[-1,4,16]},"faces":{"north":{"uv":[1,3.8,2,16],"rotation":180,"texture":"#5"},"east":{"uv":[0,0,16,16],"rotation":90,"texture":"#5"},"south":{"uv":[1,3.8,2,16],"texture":"#5"},"west":{"uv":[0,0,16,16],"rotation":270,"texture":"#5"},"up":{"uv":[0,0,1,2],"texture":"#5"},"down":{"uv":[0,0,1,2],"rotation":180,"texture":"#5"}}},{"from":[16,15,0],"to":[32,16,15],"rotation":{"angle":0,"axis":"y","origin":[32,4,0]},"faces":{"north":{"uv":[16,2,8,3],"texture":"#5"},"east":{"uv":[16,2,8,3],"texture":"#5"},"south":{"uv":[16,2,8,3],"texture":"#5"},"west":{"uv":[16,2,8,3],"texture":"#5"},"up":{"uv":[16,0,0,16],"texture":"#5"},"down":{"uv":[16,8,8,16],"texture":"#5"}}},{"from":[22.2,7.6,13.5],"to":[25.6,8.9,14.5],"rotation":{"angle":0,"axis":"y","origin":[-16,4,0]},"faces":{"north":{"uv":[7,0.5,8.2,1.8],"texture":"#5"},"east":{"uv":[7,0.5,8,0.8],"texture":"#5"},"south":{"uv":[7,0.5,8.2,0.8],"texture":"#5"},"west":{"uv":[7,0.5,8,0.8],"texture":"#5"},"up":{"uv":[7,0.5,8.2,1.5],"texture":"#5"},"down":{"uv":[7,0.5,8.2,1.5],"texture":"#5"}}},{"from":[-9.8,3.6,13.5],"to":[-6.4,4.9,14.5],"rotation":{"angle":0,"axis":"y","origin":[-16,4,0]},"faces":{"north":{"uv":[7,0.5,8.2,1.8],"texture":"#5"},"east":{"uv":[7,0.5,8,0.8],"texture":"#5"},"south":{"uv":[7,0.5,8.2,0.8],"texture":"#5"},"west":{"uv":[7,0.5,8,0.8],"texture":"#5"},"up":{"uv":[7,0.5,8.2,1.5],"texture":"#5"},"down":{"uv":[7,0.5,8.2,1.5],"texture":"#5"}}},{"from":[-16,2.1,0],"to":[-0.8,6.4,14],"rotation":{"angle":0,"axis":"y","origin":[-16,4,0]},"faces":{"north":{"uv":[0,5,16,7],"texture":"#5"},"east":{"uv":[0,4,16,6],"texture":"#5"},"south":{"uv":[0,7,16,13],"texture":"#3"},"west":{"uv":[0,3,16,8],"texture":"#5"},"up":{"uv":[0,0,16,16],"texture":"#5"},"down":{"uv":[0,0,12,11],"texture":"#5"}}},{"from":[6.1,12.2,13.5],"to":[9.5,13.5,14.5],"rotation":{"angle":0,"axis":"y","origin":[-16,4,0]},"faces":{"north":{"uv":[7,0.5,8.2,1.8],"texture":"#5"},"east":{"uv":[7,0.5,8,0.8],"texture":"#5"},"south":{"uv":[7,0.5,8.2,0.8],"texture":"#5"},"west":{"uv":[7,0.5,8,0.8],"texture":"#5"},"up":{"uv":[7,0.5,8.2,1.5],"texture":"#5"},"down":{"uv":[7,0.5,8.2,1.5],"texture":"#5"}}}],"display":{"thirdperson_righthand":{"rotation":[75,45,0],"translation":[2.25,2.5,0],"scale":[0.1875,0.1875,0.1875]},"thirdperson_lefthand":{"rotation":[75,45,0],"translation":[0,2.5,0],"scale":[0.375,0.375,0.375]},"firstperson_righthand":{"rotation":[0,45,0],"scale":[0.4,0.4,0.4]},"firstperson_lefthand":{"rotation":[0,45,0],"scale":[0.4,0.4,0.4]},"ground":{"translation":[0,2,0],"scale":[0.5,0.5,0.5]},"gui":{"rotation":[30,45,0],"translation":[0.25,-0.6,0],"scale":[0.34375,0.34375,0.34375]},"head":{"translation":[0,-30.4,0],"scale":[1.6,1.6,1.6]},"fixed":{"rotation":[-90,180,0],"translation":[0,0,-14],"scale":[2.01,2.01,2.01]}}}