{"credit":"MadewithBlockbench","textures":{"1":"furnituresplus:furnituresplus/cyan_wool","2":"furnituresplus:furnituresplus/junglechisela","3":"furnituresplus:furnituresplus/cyanfabric","particle":"furnituresplus:furnituresplus/cyan_wool"},"elements":[{"from":[2,3,1],"to":[14,9,16],"rotation":{"angle":0,"axis":"y","origin":[16,0,0]},"faces":{"north":{"uv":[15,0,0,6],"texture":"#1"},"east":{"uv":[15,0,0,6],"texture":"#1"},"south":{"uv":[15,0,0,6],"texture":"#1"},"west":{"uv":[15,0,0,6],"texture":"#1"},"up":{"uv":[15,0,0,15],"texture":"#1"},"down":{"uv":[15,0,0,15],"texture":"#1"}}},{"from":[2,2,1],"to":[14,3,16],"rotation":{"angle":0,"axis":"y","origin":[16,0,0]},"faces":{"north":{"uv":[13,0,0,1],"texture":"#2"},"east":{"uv":[14,0,0,1],"texture":"#2"},"south":{"uv":[13,0,0,1],"texture":"#2"},"west":{"uv":[14,0,0,1],"texture":"#2"},"up":{"uv":[13,0,0,14],"texture":"#2"},"down":{"uv":[13,0,0,14],"texture":"#2"}}},{"from":[2,9,1],"to":[14,16,4],"rotation":{"angle":0,"axis":"y","origin":[16,0,0]},"faces":{"north":{"uv":[15,0,0,10],"texture":"#1"},"east":{"uv":[3,0,0,10],"texture":"#1"},"south":{"uv":[15,0,0,10],"texture":"#1"},"west":{"uv":[3,0,0,10],"texture":"#1"},"up":{"uv":[15,0,0,3],"texture":"#1"},"down":{"uv":[15,0,0,3],"texture":"#1"}}},{"from":[-1,12,0],"to":[2,13,13],"rotation":{"angle":0,"axis":"y","origin":[15,0,0]},"faces":{"north":{"uv":[3,0,0,1],"texture":"#2"},"east":{"uv":[13,0,0,1],"texture":"#2"},"south":{"uv":[1,2,0,5],"rotation":90,"texture":"#2"},"west":{"uv":[13,0,0,1],"texture":"#2"},"up":{"uv":[16,4,0,0],"rotation":90,"texture":"#2"},"down":{"uv":[3,0,0,13],"texture":"#2"}}},{"from":[-1,2,1],"to":[2,3,12],"rotation":{"angle":0,"axis":"y","origin":[15,0,0]},"faces":{"north":{"uv":[3,0,0,1],"texture":"#2"},"east":{"uv":[11,0,0,1],"texture":"#2"},"south":{"uv":[3,0,0,1],"texture":"#2"},"west":{"uv":[11,0,0,1],"texture":"#2"},"up":{"uv":[16,4,0,0],"rotation":90,"texture":"#2"},"down":{"uv":[3,0,0,11],"texture":"#2"}}},{"from":[-1,0,1],"to":[2,1,12],"rotation":{"angle":0,"axis":"y","origin":[15,0,0]},"faces":{"north":{"uv":[3,0,0,1],"texture":"#2"},"east":{"uv":[11,0,0,1],"texture":"#2"},"south":{"uv":[3,0,0,1],"texture":"#2"},"west":{"uv":[11,0,0,1],"texture":"#2"},"up":{"uv":[16,4,0,0],"rotation":90,"texture":"#2"},"down":{"uv":[3,0,0,11],"texture":"#2"}}},{"from":[-0.6,-8,8.7],"to":[1.9,8,9.7],"rotation":{"angle":-45,"axis":"x","origin":[15,0,0]},"faces":{"north":{"uv":[2.9,0,0,11],"rotation":180,"texture":"#2"},"east":{"uv":[11,0,0,1],"rotation":270,"texture":"#2"},"south":{"uv":[16,4,0,0],"rotation":90,"texture":"#2"},"west":{"uv":[11,0,0,1],"rotation":90,"texture":"#2"},"up":{"uv":[2.9,0,0,1],"rotation":180,"texture":"#2"},"down":{"uv":[2.9,0,0,1],"texture":"#2"}}},{"from":[-0.5,0.7,-0.5],"to":[1.9,17.3,0.5],"rotation":{"angle":45,"axis":"x","origin":[15,0,0]},"faces":{"north":{"uv":[16,4,0,0],"rotation":90,"texture":"#2"},"east":{"uv":[11,0,0,1],"rotation":270,"texture":"#2"},"south":{"uv":[11,0,0,1],"texture":"#2"},"west":{"uv":[11,0,0,1],"rotation":90,"texture":"#2"},"up":{"uv":[2.9,0,0,1],"rotation":180,"texture":"#2"},"down":{"uv":[2.9,0,0,1],"texture":"#2"}}},{"from":[-0.9,10,1],"to":[2,11,12],"rotation":{"angle":0,"axis":"y","origin":[15,0,0]},"faces":{"north":{"uv":[2.9,0,0,1],"texture":"#2"},"east":{"uv":[11,0,0,1],"texture":"#2"},"south":{"uv":[2.9,0,0,1],"texture":"#2"},"west":{"uv":[11,0,0,1],"texture":"#2"},"up":{"uv":[16,4,0,0],"rotation":90,"texture":"#2"},"down":{"uv":[2.9,0,0,11],"texture":"#2"}}},{"from":[-1,0,12],"to":[2,12,13],"rotation":{"angle":0,"axis":"y","origin":[15,0,0]},"faces":{"north":{"uv":[14,2,0,5],"rotation":90,"texture":"#2"},"east":{"uv":[1,0,0,12],"texture":"#2"},"south":{"uv":[16,4,0,0],"rotation":90,"texture":"#2"},"west":{"uv":[15,0,0,1],"rotation":90,"texture":"#2"},"up":{"uv":[3,0,0,1],"texture":"#2"},"down":{"uv":[3,0,0,1],"texture":"#2"}}},{"from":[-1,0,0],"to":[2,12,1],"rotation":{"angle":0,"axis":"y","origin":[15,0,0]},"faces":{"north":{"uv":[16,4,0,0],"rotation":90,"texture":"#2"},"east":{"uv":[1,0,0,12],"texture":"#2"},"south":{"uv":[14,2,0,5],"rotation":90,"texture":"#2"},"west":{"uv":[15,0,0,1],"rotation":90,"texture":"#2"},"up":{"uv":[3,0,0,1],"texture":"#2"},"down":{"uv":[3,0,0,1],"texture":"#2"}}},{"from":[14,0,12],"to":[17,12,13],"rotation":{"angle":0,"axis":"y","origin":[1,0,0]},"faces":{"north":{"uv":[14,5,0,2],"rotation":90,"texture":"#2"},"east":{"uv":[15,1,0,0],"rotation":90,"texture":"#2"},"south":{"uv":[16,4,0,0],"rotation":90,"texture":"#2"},"west":{"uv":[0,0,1,12],"texture":"#2"},"up":{"uv":[0,0,3,1],"texture":"#2"},"down":{"uv":[0,0,3,1],"texture":"#2"}}},{"from":[14,12,0],"to":[17,13,13],"rotation":{"angle":0,"axis":"y","origin":[1,0,0]},"faces":{"north":{"uv":[0,0,3,1],"texture":"#2"},"east":{"uv":[0,0,13,1],"texture":"#2"},"south":{"uv":[1,5,0,2],"rotation":90,"texture":"#2"},"west":{"uv":[0,0,13,1],"texture":"#2"},"up":{"uv":[16,4,0,0],"rotation":90,"texture":"#2"},"down":{"uv":[0,0,3,13],"texture":"#2"}}},{"from":[14,10,1],"to":[16.9,11,12],"rotation":{"angle":0,"axis":"y","origin":[1,0,0]},"faces":{"north":{"uv":[0,0,2.9,1],"texture":"#2"},"east":{"uv":[0,0,11,1],"texture":"#2"},"south":{"uv":[0,0,2.9,1],"texture":"#2"},"west":{"uv":[0,0,11,1],"texture":"#2"},"up":{"uv":[0,0,11,1],"texture":"#2"},"down":{"uv":[0,0,2.9,11],"texture":"#2"}}},{"from":[14.1,-8,8.7],"to":[16.6,8,9.7],"rotation":{"angle":-45,"axis":"x","origin":[1,0,0]},"faces":{"north":{"uv":[0,0,2.9,11],"rotation":180,"texture":"#2"},"east":{"uv":[11,1,0,0],"rotation":90,"texture":"#2"},"south":{"uv":[16,4,0,0],"rotation":90,"texture":"#2"},"west":{"uv":[11,1,0,0],"rotation":270,"texture":"#2"},"up":{"uv":[0,0,2.9,1],"rotation":180,"texture":"#2"},"down":{"uv":[0,0,2.9,1],"texture":"#2"}}},{"from":[14.1,0.7,-0.5],"to":[16.5,17.3,0.5],"rotation":{"angle":45,"axis":"x","origin":[1,0,0]},"faces":{"north":{"uv":[0,0,2.9,11],"rotation":180,"texture":"#2"},"east":{"uv":[11,1,0,0],"rotation":90,"texture":"#2"},"south":{"uv":[0,0,11,1],"texture":"#2"},"west":{"uv":[11,1,0,0],"rotation":270,"texture":"#2"},"up":{"uv":[0,0,2.9,1],"rotation":180,"texture":"#2"},"down":{"uv":[0,0,2.9,1],"texture":"#2"}}},{"from":[14,0,0],"to":[17,12,1],"rotation":{"angle":0,"axis":"y","origin":[1,0,0]},"faces":{"north":{"uv":[16,4,0,0],"rotation":90,"texture":"#2"},"east":{"uv":[15,1,0,0],"rotation":90,"texture":"#2"},"south":{"uv":[14,5,0,2],"rotation":90,"texture":"#2"},"west":{"uv":[0,0,1,12],"texture":"#2"},"up":{"uv":[0,0,3,1],"texture":"#2"},"down":{"uv":[0,0,3,1],"texture":"#2"}}},{"from":[14,2,1],"to":[17,3,12],"rotation":{"angle":0,"axis":"y","origin":[1,0,0]},"faces":{"north":{"uv":[0,0,3,1],"texture":"#2"},"east":{"uv":[0,0,11,1],"texture":"#2"},"south":{"uv":[0,0,3,1],"texture":"#2"},"west":{"uv":[0,0,11,1],"texture":"#2"},"up":{"uv":[16,4,0,0],"rotation":90,"texture":"#2"},"down":{"uv":[0,0,3,11],"texture":"#2"}}},{"from":[14,0,1],"to":[17,1,12],"rotation":{"angle":0,"axis":"y","origin":[1,0,0]},"faces":{"north":{"uv":[0,0,3,1],"texture":"#2"},"east":{"uv":[0,0,11,1],"texture":"#2"},"south":{"uv":[0,0,3,1],"texture":"#2"},"west":{"uv":[0,0,11,1],"texture":"#2"},"up":{"uv":[16,4,0,0],"rotation":90,"texture":"#2"},"down":{"uv":[0,0,3,11],"texture":"#2"}}},{"from":[2,10,0],"to":[14,13,1],"rotation":{"angle":0,"axis":"y","origin":[16,0,0]},"faces":{"north":{"uv":[16,0,0,4],"texture":"#2"},"east":{"uv":[1,0,0,3],"texture":"#2"},"south":{"uv":[14,0,0,3],"texture":"#2"},"west":{"uv":[1,0,0,3],"texture":"#2"},"up":{"uv":[14,0,0,1],"texture":"#2"},"down":{"uv":[14,0,0,1],"texture":"#2"}}},{"from":[2,6,0],"to":[14,7,1],"rotation":{"angle":0,"axis":"y","origin":[16,0,0]},"faces":{"north":{"uv":[14,0,0,1],"texture":"#2"},"east":{"uv":[1,0,0,1],"texture":"#2"},"south":{"uv":[14,0,0,1],"texture":"#2"},"west":{"uv":[1,0,0,1],"texture":"#2"},"up":{"uv":[14,0,0,1],"texture":"#2"},"down":{"uv":[14,0,0,1],"texture":"#2"}}},{"from":[2,2,0],"to":[14,3,1],"rotation":{"angle":0,"axis":"y","origin":[16,0,0]},"faces":{"north":{"uv":[14,0,0,1],"texture":"#2"},"east":{"uv":[1,0,0,1],"texture":"#2"},"south":{"uv":[14,0,0,1],"texture":"#2"},"west":{"uv":[1,0,0,1],"texture":"#2"},"up":{"uv":[14,0,0,1],"texture":"#2"},"down":{"uv":[14,0,0,1],"texture":"#2"}}},{"from":[4.4,5.6,7.5],"to":[11.6,11.8,11],"rotation":{"angle":-22.5,"axis":"x","origin":[16,0,0]},"faces":{"north":{"uv":[12.6,0,0,9],"texture":"#3"},"east":{"uv":[16,0,0,16],"texture":"#3"},"south":{"uv":[16,0,0,16],"texture":"#3"},"west":{"uv":[16,0,0,16],"texture":"#3"},"up":{"uv":[16,0,0,16],"texture":"#3"},"down":{"uv":[12.6,0,0,2],"texture":"#3"}}}],"display":{"thirdperson_righthand":{"rotation":[75,45,0],"translation":[0,2.5,0],"scale":[0.375,0.375,0.375]},"thirdperson_lefthand":{"rotation":[75,45,0],"translation":[0,2.5,0],"scale":[0.375,0.375,0.375]},"firstperson_righthand":{"rotation":[0,45,0],"scale":[0.4,0.4,0.4]},"firstperson_lefthand":{"rotation":[0,45,0],"scale":[0.4,0.4,0.4]},"ground":{"translation":[0,2,0],"scale":[0.5,0.5,0.5]},"gui":{"rotation":[30,45,0],"translation":[0,-0.6,0],"scale":[0.5,0.5,0.5]},"head":{"translation":[0,-30.4,0],"scale":[1.6,1.6,1.6]},"fixed":{"rotation":[-90,180,0],"translation":[0,0,-14],"scale":[2.01,2.01,2.01]}}}