{"credit":"MadewithBlockbench","texture_size":[64,64],"textures":{"0":"elitecreature:japan_furniture_v3/jf3_bookcase","particle":"elitecreature:japan_furniture_v3/jf3_bookcase"},"elements":[{"from":[15.15,0,4.8],"to":[16.15,16,10.8],"rotation":{"angle":0,"axis":"y","origin":[8,8,8]},"faces":{"north":{"uv":[1.625,0,1.875,4],"texture":"#0"},"east":{"uv":[0,0,1.6,4],"texture":"#0"},"south":{"uv":[1.625,0,1.8,4],"texture":"#0"},"west":{"uv":[0,0,1.5,4],"texture":"#0"},"up":{"uv":[1.8,1.6,1.975,0],"texture":"#0"},"down":{"uv":[1.8,0,1.975,1.6],"texture":"#0"}}},{"from":[0.15,0,4.8],"to":[1.15,16,10.8],"rotation":{"angle":0,"axis":"y","origin":[8,8,8]},"faces":{"north":{"uv":[1.625,0,1.875,4],"texture":"#0"},"east":{"uv":[0,0,1.6,4],"texture":"#0"},"south":{"uv":[1.625,0,1.875,4],"texture":"#0"},"west":{"uv":[0,0,1.6,4],"texture":"#0"},"up":{"uv":[1.8,1.6,1.975,0],"texture":"#0"},"down":{"uv":[1.8,1.6,1.975,0],"texture":"#0"}}},{"from":[0.85,0.125,10.5],"to":[15.35,16.125,11],"rotation":{"angle":0,"axis":"y","origin":[8,8,8]},"faces":{"north":{"uv":[2,0,5.625,4],"texture":"#0"},"east":{"uv":[5.625,0,5.75,4],"texture":"#0"},"south":{"uv":[2,0,5.625,4],"texture":"#0"},"west":{"uv":[5.625,0,5.75,4],"texture":"#0"},"up":{"uv":[9.375,4,5.75,3.875],"texture":"#0"},"down":{"uv":[9.375,3.875,5.75,4],"texture":"#0"}}},{"from":[-0.825,16,4.6],"to":[17.175,17,11.6],"rotation":{"angle":0,"axis":"y","origin":[7.85,16.35,8]},"faces":{"north":{"uv":[5.75,3.625,10.25,3.875],"texture":"#0"},"east":{"uv":[5.75,1.75,7.5,2],"texture":"#0"},"south":{"uv":[5.75,3.625,10.25,3.875],"texture":"#0"},"west":{"uv":[5.75,1.75,7.5,2],"texture":"#0"},"up":{"uv":[10.25,1.75,5.75,0],"texture":"#0"},"down":{"uv":[10.25,0,5.75,1.75],"texture":"#0"}}},{"from":[0.825,12.8,5.075],"to":[15.825,13.3,10.575],"rotation":{"angle":0,"axis":"y","origin":[7.85,16.35,8]},"faces":{"north":{"uv":[5.75,2,9.5,2.125],"texture":"#0"},"east":{"uv":[7.375,1.75,8.875,1.875],"texture":"#0"},"south":{"uv":[5.75,2,9.5,2.125],"texture":"#0"},"west":{"uv":[7.375,1.75,8.875,1.875],"texture":"#0"},"up":{"uv":[9.25,3.625,5.75,2.125],"texture":"#0"},"down":{"uv":[9.25,2.125,5.75,3.625],"texture":"#0"}}},{"from":[0.575,6.8,4.575],"to":[15.575,7.3,10.575],"rotation":{"angle":0,"axis":"y","origin":[7.85,16.35,8]},"faces":{"north":{"uv":[5.625,4,9.375,4.125],"texture":"#0"},"east":{"uv":[9.375,4,10.875,4.125],"texture":"#0"},"south":{"uv":[5.625,4,9.375,4.125],"texture":"#0"},"west":{"uv":[9.375,4,10.875,4.125],"texture":"#0"},"up":{"uv":[9.5,3.625,5.75,2.125],"texture":"#0"},"down":{"uv":[9.5,2.125,5.75,3.625],"texture":"#0"}}},{"from":[11.425,7.2,8.875],"to":[12.425,9.7,9.875],"rotation":{"angle":0,"axis":"y","origin":[7.85,16.35,8]},"faces":{"north":{"uv":[3.75,4.75,4,5.375],"texture":"#0"},"east":{"uv":[3.75,4.75,4,5.375],"texture":"#0"},"south":{"uv":[3.75,4.75,4,5.375],"texture":"#0"},"west":{"uv":[3.75,4.75,4,5.375],"texture":"#0"},"up":{"uv":[11.5,13.5,11.25,13.25],"texture":"#0"},"down":{"uv":[11.75,13.25,11.5,13.5],"texture":"#0"}}},{"from":[11.53775,9.36675,8.99875],"to":[12.28775,10.86675,9.74875],"rotation":{"angle":0,"axis":"y","origin":[9.12325,14.82375,7.83225]},"faces":{"north":{"uv":[4.25,4,4.4375,4.375],"texture":"#0"},"east":{"uv":[4.25,4,4.4375,4.375],"texture":"#0"},"south":{"uv":[4.25,4,4.4375,4.375],"texture":"#0"},"west":{"uv":[4.25,4,4.4375,4.375],"texture":"#0"},"up":{"uv":[5.625,4,5.375,4.25],"texture":"#0"},"down":{"uv":[5.5625,4,5.375,4.1875],"texture":"#0"}}},{"from":[9.025,7.2,9.375],"to":[10.025,9.7,10.375],"rotation":{"angle":0,"axis":"y","origin":[7.85,16.35,8]},"faces":{"north":{"uv":[3.75,4.75,4,5.375],"texture":"#0"},"east":{"uv":[3.75,4.75,4,5.375],"texture":"#0"},"south":{"uv":[3.75,4.75,4,5.375],"texture":"#0"},"west":{"uv":[3.75,4.75,4,5.375],"texture":"#0"},"up":{"uv":[13,13.5,12.75,13.25],"texture":"#0"},"down":{"uv":[13.5,12.75,13.25,13],"texture":"#0"}}},{"from":[9.13775,9.36675,9.49875],"to":[9.88775,10.86675,10.24875],"rotation":{"angle":0,"axis":"y","origin":[9.12325,14.82375,7.83225]},"faces":{"north":{"uv":[4.25,4,4.4375,4.375],"texture":"#0"},"east":{"uv":[4.25,4,4.4375,4.375],"texture":"#0"},"south":{"uv":[4.25,4,4.4375,4.375],"texture":"#0"},"west":{"uv":[4.25,4,4.4375,4.375],"texture":"#0"},"up":{"uv":[5.625,4.25,5.375,4],"texture":"#0"},"down":{"uv":[5.625,4,5.375,4.25],"texture":"#0"}}},{"from":[13.63775,9.36675,8.99875],"to":[14.38775,10.86675,9.74875],"rotation":{"angle":0,"axis":"y","origin":[9.12325,14.82375,7.83225]},"faces":{"north":{"uv":[4.25,4,4.4375,4.375],"texture":"#0"},"east":{"uv":[4.25,4,4.4375,4.375],"texture":"#0"},"south":{"uv":[4.25,4,4.4375,4.375],"texture":"#0"},"west":{"uv":[4.25,4,4.4375,4.375],"texture":"#0"},"up":{"uv":[5.5625,4.1875,5.375,4],"texture":"#0"},"down":{"uv":[5.625,4,5.375,4.25],"texture":"#0"}}},{"from":[13.525,7.2,8.875],"to":[14.525,9.7,9.875],"rotation":{"angle":0,"axis":"y","origin":[7.85,16.35,8]},"faces":{"north":{"uv":[3.75,4.75,4,5.375],"texture":"#0"},"east":{"uv":[3.75,4.75,4,5.375],"texture":"#0"},"south":{"uv":[3.75,4.75,4,5.375],"texture":"#0"},"west":{"uv":[3.75,4.75,4,5.375],"texture":"#0"},"up":{"uv":[13.75,1.25,13.5,1],"texture":"#0"},"down":{"uv":[13.75,1.25,13.5,1.5],"texture":"#0"}}},{"from":[10.83775,9.36675,8.09875],"to":[11.58775,10.86675,8.84875],"rotation":{"angle":45,"axis":"y","origin":[11.1375,9.7125,9.4375]},"faces":{"north":{"uv":[4.25,4,4.4375,4.375],"texture":"#0"},"east":{"uv":[4.25,4,4.4375,4.375],"texture":"#0"},"south":{"uv":[4.25,4,4.4375,4.375],"texture":"#0"},"west":{"uv":[4.25,4,4.4375,4.375],"texture":"#0"},"up":{"uv":[5.625,4,5.375,4.25],"texture":"#0"},"down":{"uv":[5.5625,4,5.375,4.1875],"texture":"#0"}}},{"from":[10.725,7.2,7.975],"to":[11.725,9.7,8.975],"rotation":{"angle":45,"axis":"y","origin":[11.1375,9.7125,9.4375]},"faces":{"north":{"uv":[3.75,4.75,4,5.375],"texture":"#0"},"east":{"uv":[3.75,4.75,4,5.375],"texture":"#0"},"south":{"uv":[3.75,4.75,4,5.375],"texture":"#0"},"west":{"uv":[3.75,4.75,4,5.375],"texture":"#0"},"up":{"uv":[13.75,2.25,13.5,2],"texture":"#0"},"down":{"uv":[13.75,2.25,13.5,2.5],"texture":"#0"}}},{"from":[4.83775,9.36675,2.34875],"to":[5.58775,10.86675,3.09875],"rotation":{"angle":45,"axis":"y","origin":[11.1375,9.7125,9.4375]},"faces":{"north":{"uv":[4.25,4,4.4375,4.375],"texture":"#0"},"east":{"uv":[4.25,4,4.4375,4.375],"texture":"#0"},"south":{"uv":[4.25,4,4.4375,4.375],"texture":"#0"},"west":{"uv":[4.25,4,4.4375,4.375],"texture":"#0"},"up":{"uv":[5.625,4,5.375,4.25],"texture":"#0"},"down":{"uv":[5.5625,4,5.375,4.1875],"texture":"#0"}}},{"from":[4.725,7.2,2.225],"to":[5.725,9.7,3.225],"rotation":{"angle":45,"axis":"y","origin":[11.1375,9.7125,9.4375]},"faces":{"north":{"uv":[3.75,4.75,4,5.375],"texture":"#0"},"east":{"uv":[3.75,4.75,4,5.375],"texture":"#0"},"south":{"uv":[3.75,4.75,4,5.375],"texture":"#0"},"west":{"uv":[3.75,4.75,4,5.375],"texture":"#0"},"up":{"uv":[13.75,2.25,13.5,2],"texture":"#0"},"down":{"uv":[13.75,2.25,13.5,2.5],"texture":"#0"}}},{"from":[12.025,0.85,5.575],"to":[12.525,6.85,6.075],"rotation":{"angle":0,"axis":"y","origin":[7.85,16.35,8]},"faces":{"north":{"uv":[3.625,4,3.75,5.5],"texture":"#0"},"east":{"uv":[3.625,4,3.75,5.5],"texture":"#0"},"south":{"uv":[11.5,10.75,11.625,12.25],"texture":"#0"},"west":{"uv":[3.625,4,3.75,5.5],"texture":"#0"},"up":{"uv":[4.375,14.125,4.25,14],"texture":"#0"},"down":{"uv":[14.125,4.25,14,4.375],"texture":"#0"}}},{"from":[9.025,0.85,5.575],"to":[9.525,6.85,6.075],"rotation":{"angle":0,"axis":"y","origin":[7.85,16.35,8]},"faces":{"north":{"uv":[3.625,4,3.75,5.5],"texture":"#0"},"east":{"uv":[3.625,4,3.75,5.5],"texture":"#0"},"south":{"uv":[11.75,1.5,11.875,3],"texture":"#0"},"west":{"uv":[3.625,4,3.75,5.5],"texture":"#0"},"up":{"uv":[4.625,14.125,4.5,14],"texture":"#0"},"down":{"uv":[14.125,4.5,14,4.625],"texture":"#0"}}},{"from":[6.025,0.85,5.575],"to":[6.525,6.85,6.075],"rotation":{"angle":0,"axis":"y","origin":[7.85,16.35,8]},"faces":{"north":{"uv":[3.625,4,3.75,5.5],"texture":"#0"},"east":{"uv":[3.625,4,3.75,5.5],"texture":"#0"},"south":{"uv":[3.25,11.75,3.375,13.25],"texture":"#0"},"west":{"uv":[3.625,4,3.75,5.5],"texture":"#0"},"up":{"uv":[4.875,14.125,4.75,14],"texture":"#0"},"down":{"uv":[14.125,4.75,14,4.875],"texture":"#0"}}},{"from":[0.975,0.85,6.1],"to":[15.975,6.85,7.1],"rotation":{"angle":0,"axis":"y","origin":[7.85,16.35,8]},"faces":{"north":{"uv":[0,6.125,3.75,7.625],"texture":"#0"},"east":{"uv":[0,0,0,0],"texture":"#0"},"south":{"uv":[0,0,0,0],"texture":"#0"},"west":{"uv":[0,0,0,0],"texture":"#0"},"up":{"uv":[0,0,0,0],"texture":"#0"},"down":{"uv":[0,0,0,0],"texture":"#0"}}},{"from":[3.025,0.85,5.575],"to":[3.525,6.85,6.075],"rotation":{"angle":0,"axis":"y","origin":[7.85,16.35,8]},"faces":{"north":{"uv":[3.625,4,3.75,5.5],"texture":"#0"},"east":{"uv":[3.625,4,3.75,5.5],"texture":"#0"},"south":{"uv":[5.5,11.75,5.625,13.25],"texture":"#0"},"west":{"uv":[3.625,4,3.75,5.5],"texture":"#0"},"up":{"uv":[5.125,14.125,5,14],"texture":"#0"},"down":{"uv":[14.125,5,14,5.125],"texture":"#0"}}},{"from":[3.025,13,5.375],"to":[3.525,16,6.375],"rotation":{"angle":0,"axis":"y","origin":[7.85,16.35,8]},"faces":{"north":{"uv":[3.75,4,3.875,4.75],"texture":"#0"},"east":{"uv":[3.875,4,4.125,4.75],"texture":"#0"},"south":{"uv":[13.25,2.5,13.375,3.25],"texture":"#0"},"west":{"uv":[3.875,4,4.125,4.75],"texture":"#0"},"up":{"uv":[13.875,3.75,13.75,3.5],"texture":"#0"},"down":{"uv":[13.875,3.75,13.75,4],"texture":"#0"}}},{"from":[6.025,13,5.375],"to":[6.525,16,6.375],"rotation":{"angle":0,"axis":"y","origin":[7.85,16.35,8]},"faces":{"north":{"uv":[3.75,4,3.875,4.75],"texture":"#0"},"east":{"uv":[3.875,4,4.125,4.75],"texture":"#0"},"south":{"uv":[3,13.25,3.125,14],"texture":"#0"},"west":{"uv":[3.875,4,4.125,4.75],"texture":"#0"},"up":{"uv":[4.125,14,4,13.75],"texture":"#0"},"down":{"uv":[13.875,4,13.75,4.25],"texture":"#0"}}},{"from":[9.025,13,5.375],"to":[9.525,16,6.375],"rotation":{"angle":0,"axis":"y","origin":[7.85,16.35,8]},"faces":{"north":{"uv":[3.75,4,3.875,4.75],"texture":"#0"},"east":{"uv":[3.875,4,4.125,4.75],"texture":"#0"},"south":{"uv":[13.25,3.25,13.375,4],"texture":"#0"},"west":{"uv":[3.875,4,4.125,4.75],"texture":"#0"},"up":{"uv":[4.375,14,4.25,13.75],"texture":"#0"},"down":{"uv":[13.875,4.25,13.75,4.5],"texture":"#0"}}},{"from":[0.225,13,6.1],"to":[15.225,16,7.1],"rotation":{"angle":0,"axis":"y","origin":[7.85,16.35,8]},"faces":{"north":{"uv":[0,4,3.5,4.75],"texture":"#0"},"east":{"uv":[0,0,0,0],"texture":"#0"},"south":{"uv":[0,0,0,0],"texture":"#0"},"west":{"uv":[0,0,0,0],"texture":"#0"},"up":{"uv":[0,0,0,0],"texture":"#0"},"down":{"uv":[0,0,0,0],"texture":"#0"}}},{"from":[12.025,13,5.375],"to":[12.525,16,6.375],"rotation":{"angle":0,"axis":"y","origin":[7.85,16.35,8]},"faces":{"north":{"uv":[3.75,4,3.875,4.75],"texture":"#0"},"east":{"uv":[3.875,4,4.125,4.75],"texture":"#0"},"south":{"uv":[3.75,4,3.875,4.75],"texture":"#0"},"west":{"uv":[3.875,4,4.125,4.75],"texture":"#0"},"up":{"uv":[4.25,4.25,4.125,4],"texture":"#0"},"down":{"uv":[4.25,4,4.125,4.25],"texture":"#0"}}},{"from":[12.025,1.1,5.575],"to":[12.525,7.1,6.075],"rotation":{"angle":0,"axis":"y","origin":[7.85,16.35,8]},"faces":{"north":{"uv":[4,14,4.125,15.5],"texture":"#0"},"east":{"uv":[4,11.5,4.125,13],"texture":"#0"},"south":{"uv":[11.5,10.75,11.625,12.25],"texture":"#0"},"west":{"uv":[11,11.5,11.125,13],"texture":"#0"},"up":{"uv":[4.375,14.125,4.25,14],"texture":"#0"},"down":{"uv":[14.125,4.25,14,4.375],"texture":"#0"}}},{"from":[1.16693,7.60546,5.7751],"to":[1.39906,7.83759,9.0307],"rotation":{"angle":0,"axis":"y","origin":[3.02396,8.7661,7.63213]},"faces":{"north":{"uv":[11.5,14,11.625,14.125],"texture":"#0"},"east":{"uv":[13,12.5,13.875,12.625],"texture":"#0"},"south":{"uv":[14,11.5,14.125,11.625],"texture":"#0"},"west":{"uv":[12.75,13,13.625,13.125],"texture":"#0"},"up":{"uv":[10.375,13.875,10.25,13],"texture":"#0"},"down":{"uv":[12.125,13,12,13.875],"texture":"#0"}}},{"from":[3.06888,6.81343,7.59469],"to":[4.31888,8.31343,8.84469],"rotation":{"angle":0,"axis":"y","origin":[4.52156,15.61612,7.4]},"faces":{"north":{"uv":[0.375,5.5,0.6875,5.875],"texture":"#0"},"east":{"uv":[0.375,5.5,0.6875,5.875],"texture":"#0"},"south":{"uv":[0.375,5.5,0.6875,5.875],"texture":"#0"},"west":{"uv":[0.375,5.5,0.6875,5.875],"texture":"#0"},"up":{"uv":[0.9375,5.8125,0.625,5.5],"texture":"#0"},"down":{"uv":[0.9375,5.5,0.625,5.8125],"texture":"#0"}}},{"from":[3.1818,8.15366,7.70761],"to":[4.1818,8.65366,8.70761],"rotation":{"angle":0,"axis":"y","origin":[4.42271,14.76791,7.49884]},"faces":{"north":{"uv":[0.125,5.75,0.375,5.875],"texture":"#0"},"east":{"uv":[0.125,5.75,0.375,5.875],"texture":"#0"},"south":{"uv":[0.125,5.875,0.375,5.75],"texture":"#0"},"west":{"uv":[0.125,5.875,0.375,5.75],"texture":"#0"},"up":{"uv":[0.375,5.75,0.125,5.5],"texture":"#0"},"down":{"uv":[0.375,5.5,0.125,5.75],"texture":"#0"}}},{"from":[2.68879,8.28405,7.98219],"to":[3.68879,8.78405,8.48219],"rotation":{"angle":22.5,"axis":"z","origin":[4.53513,10.68657,7.20456]},"faces":{"north":{"uv":[0.875,6,0.625,5.875],"texture":"#0"},"east":{"uv":[0.5,5.875,0.625,6],"texture":"#0"},"south":{"uv":[0.875,5.875,1.125,6],"texture":"#0"},"west":{"uv":[0.5,5.875,0.625,6],"texture":"#0"},"up":{"uv":[0.625,5.875,0.875,6],"texture":"#0"},"down":{"uv":[1.125,5.875,0.875,6],"texture":"#0"}}},{"from":[10.10632,7.05063,7.02173],"to":[11.10632,7.55063,8.02173],"rotation":{"angle":0,"axis":"y","origin":[4.52156,15.36612,7.4]},"faces":{"north":{"uv":[1,5.75,1.25,5.875],"texture":"#0"},"east":{"uv":[1,5.75,1.25,5.875],"texture":"#0"},"south":{"uv":[1,5.75,1.25,5.875],"texture":"#0"},"west":{"uv":[1,5.75,1.25,5.875],"texture":"#0"},"up":{"uv":[1.25,5.75,1,5.5],"texture":"#0"},"down":{"uv":[1.25,5.5,1,5.75],"texture":"#0"}}},{"from":[10.28304,7.42867,7.19844],"to":[10.78304,7.92867,7.69844],"rotation":{"angle":0,"axis":"y","origin":[4.13218,12.70389,7.14541]},"faces":{"north":{"uv":[1.25,5.5,1.375,5.625],"texture":"#0"},"east":{"uv":[1.25,5.5,1.375,5.625],"texture":"#0"},"south":{"uv":[1.25,5.5,1.375,5.625],"texture":"#0"},"west":{"uv":[1.25,5.5,1.375,5.625],"texture":"#0"},"up":{"uv":[1.25,5.5,1.375,5.625],"texture":"#0"},"down":{"uv":[1.25,5.5,1.375,5.625],"texture":"#0"}}},{"from":[11.30632,7.05063,5.42173],"to":[12.30632,7.55063,6.42173],"rotation":{"angle":-22.5,"axis":"y","origin":[10.54812,7.32394,6.46352]},"faces":{"north":{"uv":[1,5.75,1.25,5.875],"texture":"#0"},"east":{"uv":[1,5.75,1.25,5.875],"texture":"#0"},"south":{"uv":[1,5.75,1.25,5.875],"texture":"#0"},"west":{"uv":[1,5.75,1.25,5.875],"texture":"#0"},"up":{"uv":[1,5.75,1.25,5.875],"texture":"#0"},"down":{"uv":[13.75,5.25,13.5,5.5],"texture":"#0"}}},{"from":[11.48304,7.42867,5.59844],"to":[11.98304,7.92867,6.09844],"rotation":{"angle":-22.5,"axis":"y","origin":[10.54812,7.57394,6.46352]},"faces":{"north":{"uv":[1.25,5.5,1.375,5.625],"texture":"#0"},"east":{"uv":[1.25,5.5,1.375,5.625],"texture":"#0"},"south":{"uv":[1.25,5.5,1.375,5.625],"texture":"#0"},"west":{"uv":[1.25,5.5,1.375,5.625],"texture":"#0"},"up":{"uv":[1.25,5.5,1.375,5.625],"texture":"#0"},"down":{"uv":[1.25,5.5,1.375,5.625],"texture":"#0"}}},{"from":[3.44466,8.40173,7.87047],"to":[3.94466,8.90173,8.37047],"rotation":{"angle":0,"axis":"y","origin":[3.84284,10.09675,8.07871]},"faces":{"north":{"uv":[0.375,5.875,0.5,6],"texture":"#0"},"east":{"uv":[0.375,5.875,0.5,6],"texture":"#0"},"south":{"uv":[0.375,5.875,0.5,6],"texture":"#0"},"west":{"uv":[0.375,5.875,0.5,6],"texture":"#0"},"up":{"uv":[0.5,6,0.375,5.875],"texture":"#0"},"down":{"uv":[0.5,5.875,0.375,6],"texture":"#0"}}},{"from":[5.5,8,6],"to":[8.5,10,9],"faces":{"north":{"uv":[7.625,4.125,8.375,4.625],"texture":"#0"},"east":{"uv":[7.625,4.125,8.375,4.625],"texture":"#0"},"south":{"uv":[7.625,4.125,8.375,4.625],"texture":"#0"},"west":{"uv":[7.625,4.125,8.375,4.625],"texture":"#0"},"up":{"uv":[6.625,4.75,7.375,5.5],"texture":"#0"},"down":{"uv":[6.625,4.75,7.375,5.5],"texture":"#0"}}},{"from":[5,7,5.5],"to":[9,9.5,9.5],"faces":{"north":{"uv":[6.625,4.125,7.625,4.75],"texture":"#0"},"east":{"uv":[6.625,4.125,7.625,4.75],"texture":"#0"},"south":{"uv":[6.625,4.125,7.625,4.75],"texture":"#0"},"west":{"uv":[6.625,4.125,7.625,4.75],"texture":"#0"},"up":{"uv":[5.625,4.125,6.625,5.125],"texture":"#0"},"down":{"uv":[5.625,4.125,6.625,5.125],"texture":"#0"}}}],"display":{"thirdperson_righthand":{"translation":[0,0.5,0],"scale":[0.22,0.21,0.22]},"thirdperson_lefthand":{"translation":[0,0.5,0],"scale":[0.22,0.21,0.22]},"firstperson_righthand":{"scale":[0,0,0]},"firstperson_lefthand":{"scale":[0,0,0]},"ground":{"translation":[0,0.5,0],"scale":[0.35,0.35,0.35]},"gui":{"rotation":[20,153,0],"translation":[0,-0.25,0],"scale":[0.81,0.81,0.81]},"head":{"translation":[0,-21.75,0],"scale":[3.06,3.06,3.1]},"fixed":{"rotation":[0.5,0,0],"translation":[0,-1.25,-9.25],"scale":[1.23,1.25,1.23]}},"groups":[0,1,2,3,4,5,6,7,8,9,10,11,12,13,14,15,16,17,18,19,20,21,22,23,24,25,26,{"name":"group","origin":[12.63,24.4656,7.78],"color":0,"children":[27,28,29,30,31,32,33,34,35]},36,37]}