{"credit":"MadewithBlockbench","texture_size":[64,64],"textures":{"1":"elitecreature:japan_furniture_v3/jf3_sofa_red"},"elements":[{"from":[2,2,2],"to":[14,6,14],"faces":{"north":{"uv":[0,6,3,7],"texture":"#1"},"south":{"uv":[0,6,3,7],"texture":"#1"},"up":{"uv":[3,3,0,0],"texture":"#1"},"down":{"uv":[3,3,0,6],"texture":"#1"}}},{"from":[14,0,2],"to":[18,9,14],"faces":{"north":{"uv":[3,4.5,4,6.75],"texture":"#1"},"east":{"uv":[3,0,6,2.25],"texture":"#1"},"south":{"uv":[3,4.5,4,6.75],"texture":"#1"},"west":{"uv":[3,2.25,6,4.5],"texture":"#1"},"up":{"uv":[8,7.5,7,4.5],"texture":"#1"},"down":{"uv":[7,4.5,6,7.5],"texture":"#1"}}},{"from":[14,9,10],"to":[18,13,14],"faces":{"north":{"uv":[4,5.5,5,6.5],"texture":"#1"},"east":{"uv":[4,4.5,5,5.5],"texture":"#1"},"south":{"uv":[5,5.5,6,6.5],"texture":"#1"},"up":{"uv":[6,5.5,5,4.5],"texture":"#1"}}},{"from":[-2,0,2],"to":[2,9,14],"rotation":{"angle":0,"axis":"y","origin":[16,0,0]},"faces":{"north":{"uv":[4,4.5,3,6.75],"texture":"#1"},"east":{"uv":[6,2.25,3,4.5],"texture":"#1"},"south":{"uv":[4,4.5,3,6.75],"texture":"#1"},"west":{"uv":[6,0,3,2.25],"texture":"#1"},"up":{"uv":[7,7.5,8,4.5],"texture":"#1"},"down":{"uv":[6,4.5,7,7.5],"texture":"#1"}}},{"from":[-2,9,10],"to":[2,13,14],"rotation":{"angle":0,"axis":"y","origin":[16,0,0]},"faces":{"north":{"uv":[5,5.5,4,6.5],"texture":"#1"},"south":{"uv":[6,5.5,5,6.5],"texture":"#1"},"west":{"uv":[5,4.5,4,5.5],"texture":"#1"},"up":{"uv":[5,5.5,6,4.5],"texture":"#1"}}},{"from":[2,6,10],"to":[14,13,14],"faces":{"north":{"uv":[6,2.75,9,4.5],"texture":"#1"},"south":{"uv":[6,1,9,2.75],"texture":"#1"},"up":{"uv":[9,1,6,0],"texture":"#1"}}}],"display":{"thirdperson_righthand":{"translation":[0,1,0],"scale":[0.17,0.17,0.17]},"thirdperson_lefthand":{"translation":[0,1,0],"scale":[0.17,0.17,0.17]},"firstperson_righthand":{"scale":[0,0,0]},"firstperson_lefthand":{"scale":[0,0,0]},"ground":{"scale":[0.23,0.24,0.25]},"gui":{"rotation":[17,155,0],"translation":[0,-0.5,0],"scale":[0.62,0.63,0.64]},"head":{"translation":[0,-27.25,-1],"scale":[2,2,2]},"fixed":{"translation":[0,0,-7.75]}}}