{"credit":"MadewithBlockbench","texture_size":[64,64],"textures":{"2":"jeqo:dragon_set/black/black_dragon_helmet"},"elements":[{"from":[3.5,0,3.5],"to":[12.5,9,12.5],"faces":{"north":{"uv":[0,4.5,2.25,6.75],"texture":"#2"},"east":{"uv":[2.25,4.5,4.5,6.75],"texture":"#2"},"south":{"uv":[4.5,4.5,6.75,6.75],"texture":"#2"},"west":{"uv":[5.5,0,7.75,2.25],"texture":"#2"},"up":{"uv":[7.75,4.5,5.5,2.25],"texture":"#2"},"down":{"uv":[2.25,6.75,0,9],"texture":"#2"}}},{"from":[2.5,4,2.5],"to":[6.5,8,8.5],"rotation":{"angle":0,"axis":"y","origin":[0,-2,0]},"faces":{"north":{"uv":[5.5,10.5,6.5,11.5],"texture":"#2"},"east":{"uv":[7.75,3.5,9.25,4.5],"texture":"#2"},"south":{"uv":[10.75,3.25,11.75,4.25],"texture":"#2"},"west":{"uv":[9.5,4.75,11,5.75],"texture":"#2"},"up":{"uv":[2.25,10.5,1.25,9],"texture":"#2"},"down":{"uv":[10.5,8,9.5,9.5],"texture":"#2"}}},{"from":[2.25,7.05,2.5],"to":[2.25,8.05,8.5],"rotation":{"angle":-22.5,"axis":"x","origin":[2,7.55,5.5]},"faces":{"north":{"uv":[0,0,0,0.25],"texture":"#2"},"east":{"uv":[12.25,7,13.75,7.25],"texture":"#2"},"south":{"uv":[0,0,0,0.25],"texture":"#2"},"west":{"uv":[12.25,7.25,13.75,7.5],"texture":"#2"},"up":{"uv":[0,1.5,0,0],"texture":"#2"},"down":{"uv":[0,0,0,1.5],"texture":"#2"}}},{"from":[9.5,4,2.5],"to":[13.5,8,8.5],"rotation":{"angle":0,"axis":"y","origin":[16,-2,0]},"faces":{"north":{"uv":[6.5,10.75,7.5,11.75],"texture":"#2"},"east":{"uv":[10.5,1.5,12,2.5],"texture":"#2"},"south":{"uv":[7.5,10.75,8.5,11.75],"texture":"#2"},"west":{"uv":[2,10.5,3.5,11.5],"texture":"#2"},"up":{"uv":[4.5,12,3.5,10.5],"texture":"#2"},"down":{"uv":[5.5,10.5,4.5,12],"texture":"#2"}}},{"from":[13.75,7.05,2.5],"to":[13.75,8.05,8.5],"rotation":{"angle":-22.5,"axis":"x","origin":[14,7.55,5.5]},"faces":{"north":{"uv":[0,0,0,0.25],"texture":"#2"},"east":{"uv":[12.25,7.5,13.75,7.75],"texture":"#2"},"south":{"uv":[0,0,0,0.25],"texture":"#2"},"west":{"uv":[12.25,7.75,13.75,8],"texture":"#2"},"up":{"uv":[0,1.5,0,0],"texture":"#2"},"down":{"uv":[0,0,0,1.5],"texture":"#2"}}},{"from":[4.5,3.15224,-3.73463],"to":[11.5,6.15224,4.26537],"rotation":{"angle":0,"axis":"y","origin":[0.5,-1.84776,0.76537]},"faces":{"north":{"uv":[10.5,6.5,12.25,7.25],"texture":"#2"},"east":{"uv":[10.5,2.5,12.5,3.25],"texture":"#2"},"south":{"uv":[10.5,7.25,12.25,8],"texture":"#2"},"west":{"uv":[10.5,5.75,12.5,6.5],"texture":"#2"},"up":{"uv":[9.5,10,7.75,8],"texture":"#2"},"down":{"uv":[4,8.5,2.25,10.5],"texture":"#2"}}},{"from":[5.5,4.15224,-4.73463],"to":[10.5,7.15224,0.26537],"rotation":{"angle":0,"axis":"y","origin":[0.5,-1.84776,0.76537]},"faces":{"north":{"uv":[11,4.25,12.25,5],"texture":"#2"},"east":{"uv":[11,5,12.25,5.75],"texture":"#2"},"south":{"uv":[8.5,11,9.75,11.75],"texture":"#2"},"west":{"uv":[9.75,11,11,11.75],"texture":"#2"},"up":{"uv":[1.25,10.25,0,9],"texture":"#2"},"down":{"uv":[10.75,3.5,9.5,4.75],"texture":"#2"}}},{"from":[4.5,1.15224,-3.73463],"to":[4.5,3.15224,3.26537],"rotation":{"angle":0,"axis":"y","origin":[0.5,-1.84776,0.76537]},"faces":{"north":{"uv":[0,0,0,0.5],"texture":"#2"},"east":{"uv":[11.5,9.5,13.25,10],"texture":"#2"},"south":{"uv":[0,0,0,0.5],"texture":"#2"},"west":{"uv":[11.75,3.25,13.5,3.75],"texture":"#2"},"up":{"uv":[0,1.75,0,0],"texture":"#2"},"down":{"uv":[0,0,0,1.75],"texture":"#2"}}},{"from":[4.5,1.15224,-3.73463],"to":[11.5,3.15224,-3.73463],"rotation":{"angle":0,"axis":"y","origin":[0.5,-1.84776,0.76537]},"faces":{"north":{"uv":[11.75,3.75,13.5,4.25],"texture":"#2"},"east":{"uv":[0,0,0,0.5],"texture":"#2"},"south":{"uv":[5.5,11.75,7.25,12.25],"texture":"#2"},"west":{"uv":[0,0,0,0.5],"texture":"#2"},"up":{"uv":[1.75,0,0,0],"texture":"#2"},"down":{"uv":[1.75,0,0,0],"texture":"#2"}}},{"from":[11.5,1.15224,-3.73463],"to":[11.5,3.15224,3.26537],"rotation":{"angle":0,"axis":"y","origin":[0.5,-1.84776,0.76537]},"faces":{"north":{"uv":[0,0,0,0.5],"texture":"#2"},"east":{"uv":[10.5,9,12.25,9.5],"texture":"#2"},"south":{"uv":[0,0,0,0.5],"texture":"#2"},"west":{"uv":[0.75,11.5,2.5,12],"texture":"#2"},"up":{"uv":[0,1.75,0,0],"texture":"#2"},"down":{"uv":[0,0,0,1.75],"texture":"#2"}}},{"from":[5.5,2.07933,-3.29771],"to":[5.5,3.07933,4.70229],"rotation":{"angle":-22.5,"axis":"x","origin":[8,2.27434,4.05055]},"faces":{"north":{"uv":[0,0,0,0.25],"texture":"#2"},"east":{"uv":[11.5,10,13.5,10.25],"texture":"#2"},"south":{"uv":[0,0,0,0.25],"texture":"#2"},"west":{"uv":[12.25,6.5,14.25,6.75],"texture":"#2"},"up":{"uv":[0,2,0,0],"texture":"#2"},"down":{"uv":[0,0,0,2],"texture":"#2"}}},{"from":[5.5,2.07933,-3.29771],"to":[10.5,3.07933,-3.29771],"rotation":{"angle":-22.5,"axis":"x","origin":[8,2.27434,4.05055]},"faces":{"north":{"uv":[0,10.25,1.25,10.5],"texture":"#2"},"east":{"uv":[0,0,0,0.25],"texture":"#2"},"south":{"uv":[0.75,11.25,2,11.5],"texture":"#2"},"west":{"uv":[0,0,0,0.25],"texture":"#2"},"up":{"uv":[1.25,0,0,0],"texture":"#2"},"down":{"uv":[1.25,0,0,0],"texture":"#2"}}},{"from":[10.5,2.07933,-3.29771],"to":[10.5,3.07933,4.70229],"rotation":{"angle":-22.5,"axis":"x","origin":[8,2.27434,4.05055]},"faces":{"north":{"uv":[0,0,0,0.25],"texture":"#2"},"east":{"uv":[6.75,12.25,8.75,12.5],"texture":"#2"},"south":{"uv":[0,0,0,0.25],"texture":"#2"},"west":{"uv":[12.25,6.75,14.25,7],"texture":"#2"},"up":{"uv":[0,2,0,0],"texture":"#2"},"down":{"uv":[0,0,0,2],"texture":"#2"}}},{"from":[5,0.07933,-3.79771],"to":[11,2.07933,4.20229],"rotation":{"angle":-22.5,"axis":"x","origin":[8,2.27434,4.05055]},"faces":{"north":{"uv":[7.25,11.75,8.75,12.25],"texture":"#2"},"east":{"uv":[10.5,8,12.5,8.5],"texture":"#2"},"south":{"uv":[8.75,11.75,10.25,12.25],"texture":"#2"},"west":{"uv":[10.5,8.5,12.5,9],"texture":"#2"},"up":{"uv":[5.5,10.5,4,8.5],"texture":"#2"},"down":{"uv":[7,8.5,5.5,10.5],"texture":"#2"}}},{"from":[11,-2.92067,-2.79771],"to":[11,0.07933,5.20229],"rotation":{"angle":-22.5,"axis":"x","origin":[8,2.27434,4.05055]},"faces":{"north":{"uv":[0,0,0,0.75],"texture":"#2"},"east":{"uv":[9,10.25,11,11],"texture":"#2"},"south":{"uv":[0,0,0,0.75],"texture":"#2"},"west":{"uv":[0,10.5,2,11.25],"texture":"#2"},"up":{"uv":[0,2,0,0],"texture":"#2"},"down":{"uv":[0,0,0,2],"texture":"#2"}}},{"from":[8,-2.92067,-3.79771],"to":[8,0.07933,4.20229],"rotation":{"angle":-22.5,"axis":"x","origin":[8,2.27434,4.05055]},"faces":{"north":{"uv":[0,0,0,0.75],"texture":"#2"},"east":{"uv":[10.5,0,12.5,0.75],"texture":"#2"},"south":{"uv":[0,0,0,0.75],"texture":"#2"},"west":{"uv":[10.5,0.75,12.5,1.5],"texture":"#2"},"up":{"uv":[0,2,0,0],"texture":"#2"},"down":{"uv":[0,0,0,2],"texture":"#2"}}},{"from":[5,-2.92067,-2.79771],"to":[5,0.07933,5.20229],"rotation":{"angle":-22.5,"axis":"x","origin":[8,2.27434,4.05055]},"faces":{"north":{"uv":[0,0,0,0.75],"texture":"#2"},"east":{"uv":[9.5,9.5,11.5,10.25],"texture":"#2"},"south":{"uv":[0,0,0,0.75],"texture":"#2"},"west":{"uv":[7,10,9,10.75],"texture":"#2"},"up":{"uv":[0,2,0,0],"texture":"#2"},"down":{"uv":[0,0,0,2],"texture":"#2"}}},{"from":[2.5,0,5.5],"to":[2.5,9,16.5],"rotation":{"angle":-22.5,"axis":"y","origin":[3.5,3.5,10]},"faces":{"north":{"uv":[0,0,0,2.25],"texture":"#2"},"east":{"uv":[0,0,2.75,2.25],"texture":"#2"},"south":{"uv":[0,0,0,2.25],"texture":"#2"},"west":{"uv":[0,2.25,2.75,4.5],"texture":"#2"},"up":{"uv":[0,2.75,0,0],"texture":"#2"},"down":{"uv":[0,0,0,2.75],"texture":"#2"}}},{"from":[13.5,0,5.5],"to":[13.5,9,16.5],"rotation":{"angle":22.5,"axis":"y","origin":[12.5,3.5,10]},"faces":{"north":{"uv":[0,0,0,2.25],"texture":"#2"},"east":{"uv":[2.75,0,5.5,2.25],"texture":"#2"},"south":{"uv":[0,0,0,2.25],"texture":"#2"},"west":{"uv":[2.75,2.25,5.5,4.5],"texture":"#2"},"up":{"uv":[0,2.75,0,0],"texture":"#2"},"down":{"uv":[0,0,0,2.75],"texture":"#2"}}},{"from":[11,9,3.5],"to":[11,16,14.5],"rotation":{"angle":0,"axis":"y","origin":[3,0,0]},"faces":{"north":{"uv":[0,0,0,1.75],"texture":"#2"},"east":{"uv":[2.25,6.75,5,8.5],"texture":"#2"},"south":{"uv":[0,0,0,1.75],"texture":"#2"},"west":{"uv":[6.75,4.5,9.5,6.25],"texture":"#2"},"up":{"uv":[0,2.75,0,0],"texture":"#2"},"down":{"uv":[0,0,0,2.75],"texture":"#2"}}},{"from":[5,9,3.5],"to":[5,16,14.5],"rotation":{"angle":0,"axis":"y","origin":[-3,0,0]},"faces":{"north":{"uv":[0,0,0,1.75],"texture":"#2"},"east":{"uv":[5,6.75,7.75,8.5],"texture":"#2"},"south":{"uv":[0,0,0,1.75],"texture":"#2"},"west":{"uv":[7.75,0,10.5,1.75],"texture":"#2"},"up":{"uv":[0,2.75,0,0],"texture":"#2"},"down":{"uv":[0,0,0,2.75],"texture":"#2"}}},{"from":[8,6,3.5],"to":[8,13,14.5],"rotation":{"angle":0,"axis":"y","origin":[0,-3,0]},"faces":{"north":{"uv":[0,0,0,1.75],"texture":"#2"},"east":{"uv":[7.75,1.75,10.5,3.5],"texture":"#2"},"south":{"uv":[0,0,0,1.75],"texture":"#2"},"west":{"uv":[7.75,6.25,10.5,8],"texture":"#2"},"up":{"uv":[0,2.75,0,0],"texture":"#2"},"down":{"uv":[0,0,0,2.75],"texture":"#2"}}},{"from":[6.5,2,12.5],"to":[9.5,5,16.5],"rotation":{"angle":0,"axis":"y","origin":[0,1,9]},"faces":{"north":{"uv":[12.25,4.25,13,5],"texture":"#2"},"east":{"uv":[2.5,11.5,3.5,12.25],"texture":"#2"},"south":{"uv":[12.25,5,13,5.75],"texture":"#2"},"west":{"uv":[10.25,11.75,11.25,12.5],"texture":"#2"},"up":{"uv":[12,12.75,11.25,11.75],"texture":"#2"},"down":{"uv":[1.5,12,0.75,13],"texture":"#2"}}},{"from":[7,2.5,16.5],"to":[9,4.5,21.5],"rotation":{"angle":0,"axis":"y","origin":[0,1,12]},"faces":{"north":{"uv":[9.5,5.75,10,6.25],"texture":"#2"},"east":{"uv":[3.5,12,4.75,12.5],"texture":"#2"},"south":{"uv":[10,5.75,10.5,6.25],"texture":"#2"},"west":{"uv":[12,11.75,13.25,12.25],"texture":"#2"},"up":{"uv":[5.25,13.25,4.75,12],"texture":"#2"},"down":{"uv":[3,12.25,2.5,13.5],"texture":"#2"}}},{"from":[6.5,4.71509,12.29716],"to":[9.5,7.71509,17.29716],"rotation":{"angle":-22.5,"axis":"x","origin":[0,3.71509,8.79716]},"faces":{"north":{"uv":[5.25,12.25,6,13],"texture":"#2"},"east":{"uv":[11,10.25,12.25,11],"texture":"#2"},"south":{"uv":[6,12.25,6.75,13],"texture":"#2"},"west":{"uv":[11,11,12.25,11.75],"texture":"#2"},"up":{"uv":[7.75,9.75,7,8.5],"texture":"#2"},"down":{"uv":[0.75,11.25,0,12.5],"texture":"#2"}}},{"from":[7,5.21509,17.29716],"to":[9,7.21509,22.29716],"rotation":{"angle":-22.5,"axis":"x","origin":[0,3.71509,8.79716]},"faces":{"north":{"uv":[6.75,6.25,7.25,6.75],"texture":"#2"},"east":{"uv":[12,1.5,13.25,2],"texture":"#2"},"south":{"uv":[7.25,6.25,7.75,6.75],"texture":"#2"},"west":{"uv":[12,2,13.25,2.5],"texture":"#2"},"up":{"uv":[2,13.25,1.5,12],"texture":"#2"},"down":{"uv":[2.5,12,2,13.25],"texture":"#2"}}}],"gui_light":"front","display":{"gui":{"rotation":[-180,0,-180],"translation":[0,3.5,0]},"head":{"translation":[0,5.5,0],"scale":[1.6,1.6,1.6]}},"groups":[0,{"name":"eyes","origin":[14,9.5,5],"color":0,"children":[1,2,3,4]},{"name":"mouth","origin":[0.5,-1.84776,0.76537],"color":0,"children":[{"name":"top","origin":[0.5,-1.84776,0.76537],"color":0,"children":[5,6,{"name":"group","origin":[0.5,-1.84776,0.76537],"color":0,"children":[7,8,9]}]},{"name":"bottom","origin":[7.5,2.34358,4.72731],"color":0,"children":[{"name":"group","origin":[7.5,2.34358,4.72731],"color":0,"children":[10,11,12]},13,{"name":"flares","origin":[7.5,2.34358,4.72731],"color":0,"children":[14,15,16]}]}]},{"name":"flares","origin":[12.5,3.5,9],"color":0,"children":[17,18,19,20,21]},{"name":"spikes","origin":[0,3.71509,8.79716],"color":0,"children":[22,23,24,25]}]}