{"credit":"MadewithBlockbench","texture_size":[64,64],"textures":{"0":"jeqo:dragon_set/black/black_dragon_rod","particle":"jeqo:dragon_set/black/black_dragon_rod"},"elements":[{"from":[7,1,6],"to":[9,10,8],"rotation":{"angle":0,"axis":"y","origin":[0,14,6]},"faces":{"north":{"uv":[5.5,4.5,6,6.75],"texture":"#0"},"east":{"uv":[0,6,0.5,8.25],"texture":"#0"},"south":{"uv":[0.5,6,1,8.25],"texture":"#0"},"west":{"uv":[1,6,1.5,8.25],"texture":"#0"},"up":{"uv":[9.5,0.75,9,0.25],"texture":"#0"},"down":{"uv":[9.5,0.75,9,1.25],"texture":"#0"}}},{"from":[7,9.23671,4.1627],"to":[9,15.23671,6.1627],"rotation":{"angle":-22.5,"axis":"x","origin":[8,14.23671,5.1627]},"faces":{"north":{"uv":[3,6,3.5,7.5],"texture":"#0"},"east":{"uv":[5.5,6.75,6,8.25],"texture":"#0"},"south":{"uv":[1.5,7.5,2,9],"texture":"#0"},"west":{"uv":[2,7.5,2.5,9],"texture":"#0"},"up":{"uv":[1.75,9.5,1.25,9],"texture":"#0"},"down":{"uv":[9.5,1.25,9,1.75],"texture":"#0"}}},{"from":[7,13.3717,0.46126],"to":[9,19.3717,2.46126],"rotation":{"angle":-45,"axis":"x","origin":[8,18.3717,1.46126]},"faces":{"north":{"uv":[2.5,7.5,3,9],"texture":"#0"},"east":{"uv":[3,7.5,3.5,9],"texture":"#0"},"south":{"uv":[6,7.5,6.5,9],"texture":"#0"},"west":{"uv":[7.75,3,8.25,4.5],"texture":"#0"},"up":{"uv":[2.25,9.5,1.75,9],"texture":"#0"},"down":{"uv":[9.5,1.75,9,2.25],"texture":"#0"}}},{"from":[7.5,19.66127,-3.9668],"to":[8.5,20.66127,2.0332],"rotation":{"angle":22.5,"axis":"x","origin":[9.5,22.16127,-2.9668]},"faces":{"north":{"uv":[9.25,7.25,9.5,7.5],"texture":"#0"},"east":{"uv":[8.5,5,10,5.25],"texture":"#0"},"south":{"uv":[9.25,7.5,9.5,7.75],"texture":"#0"},"west":{"uv":[8.5,5.25,10,5.5],"texture":"#0"},"up":{"uv":[5.5,7,5.25,5.5],"texture":"#0"},"down":{"uv":[5.75,8.25,5.5,9.75],"texture":"#0"}}},{"from":[3,0.27868,7.70711],"to":[7,2.27868,9.70711],"rotation":{"angle":-45,"axis":"x","origin":[5,0.27868,8.70711]},"faces":{"north":{"uv":[8.25,3,9.25,3.5],"texture":"#0"},"east":{"uv":[2.25,9,2.75,9.5],"texture":"#0"},"south":{"uv":[8.25,3.5,9.25,4],"texture":"#0"},"west":{"uv":[9,2.25,9.5,2.75],"texture":"#0"},"up":{"uv":[9.25,4.5,8.25,4],"texture":"#0"},"down":{"uv":[9.5,4.5,8.5,5],"texture":"#0"}}},{"from":[1,0.15736,10],"to":[3,1.15736,11],"rotation":{"angle":-45,"axis":"x","origin":[2,-1.84264,8]},"faces":{"north":{"uv":[7.25,3.75,7.75,4],"texture":"#0"},"east":{"uv":[9.5,0.25,9.75,0.5],"texture":"#0"},"south":{"uv":[9.25,4,9.75,4.25],"texture":"#0"},"west":{"uv":[0.5,9.5,0.75,9.75],"texture":"#0"},"up":{"uv":[9.75,4.5,9.25,4.25],"texture":"#0"},"down":{"uv":[9.75,6.25,9.25,6.5],"texture":"#0"}}},{"from":[8,6.22059,-5.06835],"to":[8,18.22059,-4.06835],"rotation":{"angle":0,"axis":"y","origin":[-0.5,23.22059,-5.06835]},"faces":{"north":{"uv":[0,0,0,3],"texture":"#0"},"east":{"uv":[6.5,7.5,6.75,10.5],"texture":"#0"},"south":{"uv":[0,0,0,3],"texture":"#0"},"west":{"uv":[3.5,7.75,3.75,10.75],"texture":"#0"},"up":{"uv":[0,0.25,0,0],"texture":"#0"},"down":{"uv":[0,0,0,0.25],"texture":"#0"}}},{"from":[8,2.22267,-3.07881],"to":[8,6.22267,-2.07881],"rotation":{"angle":22.5,"axis":"x","origin":[-0.5,11.22267,-3.07881]},"faces":{"north":{"uv":[0,0,0,1],"texture":"#0"},"east":{"uv":[2.75,9,3,10],"texture":"#0"},"south":{"uv":[0,0,0,1],"texture":"#0"},"west":{"uv":[3,9,3.25,10],"texture":"#0"},"up":{"uv":[0,0.25,0,0],"texture":"#0"},"down":{"uv":[0,0,0,0.25],"texture":"#0"}}},{"from":[8,-4.01612,-8.90565],"to":[8,-0.01612,-5.90565],"rotation":{"angle":22.5,"axis":"x","origin":[-0.5,1.98388,-6.90565]},"faces":{"north":{"uv":[0,0,0,1],"texture":"#0"},"east":{"uv":[3.75,7.75,4.5,8.75],"texture":"#0"},"south":{"uv":[0,0,0,1],"texture":"#0"},"west":{"uv":[7.75,4.5,8.5,5.5],"texture":"#0"},"up":{"uv":[0,0.75,0,0],"texture":"#0"},"down":{"uv":[0,0,0,0.75],"texture":"#0"}}},{"from":[6.501,-1.00361,-0.94122],"to":[9.501,1.99639,2.05878],"rotation":{"angle":22.5,"axis":"x","origin":[-0.499,18.99639,-0.94122]},"faces":{"north":{"uv":[7.75,7,8.5,7.75],"texture":"#0"},"east":{"uv":[7.75,7.75,8.5,8.5],"texture":"#0"},"south":{"uv":[4.5,8,5.25,8.75],"texture":"#0"},"west":{"uv":[6.75,8,7.5,8.75],"texture":"#0"},"up":{"uv":[0.75,9,0,8.25],"texture":"#0"},"down":{"uv":[9,0,8.25,0.75],"texture":"#0"}}},{"from":[8,1,4],"to":[8,10,5],"rotation":{"angle":0,"axis":"y","origin":[0,15,6]},"faces":{"north":{"uv":[0,0,0,2.25],"texture":"#0"},"east":{"uv":[5.25,8,5.5,10.25],"texture":"#0"},"south":{"uv":[0,0,0,2.25],"texture":"#0"},"west":{"uv":[7.5,8,7.75,10.25],"texture":"#0"},"up":{"uv":[0,0.25,0,0],"texture":"#0"},"down":{"uv":[0,0,0,0.25],"texture":"#0"}}},{"from":[8,10.46088,2.31703],"to":[8,14.46088,3.31703],"rotation":{"angle":-22.5,"axis":"x","origin":[8,14.46088,5.31703]},"faces":{"north":{"uv":[0,0,0,1],"texture":"#0"},"east":{"uv":[3.25,9,3.5,10],"texture":"#0"},"south":{"uv":[0,0,0,1],"texture":"#0"},"west":{"uv":[6,9,6.25,10],"texture":"#0"},"up":{"uv":[0,0.25,0,0],"texture":"#0"},"down":{"uv":[0,0,0,0.25],"texture":"#0"}}},{"from":[8,13.93816,-0.94495],"to":[8,18.93816,0.05505],"rotation":{"angle":-45,"axis":"x","origin":[8,17.93816,2.05505]},"faces":{"north":{"uv":[0,0,0,1.25],"texture":"#0"},"east":{"uv":[5.75,8.25,6,9.5],"texture":"#0"},"south":{"uv":[0,0,0,1.25],"texture":"#0"},"west":{"uv":[7.25,8.75,7.5,10],"texture":"#0"},"up":{"uv":[0,0.25,0,0],"texture":"#0"},"down":{"uv":[0,0,0,0.25],"texture":"#0"}}},{"from":[8,17.60954,-3.99642],"to":[8,18.60954,1.00358],"rotation":{"angle":22.5,"axis":"x","origin":[8.5,20.60954,-2.99642]},"faces":{"north":{"uv":[0,0,0,0.25],"texture":"#0"},"east":{"uv":[0,9,1.25,9.25],"texture":"#0"},"south":{"uv":[0,0,0,0.25],"texture":"#0"},"west":{"uv":[9,0,10.25,0.25],"texture":"#0"},"up":{"uv":[0,1.25,0,0],"texture":"#0"},"down":{"uv":[0,0,0,1.25],"texture":"#0"}}},{"from":[6.45,1,6.775],"to":[9.55,11,10],"rotation":{"angle":0,"axis":"y","origin":[0,0,6]},"faces":{"north":{"uv":[3.5,0,4.25,2.5],"texture":"#0"},"east":{"uv":[3.5,2.5,4.25,5],"texture":"#0"},"south":{"uv":[4.25,0,5,2.5],"texture":"#0"},"west":{"uv":[4.25,2.5,5,5],"texture":"#0"},"up":{"uv":[1.5,9,0.75,8.25],"texture":"#0"},"down":{"uv":[9,0.75,8.25,1.5],"texture":"#0"}}},{"from":[6.38292,3.82843,6.87726],"to":[6.38292,15.82843,13.87726],"rotation":{"angle":-22.5,"axis":"y","origin":[6.38292,9.82843,8.48976]},"faces":{"north":{"uv":[0,0,0,3],"texture":"#0"},"east":{"uv":[0,0,1.75,3],"texture":"#0"},"south":{"uv":[0,0,0,3],"texture":"#0"},"west":{"uv":[1.75,0,3.5,3],"texture":"#0"},"up":{"uv":[0,1.75,0,0],"texture":"#0"},"down":{"uv":[0,0,0,1.75],"texture":"#0"}}},{"from":[9.61708,3.82843,6.87726],"to":[9.61708,15.82843,13.87726],"rotation":{"angle":22.5,"axis":"y","origin":[9.61708,9.82843,8.48976]},"faces":{"north":{"uv":[0,0,0,3],"texture":"#0"},"east":{"uv":[0,3,1.75,6],"texture":"#0"},"south":{"uv":[0,0,0,3],"texture":"#0"},"west":{"uv":[1.75,3,3.5,6],"texture":"#0"},"up":{"uv":[0,1.75,0,0],"texture":"#0"},"down":{"uv":[0,0,0,1.75],"texture":"#0"}}},{"from":[6.5,9.85403,5.23882],"to":[9.5,15.85403,8.23882],"rotation":{"angle":-22.5,"axis":"x","origin":[8,14.85403,6.23882]},"faces":{"north":{"uv":[1.5,6,2.25,7.5],"texture":"#0"},"east":{"uv":[2.25,6,3,7.5],"texture":"#0"},"south":{"uv":[6,4.5,6.75,6],"texture":"#0"},"west":{"uv":[6,6,6.75,7.5],"texture":"#0"},"up":{"uv":[9,2.25,8.25,1.5],"texture":"#0"},"down":{"uv":[9,2.25,8.25,3],"texture":"#0"}}},{"from":[6.95,2.35355,9.43934],"to":[8.95,4.35355,12.43934],"rotation":{"angle":-45,"axis":"x","origin":[7.95,3.35355,8.93934]},"faces":{"north":{"uv":[9,6.5,9.5,7],"texture":"#0"},"east":{"uv":[8.5,5.5,9.25,6],"texture":"#0"},"south":{"uv":[7.75,9,8.25,9.5],"texture":"#0"},"west":{"uv":[8.5,6,9.25,6.5],"texture":"#0"},"up":{"uv":[7.75,3.75,7.25,3],"texture":"#0"},"down":{"uv":[9,6.5,8.5,7.25],"texture":"#0"}}},{"from":[7.45,2.85355,12.43934],"to":[8.45,3.85355,15.43934],"rotation":{"angle":-45,"axis":"x","origin":[7.95,3.35355,8.93934]},"faces":{"north":{"uv":[9.5,0.5,9.75,0.75],"texture":"#0"},"east":{"uv":[9,2.75,9.75,3],"texture":"#0"},"south":{"uv":[0.75,9.5,1,9.75],"texture":"#0"},"west":{"uv":[9,7,9.75,7.25],"texture":"#0"},"up":{"uv":[6.5,9.75,6.25,9],"texture":"#0"},"down":{"uv":[8.5,9,8.25,9.75],"texture":"#0"}}},{"from":[6.95,8.70355,9.43934],"to":[8.95,10.70355,12.43934],"rotation":{"angle":-45,"axis":"x","origin":[7.95,9.70355,8.93934]},"faces":{"north":{"uv":[9,7.75,9.5,8.25],"texture":"#0"},"east":{"uv":[8.5,7.25,9.25,7.75],"texture":"#0"},"south":{"uv":[9,8.25,9.5,8.75],"texture":"#0"},"west":{"uv":[7.75,8.5,8.5,9],"texture":"#0"},"up":{"uv":[9,8.5,8.5,7.75],"texture":"#0"},"down":{"uv":[9,8.5,8.5,9.25],"texture":"#0"}}},{"from":[7.45,9.20355,12.43934],"to":[8.45,10.20355,15.43934],"rotation":{"angle":-45,"axis":"x","origin":[7.95,9.70355,8.93934]},"faces":{"north":{"uv":[9.5,0.75,9.75,1],"texture":"#0"},"east":{"uv":[0.5,9.25,1.25,9.5],"texture":"#0"},"south":{"uv":[1,9.5,1.25,9.75],"texture":"#0"},"west":{"uv":[9.25,3,10,3.25],"texture":"#0"},"up":{"uv":[9.5,4,9.25,3.25],"texture":"#0"},"down":{"uv":[9.5,5.5,9.25,6.25],"texture":"#0"}}},{"from":[6.95,15.10355,6.08934],"to":[8.95,18.10355,8.08934],"rotation":{"angle":22.5,"axis":"x","origin":[7.95,14.60355,7.08934]},"faces":{"north":{"uv":[3.75,8.75,4.25,9.5],"texture":"#0"},"east":{"uv":[4.25,8.75,4.75,9.5],"texture":"#0"},"south":{"uv":[4.75,8.75,5.25,9.5],"texture":"#0"},"west":{"uv":[6.75,8.75,7.25,9.5],"texture":"#0"},"up":{"uv":[9.5,9.25,9,8.75],"texture":"#0"},"down":{"uv":[0.5,9.25,0,9.75],"texture":"#0"}}},{"from":[7.45,18.10355,6.58934],"to":[8.45,21.10355,7.58934],"rotation":{"angle":22.5,"axis":"x","origin":[7.95,14.60355,7.08934]},"faces":{"north":{"uv":[8.5,9.25,8.75,10],"texture":"#0"},"east":{"uv":[8.75,9.25,9,10],"texture":"#0"},"south":{"uv":[9,9.25,9.25,10],"texture":"#0"},"west":{"uv":[9.25,9.25,9.5,10],"texture":"#0"},"up":{"uv":[9.75,1.25,9.5,1],"texture":"#0"},"down":{"uv":[1.5,9.5,1.25,9.75],"texture":"#0"}}},{"from":[6,-1,6],"to":[10,3,10],"rotation":{"angle":-45,"axis":"x","origin":[8,1,8]},"faces":{"north":{"uv":[6.25,0,7.25,1],"texture":"#0"},"east":{"uv":[6.25,1,7.25,2],"texture":"#0"},"south":{"uv":[6.25,2,7.25,3],"texture":"#0"},"west":{"uv":[6.25,3,7.25,4],"texture":"#0"},"up":{"uv":[7.75,5,6.75,4],"texture":"#0"},"down":{"uv":[7.75,5,6.75,6],"texture":"#0"}}},{"from":[7,-11.8,7],"to":[9,-0.8,9],"rotation":{"angle":0,"axis":"y","origin":[0,1.2,7]},"faces":{"north":{"uv":[5,0,5.5,2.75],"texture":"#0"},"east":{"uv":[5,2.75,5.5,5.5],"texture":"#0"},"south":{"uv":[3.5,5,4,7.75],"texture":"#0"},"west":{"uv":[4,5,4.5,7.75],"texture":"#0"},"up":{"uv":[5,5.5,4.5,5],"texture":"#0"},"down":{"uv":[6.75,4,6.25,4.5],"texture":"#0"}}},{"from":[6.75,-9.8,6.75],"to":[9.25,-3.8,9.25],"rotation":{"angle":0,"axis":"y","origin":[0,1.2,7]},"faces":{"north":{"uv":[5.5,0,6.25,1.5],"texture":"#0"},"east":{"uv":[5.5,1.5,6.25,3],"texture":"#0"},"south":{"uv":[5.5,3,6.25,4.5],"texture":"#0"},"west":{"uv":[4.5,5.5,5.25,7],"texture":"#0"},"up":{"uv":[8.5,6.25,7.75,5.5],"texture":"#0"},"down":{"uv":[8.5,6.25,7.75,7],"texture":"#0"}}},{"from":[6,-15.8,6],"to":[10,-11.8,10],"rotation":{"angle":-45,"axis":"x","origin":[8,-13.8,8]},"faces":{"north":{"uv":[6.75,6,7.75,7],"texture":"#0"},"east":{"uv":[4.5,7,5.5,8],"texture":"#0"},"south":{"uv":[6.75,7,7.75,8],"texture":"#0"},"west":{"uv":[7.25,0,8.25,1],"texture":"#0"},"up":{"uv":[8.25,2,7.25,1],"texture":"#0"},"down":{"uv":[8.25,2,7.25,3],"texture":"#0"}}}],"gui_light":"front","display":{"thirdperson_righthand":{"translation":[0,9.25,2],"scale":[0.75,0.75,0.75]},"thirdperson_lefthand":{"translation":[0,9.25,2],"scale":[0.75,0.75,0.75]},"firstperson_righthand":{"rotation":[1.75,0,0],"translation":[4.75,5.5,0],"scale":[0.5,0.5,0.5]},"firstperson_lefthand":{"rotation":[1.75,0,0],"translation":[4.75,5.5,0],"scale":[0.5,0.5,0.5]},"ground":{"rotation":[-45,0,0],"translation":[0,7,0],"scale":[0.4,0.4,0.4]},"gui":{"rotation":[-90,-45,-90],"translation":[0,2,0],"scale":[0.5,0.5,0.5]},"fixed":{"rotation":[-90,45,90],"translation":[-0.25,2.75,-0.5],"scale":[0.7,0.7,0.7]}},"groups":[0,1,2,3,4,5,{"name":"line","origin":[8.4678,30.13358,-6.35541],"color":0,"children":[6,7,8,9,10,11,12,13]},14,15,16,17,{"name":"group","origin":[7.95,14.60355,8.08934],"color":0,"children":[18,19,20,21,22,23]},{"name":"group","origin":[8,-13.8,8],"color":0,"children":[24,25,26,27]}]}