{"credit":"MadewithBlockbench","textures":{"3":"furnituresplus:furnituresplus/redfabricmotif","5":"furnituresplus:furnituresplus/oak_planks"},"elements":[{"from":[0,14,0],"to":[16,16,15],"rotation":{"angle":0,"axis":"y","origin":[16,4,0]},"faces":{"north":{"uv":[16,3,8,4],"texture":"#5"},"east":{"uv":[16,2,8,3],"texture":"#5"},"south":{"uv":[16,3,8,4],"texture":"#5"},"west":{"uv":[16,2,8,3],"texture":"#5"},"up":{"uv":[16,0,0,16],"texture":"#5"},"down":{"uv":[16,8,8,16],"texture":"#5"}}},{"from":[3,16,2.2],"to":[13,16.1,12.2],"rotation":{"angle":0,"axis":"y","origin":[16,4,0]},"faces":{"north":{"uv":[16,2,8,3],"texture":"#3"},"east":{"uv":[16,2,8,3],"texture":"#3"},"south":{"uv":[16,2,8,3],"texture":"#3"},"west":{"uv":[16,2,8,3],"texture":"#3"},"up":{"uv":[16,0,0,16],"texture":"#3"},"down":{"uv":[16,8,8,16],"texture":"#3"}}},{"from":[19,16,2.2],"to":[29,16.1,12.2],"rotation":{"angle":0,"axis":"y","origin":[16,4,0]},"faces":{"north":{"uv":[16,2,8,3],"texture":"#3"},"east":{"uv":[16,2,8,3],"texture":"#3"},"south":{"uv":[16,2,8,3],"texture":"#3"},"west":{"uv":[16,2,8,3],"texture":"#3"},"up":{"uv":[16,0,0,16],"texture":"#3"},"down":{"uv":[16,8,8,16],"texture":"#3"}}},{"from":[-12.9,16,2.2],"to":[-2.9,16.1,12.2],"rotation":{"angle":0,"axis":"y","origin":[16,4,0]},"faces":{"north":{"uv":[16,2,8,3],"texture":"#3"},"east":{"uv":[16,2,8,3],"texture":"#3"},"south":{"uv":[16,2,8,3],"texture":"#3"},"west":{"uv":[16,2,8,3],"texture":"#3"},"up":{"uv":[16,0,0,16],"texture":"#3"},"down":{"uv":[16,8,8,16],"texture":"#3"}}},{"from":[-16,14,0],"to":[0,16,15],"rotation":{"angle":0,"axis":"y","origin":[0,4,0]},"faces":{"north":{"uv":[16,3,8,4],"texture":"#5"},"east":{"uv":[16,2,8,3],"texture":"#5"},"south":{"uv":[16,3,8,4],"texture":"#5"},"west":{"uv":[16,2,8,3],"texture":"#5"},"up":{"uv":[16,0,0,16],"texture":"#5"},"down":{"uv":[16,8,8,16],"texture":"#5"}}},{"from":[17.9,5.1,13.5],"to":[18.3,10.4,14.5],"rotation":{"angle":0,"axis":"y","origin":[-16,4,0]},"faces":{"north":{"uv":[6,0,7.2,1.3],"texture":"#3"},"east":{"uv":[6,0,7,0.3],"texture":"#3"},"south":{"uv":[6,0,7.2,0.3],"texture":"#3"},"west":{"uv":[6,0,7,0.3],"texture":"#3"},"up":{"uv":[6,0,7.2,1],"texture":"#3"},"down":{"uv":[6,0,7.2,1],"texture":"#3"}}},{"from":[0,5.5,0],"to":[15.6,6.5,14],"rotation":{"angle":0,"axis":"y","origin":[-16,4,0]},"faces":{"north":{"uv":[0,5,16,7],"texture":"#5"},"east":{"uv":[0,4,16,6],"texture":"#5"},"south":{"uv":[0,5,16,7],"texture":"#5"},"west":{"uv":[0,3,16,8],"texture":"#5"},"up":{"uv":[0,0,16,16],"texture":"#5"},"down":{"uv":[0,0,12,11],"texture":"#5"}}},{"from":[0.3,10.5,0],"to":[15.6,11.5,14],"rotation":{"angle":0,"axis":"y","origin":[-16,4,0]},"faces":{"north":{"uv":[0,5,16,7],"texture":"#5"},"east":{"uv":[0,4,16,6],"texture":"#5"},"south":{"uv":[0,5,16,7],"texture":"#5"},"west":{"uv":[0,3,16,8],"texture":"#5"},"up":{"uv":[0,0,16,16],"texture":"#5"},"down":{"uv":[0,0,12,11],"texture":"#5"}}},{"from":[0.2,0,0],"to":[15.8,2,14],"rotation":{"angle":0,"axis":"y","origin":[-16,4,0]},"faces":{"north":{"uv":[0,3,16,8],"texture":"#5"},"east":{"uv":[0,5,16,8],"texture":"#5"},"south":{"uv":[0,5,16,8],"texture":"#5"},"west":{"uv":[0,3,16,8],"texture":"#5"},"up":{"uv":[0,0,16,16],"texture":"#5"},"down":{"uv":[0,0,12,11],"texture":"#5"}}},{"from":[16,14,0],"to":[32,16,15],"rotation":{"angle":0,"axis":"y","origin":[32,4,0]},"faces":{"north":{"uv":[16,3,8,4],"texture":"#5"},"east":{"uv":[16,2,8,3],"texture":"#5"},"south":{"uv":[16,3,8,4],"texture":"#5"},"west":{"uv":[16,2,8,3],"texture":"#5"},"up":{"uv":[16,0,0,16],"texture":"#5"},"down":{"uv":[16,8,8,16],"texture":"#5"}}},{"from":[15.5,0,0],"to":[29.6,14,14],"rotation":{"angle":0,"axis":"y","origin":[16,4,0]},"faces":{"north":{"uv":[0,0,16,16],"texture":"#5"},"east":{"uv":[0,3,16,8],"texture":"#5"},"south":{"uv":[0,0,16,16],"texture":"#5"},"west":{"uv":[0,3,16,8],"texture":"#5"},"up":{"uv":[0,0,12,11],"texture":"#5"},"down":{"uv":[0,0,12,11],"texture":"#5"}}},{"from":[-13.7,0,0],"to":[0.2,14.2,14],"rotation":{"angle":0,"axis":"y","origin":[16,4,0]},"faces":{"north":{"uv":[0,0,16,16],"texture":"#5"},"east":{"uv":[0,3,16,8],"texture":"#5"},"south":{"uv":[0,0,16,16],"texture":"#5"},"west":{"uv":[0,0,16,16],"texture":"#5"},"up":{"uv":[0,0,12,11],"texture":"#5"},"down":{"uv":[0,0,12,11],"texture":"#5"}}},{"from":[-2.1,5.1,13.5],"to":[-1.7,10.4,14.5],"rotation":{"angle":0,"axis":"y","origin":[-16,4,0]},"faces":{"north":{"uv":[6,0,7.2,1.3],"texture":"#3"},"east":{"uv":[6,0,7,0.3],"texture":"#3"},"south":{"uv":[6,0,7.2,0.3],"texture":"#3"},"west":{"uv":[6,0,7,0.3],"texture":"#3"},"up":{"uv":[6,0,7.2,1],"texture":"#3"},"down":{"uv":[6,0,7.2,1],"texture":"#3"}}},{"from":[29.7,0,0],"to":[32,14,14.9],"rotation":{"angle":0,"axis":"x","origin":[31,4,16]},"faces":{"north":{"uv":[6,7.8,16,8],"rotation":90,"texture":"#5"},"east":{"uv":[0,0,16,16],"texture":"#5"},"south":{"uv":[6,7.8,16,8],"rotation":90,"texture":"#5"},"west":{"uv":[0,4,12.2,6],"rotation":270,"texture":"#5"},"up":{"uv":[0,0,1,2],"texture":"#5"},"down":{"uv":[0,0,1,2],"rotation":180,"texture":"#5"}}},{"from":[-15.9,0,0],"to":[-13.6,14,14.9],"rotation":{"angle":0,"axis":"x","origin":[31,4,16]},"faces":{"north":{"uv":[6,7.8,16,8],"rotation":90,"texture":"#5"},"east":{"uv":[0,0,12.2,2],"rotation":90,"texture":"#5"},"south":{"uv":[6,7.8,16,8],"rotation":90,"texture":"#5"},"west":{"uv":[0,0,16,16],"texture":"#5"},"up":{"uv":[0,0,1,2],"texture":"#5"},"down":{"uv":[0,0,1,2],"rotation":180,"texture":"#5"}}},{"from":[-15.2,1.8,2.4],"to":[-15.2,11.2,11.7],"rotation":{"angle":0,"axis":"x","origin":[31,4,16]},"color":6,"faces":{"north":{"uv":[1,3.8,2,16],"rotation":180,"texture":"#missing"},"east":{"uv":[0,0,16,16],"rotation":90,"texture":"#missing"},"south":{"uv":[1,3.8,2,16],"texture":"#missing"},"west":{"uv":[0,0,16,16],"rotation":270,"texture":"#missing"},"up":{"uv":[0,0,1,2],"texture":"#missing"},"down":{"uv":[0,0,1,2],"rotation":180,"texture":"#missing"}}}],"display":{"thirdperson_righthand":{"rotation":[75,45,0],"translation":[2.25,2.5,0],"scale":[0.1875,0.1875,0.1875]},"thirdperson_lefthand":{"rotation":[75,45,0],"translation":[0,2.5,0],"scale":[0.375,0.375,0.375]},"firstperson_righthand":{"rotation":[0,45,0],"scale":[0.4,0.4,0.4]},"firstperson_lefthand":{"rotation":[0,45,0],"scale":[0.4,0.4,0.4]},"ground":{"translation":[0,2,0],"scale":[0.5,0.5,0.5]},"gui":{"rotation":[30,45,0],"translation":[0.25,-0.6,0],"scale":[0.34375,0.34375,0.34375]},"head":{"translation":[0,-30.4,0],"scale":[1.6,1.6,1.6]},"fixed":{"rotation":[-90,180,0],"translation":[0,0,-14],"scale":[2.01,2.01,2.01]}}}