{"credit":"MadewithBlockbench","textures":{"4":"furnituresplus:furnituresplus/oak_planks","5":"furnituresplus:furnituresplus/oakchisledr"},"elements":[{"from":[0,15,0],"to":[16,16,15.7],"rotation":{"angle":0,"axis":"y","origin":[16,4,0]},"faces":{"north":{"uv":[16,0,8,1],"texture":"#5"},"east":{"uv":[16,0,8,1],"texture":"#5"},"south":{"uv":[16,0,8,1],"texture":"#5"},"west":{"uv":[16,0,8,1],"texture":"#5"},"up":{"uv":[16,0,0,16],"texture":"#5"},"down":{"uv":[16,8,8,16],"texture":"#5"}}},{"from":[0,31,0],"to":[16,32,15.6],"rotation":{"angle":0,"axis":"y","origin":[0,4,0]},"faces":{"north":{"uv":[16,0,8,1],"texture":"#5"},"east":{"uv":[16,0,8,1],"texture":"#5"},"south":{"uv":[16,0,8,1],"texture":"#5"},"west":{"uv":[16,0,8,1],"texture":"#5"},"up":{"uv":[16,0,0,16],"texture":"#5"},"down":{"uv":[16,8,8,16],"texture":"#5"}}},{"from":[0.2,27,0.5],"to":[15.3,31,14.5],"rotation":{"angle":0,"axis":"y","origin":[-16,4,0]},"faces":{"north":{"uv":[0,3,16,8],"texture":"#4"},"east":{"uv":[0,3,16,8],"texture":"#4"},"south":{"uv":[0,3,16,8],"texture":"#4"},"west":{"uv":[0,3,16,8],"texture":"#4"},"up":{"uv":[0,0,12,11],"texture":"#4"},"down":{"uv":[0,0,12,11],"texture":"#4"}}},{"from":[5.6,29.1,14],"to":[9.8,29.4,15],"rotation":{"angle":0,"axis":"y","origin":[-16,4,0]},"faces":{"north":{"uv":[0,0,1.2,1.3],"texture":"#5"},"east":{"uv":[0,0,1,0.3],"texture":"#5"},"south":{"uv":[0,0,1.2,0.3],"texture":"#5"},"west":{"uv":[0,0,1,0.3],"texture":"#5"},"up":{"uv":[0,0,1.2,1],"texture":"#5"},"down":{"uv":[0,0,1.2,1],"texture":"#5"}}},{"from":[2.6,5.1,14],"to":[3,10.4,15],"rotation":{"angle":0,"axis":"y","origin":[-16,4,0]},"faces":{"north":{"uv":[0,0,1.2,1.3],"texture":"#5"},"east":{"uv":[0,0,1,0.3],"texture":"#5"},"south":{"uv":[0,0,1.2,0.3],"texture":"#5"},"west":{"uv":[0,0,1,0.3],"texture":"#5"},"up":{"uv":[0,0,1.2,1],"texture":"#5"},"down":{"uv":[0,0,1.2,1],"texture":"#5"}}},{"from":[1.2,20.8,0.5],"to":[15.3,22.8,14.5],"rotation":{"angle":0,"axis":"y","origin":[-16,4,0]},"faces":{"north":{"uv":[0,3,16,8],"texture":"#4"},"east":{"uv":[0,3,16,8],"texture":"#4"},"south":{"uv":[0,3,16,8],"texture":"#4"},"west":{"uv":[0,3,16,8],"texture":"#4"},"up":{"uv":[0,0,12,11],"texture":"#4"},"down":{"uv":[0,0,12,11],"texture":"#4"}}},{"from":[15,16,0],"to":[16,31,15],"rotation":{"angle":0,"axis":"x","origin":[-1,4,16]},"faces":{"north":{"uv":[1,3.8,2,16],"rotation":180,"texture":"#4"},"east":{"uv":[0,0,16,16],"rotation":270,"texture":"#4"},"south":{"uv":[1,3.8,2,16],"texture":"#4"},"west":{"uv":[0,0,16,16],"rotation":270,"texture":"#4"},"up":{"uv":[0,0,1,2],"texture":"#4"},"down":{"uv":[0,0,1,2],"rotation":180,"texture":"#4"}}},{"from":[0,16,0],"to":[1,31,15],"rotation":{"angle":0,"axis":"x","origin":[-1,4,16]},"faces":{"north":{"uv":[1,3.8,2,16],"rotation":180,"texture":"#4"},"east":{"uv":[0,0,16,16],"rotation":270,"texture":"#4"},"south":{"uv":[1,3.8,2,16],"texture":"#4"},"west":{"uv":[0,0,16,16],"rotation":270,"texture":"#4"},"up":{"uv":[0,0,1,2],"texture":"#4"},"down":{"uv":[0,0,1,2],"rotation":180,"texture":"#4"}}},{"from":[0,0.3,0],"to":[1,15,15],"rotation":{"angle":0,"axis":"x","origin":[-1,4,16]},"faces":{"north":{"uv":[0,3.8,1,16],"rotation":180,"texture":"#5"},"east":{"uv":[0,0,12.2,2],"rotation":90,"texture":"#4"},"south":{"uv":[0,3.8,1,16],"texture":"#5"},"west":{"uv":[0,0,16,16],"rotation":270,"texture":"#4"},"up":{"uv":[0,0,1,2],"texture":"#4"},"down":{"uv":[0,0,1,2],"rotation":180,"texture":"#4"}}},{"from":[15,0.3,0],"to":[16,15,15],"rotation":{"angle":0,"axis":"x","origin":[-1,4,16]},"faces":{"north":{"uv":[0,3.8,1,16],"rotation":180,"texture":"#5"},"east":{"uv":[0,0,16,16],"rotation":270,"texture":"#4"},"south":{"uv":[0,3.8,1,16],"texture":"#5"},"west":{"uv":[0,4,12.2,6],"rotation":270,"texture":"#4"},"up":{"uv":[0,0,1,2],"texture":"#4"},"down":{"uv":[0,0,1,2],"rotation":180,"texture":"#4"}}},{"from":[0.8,0,0.5],"to":[15.3,15,14.5],"rotation":{"angle":0,"axis":"y","origin":[16,4,0]},"faces":{"north":{"uv":[0,0,16,16],"rotation":270,"texture":"#4"},"east":{"uv":[0,3,16,8],"texture":"#5"},"south":{"uv":[0,0,16,16],"texture":"#5"},"west":{"uv":[0,3,16,8],"texture":"#5"},"up":{"uv":[0,0,12,11],"texture":"#5"},"down":{"uv":[0,0,12,11],"texture":"#5"}}}],"display":{"thirdperson_righthand":{"rotation":[75,45,0],"translation":[0,2.5,0],"scale":[0.19922,0.19922,0.19922]},"thirdperson_lefthand":{"rotation":[75,45,0],"translation":[0,2.5,0],"scale":[0.375,0.375,0.375]},"firstperson_righthand":{"rotation":[0,45,0],"scale":[0.4,0.4,0.4]},"firstperson_lefthand":{"rotation":[0,45,0],"scale":[0.4,0.4,0.4]},"ground":{"translation":[0,2,0],"scale":[0.5,0.5,0.5]},"gui":{"rotation":[30,45,0],"translation":[0,-2.85,0],"scale":[0.39258,0.39258,0.39258]},"head":{"translation":[0,-30.4,0],"scale":[1.6,1.6,1.6]},"fixed":{"rotation":[-90,180,0],"translation":[0,0,-14],"scale":[2.01,2.01,2.01]}}}