{"credit":"MadewithBlockbench","texture_size":[32,32],"textures":{"0":"elitecreatures:industrial_kitchen_v1/ik_mixer","particle":"elitecreatures:industrial_kitchen_v1/ik_mixer"},"elements":[{"from":[4,4,4],"to":[12,13,12],"rotation":{"angle":0,"axis":"y","origin":[8,7.75,5.25]},"faces":{"north":{"uv":[4,4.5,8,9],"texture":"#0"},"east":{"uv":[4,4.5,8,9],"texture":"#0"},"south":{"uv":[4,4.5,8,9],"texture":"#0"},"west":{"uv":[0,0,4,4.5],"texture":"#0"},"up":{"uv":[12,4,8,0],"rotation":270,"texture":"#0"},"down":{"uv":[12,4,8,8],"rotation":90,"texture":"#0"}}},{"from":[2,6,7.5],"to":[3,11,8.5],"rotation":{"angle":0,"axis":"y","origin":[8,7.75,5.25]},"faces":{"north":{"uv":[10.5,12,10,14.5],"texture":"#0"},"east":{"uv":[12,9,12.5,11.5],"texture":"#0"},"south":{"uv":[10,12,10.5,14.5],"texture":"#0"},"west":{"uv":[7,9,7.5,11.5],"texture":"#0"},"up":{"uv":[7.5,12,7,11.5],"rotation":270,"texture":"#0"},"down":{"uv":[8,11.5,7.5,12],"rotation":90,"texture":"#0"}}},{"from":[3,6,7.5],"to":[4,7,8.5],"rotation":{"angle":0,"axis":"y","origin":[8,7.75,5.25]},"faces":{"north":{"uv":[11,12,11.5,12.5],"texture":"#0"},"east":{"uv":[11.5,12,12,12.5],"texture":"#0"},"south":{"uv":[12,11.5,12.5,12],"texture":"#0"},"west":{"uv":[10.5,12,11,12.5],"texture":"#0"},"up":{"uv":[12.5,12.5,12,12],"rotation":270,"texture":"#0"},"down":{"uv":[13,9,12.5,9.5],"rotation":90,"texture":"#0"}}},{"from":[3,10,7.5],"to":[4,11,8.5],"rotation":{"angle":0,"axis":"y","origin":[8,7.75,5.25]},"faces":{"north":{"uv":[12.5,10,13,10.5],"texture":"#0"},"east":{"uv":[10.5,12.5,11,13],"texture":"#0"},"south":{"uv":[12.5,10.5,13,11],"texture":"#0"},"west":{"uv":[12.5,9.5,13,10],"texture":"#0"},"up":{"uv":[11.5,13,11,12.5],"rotation":270,"texture":"#0"},"down":{"uv":[13,11,12.5,11.5],"rotation":90,"texture":"#0"}}},{"from":[4,13,4],"to":[12,14,12],"rotation":{"angle":0,"axis":"y","origin":[8,7.75,5.25]},"faces":{"north":{"uv":[12,7.5,16,8],"texture":"#0"},"east":{"uv":[12,8,16,8.5],"texture":"#0"},"south":{"uv":[12,8.5,16,9],"texture":"#0"},"west":{"uv":[12,7,16,7.5],"texture":"#0"},"up":{"uv":[12,12,8,8],"rotation":270,"texture":"#0"},"down":{"uv":[4,9,0,13],"rotation":90,"texture":"#0"}}},{"from":[5,0,5],"to":[11,4,11],"rotation":{"angle":0,"axis":"y","origin":[8,7.75,5.25]},"faces":{"north":{"uv":[12,5,15,7],"texture":"#0"},"east":{"uv":[12,5,15,7],"texture":"#0"},"south":{"uv":[7,12,10,14],"texture":"#0"},"west":{"uv":[12,5,15,7],"texture":"#0"},"up":{"uv":[7,12,4,9],"rotation":270,"texture":"#0"},"down":{"uv":[15,0,12,3],"rotation":90,"texture":"#0"}}}],"gui_light":"front","display":{"gui":{"rotation":[41.25,34.75,0],"translation":[0.5,0.25,0],"scale":[0.75,0.75,0.75]},"head":{"rotation":[-180,90,-180],"translation":[0,-34,0.25],"scale":[1.11,1.11,1.11]}}}