{"credit":"MadewithBlockbench","texture_size":[64,64],"textures":{"0":"bedroom:bedroom_mirror","particle":"bedroom:bedroom_mirror"},"elements":[{"from":[2,0,14],"to":[14,1,16],"faces":{"north":{"uv":[0.5,7,3.5,7.25],"texture":"#0"},"east":{"uv":[0,7,0.5,7.25],"texture":"#0"},"south":{"uv":[4,7,7,7.25],"texture":"#0"},"west":{"uv":[3.5,7,4,7.25],"texture":"#0"},"up":{"uv":[3.5,7,0.5,6.5],"texture":"#0"},"down":{"uv":[6.5,6.5,3.5,7],"texture":"#0"}}},{"from":[2,1,14.5],"to":[14,21,15.5],"faces":{"north":{"uv":[0.25,0.25,3.25,5.25],"texture":"#0"},"east":{"uv":[0,0.25,0.25,5.25],"texture":"#0"},"south":{"uv":[3.5,0.25,6.5,5.25],"texture":"#0"},"west":{"uv":[3.25,0.25,3.5,5.25],"texture":"#0"},"up":{"uv":[3.25,0.25,0.25,0],"texture":"#0"},"down":{"uv":[6.25,0,3.25,0.25],"texture":"#0"}}},{"from":[2,21,14],"to":[14,22,16],"faces":{"north":{"uv":[0.5,6,3.5,6.25],"texture":"#0"},"east":{"uv":[0,6,0.5,6.25],"texture":"#0"},"south":{"uv":[4,6,7,6.25],"texture":"#0"},"west":{"uv":[3.5,6,4,6.25],"texture":"#0"},"up":{"uv":[3.5,6,0.5,5.5],"texture":"#0"},"down":{"uv":[6.5,5.5,3.5,6],"texture":"#0"}}},{"from":[1,0,14],"to":[2,22,16],"faces":{"north":{"uv":[7.75,0.5,8,6],"texture":"#0"},"east":{"uv":[7.25,0.5,7.75,6],"texture":"#0"},"south":{"uv":[8.5,0.5,8.75,6],"texture":"#0"},"west":{"uv":[8,0.5,8.5,6],"texture":"#0"},"up":{"uv":[8,0.5,7.75,0],"texture":"#0"},"down":{"uv":[8.25,0,8,0.5],"texture":"#0"}}},{"from":[14,0,14],"to":[15,22,16],"faces":{"north":{"uv":[7.25,7.5,7.5,13],"texture":"#0"},"east":{"uv":[6.75,7.5,7.25,13],"texture":"#0"},"south":{"uv":[8,7.5,8.25,13],"texture":"#0"},"west":{"uv":[7.5,7.5,8,13],"texture":"#0"},"up":{"uv":[7.5,7.5,7.25,7],"texture":"#0"},"down":{"uv":[7.75,7,7.5,7.5],"texture":"#0"}}}],"display":{"thirdperson_righthand":{"rotation":[60,-160,0],"translation":[-1.5,2.75,-4.5],"scale":[-0.6,0.6,-0.6]},"thirdperson_lefthand":{"rotation":[60,-160,0],"translation":[-1.5,2.75,-4.5],"scale":[-0.6,0.6,-0.6]},"firstperson_righthand":{"rotation":[0,-73,6],"translation":[-2,-2.5,0],"scale":[-0.6,0.6,-0.6]},"firstperson_lefthand":{"rotation":[0,-73,6],"translation":[-2,-2.5,0],"scale":[-0.6,0.6,-0.6]},"ground":{"translation":[0,1.5,-2.25],"scale":[0.35,0.35,0.35]},"gui":{"rotation":[30,-40,0],"translation":[-2.5,-3,0],"scale":[-0.55,0.55,-0.55]},"head":{"translation":[0,-30.4,0],"scale":[-1.6,1.6,-1.6]},"fixed":{"rotation":[90,0,0],"translation":[0,0,-16],"scale":[2,2,2]}}}