{"credit":"MadewithBlockbench","texture_size":[128,128],"textures":{"0":"bedroom:bedroom_carpet","particle":"bedroom:bedroom_carpet"},"elements":[{"from":[0,0,1],"to":[16,1,31],"faces":{"north":{"uv":[3.75,3.75,5.75,3.875],"texture":"#0"},"east":{"uv":[0,3.75,3.75,3.875],"texture":"#0"},"south":{"uv":[9.5,3.75,11.5,3.875],"texture":"#0"},"west":{"uv":[5.75,3.75,9.5,3.875],"texture":"#0"},"up":{"uv":[5.75,3.75,3.75,0],"texture":"#0"},"down":{"uv":[7.75,0,5.75,3.75],"texture":"#0"}}},{"from":[0,0.1,0],"to":[16,0.1,1],"faces":{"north":{"uv":[0.125,4.375,2.125,4.375],"texture":"#0"},"east":{"uv":[0,4.375,0.125,4.375],"texture":"#0"},"south":{"uv":[2.25,4.375,4.25,4.375],"texture":"#0"},"west":{"uv":[2.125,4.375,2.25,4.375],"texture":"#0"},"up":{"uv":[2.125,4.375,0.125,4.25],"texture":"#0"},"down":{"uv":[4.125,4.25,2.125,4.375],"texture":"#0"}}},{"from":[0,0.1,31],"to":[16,0.1,32],"faces":{"north":{"uv":[0.125,4.125,2.125,4.125],"texture":"#0"},"east":{"uv":[0,4.125,0.125,4.125],"texture":"#0"},"south":{"uv":[2.25,4.125,4.25,4.125],"texture":"#0"},"west":{"uv":[2.125,4.125,2.25,4.125],"texture":"#0"},"up":{"uv":[2.125,4.125,0.125,4],"texture":"#0"},"down":{"uv":[4.125,4,2.125,4.125],"texture":"#0"}}}],"display":{"thirdperson_righthand":{"rotation":[60,-90,0],"translation":[-4.75,6,2.75],"scale":[-0.6,0.6,-0.6]},"thirdperson_lefthand":{"rotation":[60,-90,0],"translation":[-4.75,6,2.75],"scale":[-0.6,0.6,-0.6]},"firstperson_righthand":{"rotation":[0,-73,6],"translation":[-0.75,3.75,1.5],"scale":[-0.4,0.4,-0.4]},"firstperson_lefthand":{"rotation":[0,-73,6],"translation":[-0.75,3.75,1.5],"scale":[-0.4,0.4,-0.4]},"ground":{"translation":[0,1.5,-3],"scale":[0.35,0.35,0.35]},"gui":{"rotation":[30,-40,0],"translation":[-2.25,1.25,0],"scale":[-0.45,0.45,-0.45]},"head":{"rotation":[0,-90,0],"translation":[0,-30.4,0],"scale":[-1.6,1.6,-1.6]},"fixed":{"rotation":[90,0,0],"translation":[0,0,-16],"scale":[2,2,2]}}}