{"credit":"MadewithBlockbench","texture_size":[128,128],"textures":{"0":"jeqo:dragon_set/purple/purple_dragon_crate"},"elements":[{"from":[-3,8.9,-1],"to":[19,12.9,17],"rotation":{"angle":22.5,"axis":"x","origin":[8,8.9,17]},"faces":{"north":{"uv":[5.5,3.75,8.25,4.25],"texture":"#0"},"east":{"uv":[6.75,6.25,9,6.75],"texture":"#0"},"south":{"uv":[1.75,6.375,4.5,6.875],"texture":"#0"},"west":{"uv":[6.75,6.75,9,7.25],"texture":"#0"},"up":{"uv":[5.5,2.25,2.75,0],"texture":"#0"},"down":{"uv":[5.5,2.25,2.75,4.5],"texture":"#0"}}},{"from":[15,13.19191,2.45045],"to":[15,28.19191,22.45045],"rotation":{"angle":22.5,"axis":"y","origin":[15,15.19191,7.45045]},"faces":{"north":{"uv":[0,0,0,1.875],"texture":"#0"},"east":{"uv":[0,4.5,2.5,6.375],"texture":"#0"},"south":{"uv":[0,0,0,1.875],"texture":"#0"},"west":{"uv":[2.5,4.5,5,6.375],"texture":"#0"},"up":{"uv":[0,2.5,0,0],"texture":"#0"},"down":{"uv":[0,0,0,2.5],"texture":"#0"}}},{"from":[12,10.19191,6.45045],"to":[12,25.19191,26.45045],"rotation":{"angle":22.5,"axis":"y","origin":[12,12.19191,11.45045]},"faces":{"north":{"uv":[0,0,0,1.875],"texture":"#0"},"east":{"uv":[0,4.5,2.5,6.375],"texture":"#0"},"south":{"uv":[0,0,0,1.875],"texture":"#0"},"west":{"uv":[2.5,4.5,5,6.375],"texture":"#0"},"up":{"uv":[0,2.5,0,0],"texture":"#0"},"down":{"uv":[0,0,0,2.5],"texture":"#0"}}},{"from":[1,13.19191,2.45045],"to":[1,28.19191,22.45045],"rotation":{"angle":-22.5,"axis":"y","origin":[1,15.19191,7.45045]},"faces":{"north":{"uv":[0,0,0,1.875],"texture":"#0"},"east":{"uv":[5,4.5,2.5,6.375],"texture":"#0"},"south":{"uv":[0,0,0,1.875],"texture":"#0"},"west":{"uv":[2.5,4.5,0,6.375],"texture":"#0"},"up":{"uv":[0,2.5,0,0],"texture":"#0"},"down":{"uv":[0,0,0,2.5],"texture":"#0"}}},{"from":[4,10.19191,6.45045],"to":[4,25.19191,26.45045],"rotation":{"angle":-22.5,"axis":"y","origin":[4,12.19191,11.45045]},"faces":{"north":{"uv":[0,0,0,1.875],"texture":"#0"},"east":{"uv":[5,4.5,2.5,6.375],"texture":"#0"},"south":{"uv":[0,0,0,1.875],"texture":"#0"},"west":{"uv":[2.5,4.5,0,6.375],"texture":"#0"},"up":{"uv":[0,2.5,0,0],"texture":"#0"},"down":{"uv":[0,0,0,2.5],"texture":"#0"}}},{"name":"extra","from":[7,8.9,20.5],"to":[9,10.9,24.5],"rotation":{"angle":22.5,"axis":"x","origin":[8,9.9,17.5]},"faces":{"north":{"uv":[6.5,4.25,6.75,4.5],"texture":"#0"},"east":{"uv":[5.5,4.25,6,4.5],"texture":"#0"},"south":{"uv":[6.75,4.25,7,4.5],"texture":"#0"},"west":{"uv":[6,4.25,6.5,4.5],"texture":"#0"},"up":{"uv":[5.625,9,5.375,8.5],"texture":"#0"},"down":{"uv":[5.875,8.5,5.625,9],"texture":"#0"}}},{"name":"extra","from":[6,7.9,17.5],"to":[10,11.9,20.5],"rotation":{"angle":22.5,"axis":"x","origin":[8,9.9,17.5]},"faces":{"north":{"uv":[8.375,0.5,8.875,1],"texture":"#0"},"east":{"uv":[7.25,8.375,7.625,8.875],"texture":"#0"},"south":{"uv":[8.375,1,8.875,1.5],"texture":"#0"},"west":{"uv":[1.5,8.5,1.875,9],"texture":"#0"},"up":{"uv":[8.875,3.125,8.375,2.75],"texture":"#0"},"down":{"uv":[2.375,8.5,1.875,8.875],"texture":"#0"}}},{"name":"extra","from":[6.5,18.65,11.75],"to":[9.5,23.65,14.75],"rotation":{"angle":45,"axis":"x","origin":[8,13.65,13.25]},"faces":{"north":{"uv":[8.375,1.5,8.75,2.125],"texture":"#0"},"east":{"uv":[8.375,2.125,8.75,2.75],"texture":"#0"},"south":{"uv":[6.5,8.375,6.875,9],"texture":"#0"},"west":{"uv":[6.875,8.375,7.25,9],"texture":"#0"},"up":{"uv":[2.75,8.875,2.375,8.5],"texture":"#0"},"down":{"uv":[3.125,8.5,2.75,8.875],"texture":"#0"}}},{"name":"extra","from":[5.5,13.65,10.75],"to":[10.5,18.65,15.75],"rotation":{"angle":45,"axis":"x","origin":[8,13.65,13.25]},"faces":{"north":{"uv":[7.625,7.5,8.25,8.125],"texture":"#0"},"east":{"uv":[7.75,0,8.375,0.625],"texture":"#0"},"south":{"uv":[7.75,0.625,8.375,1.25],"texture":"#0"},"west":{"uv":[7.75,1.25,8.375,1.875],"texture":"#0"},"up":{"uv":[8.375,2.5,7.75,1.875],"texture":"#0"},"down":{"uv":[8.375,2.5,7.75,3.125],"texture":"#0"}}},{"from":[7,15.9,2.5],"to":[9,19.9,4.5],"rotation":{"angle":22.5,"axis":"x","origin":[8,8.9,17]},"faces":{"north":{"uv":[5.875,8.5,6.125,9],"texture":"#0"},"east":{"uv":[6.125,8.5,6.375,9],"texture":"#0"},"south":{"uv":[7.625,8.625,7.875,9.125],"texture":"#0"},"west":{"uv":[7.875,8.625,8.125,9.125],"texture":"#0"},"up":{"uv":[7.25,4.5,7,4.25],"texture":"#0"},"down":{"uv":[1.75,7.375,1.5,7.625],"texture":"#0"}}},{"from":[6.5,12.9,2],"to":[9.5,15.9,5],"rotation":{"angle":22.5,"axis":"x","origin":[8,8.9,17]},"faces":{"north":{"uv":[3.125,8.5,3.5,8.875],"texture":"#0"},"east":{"uv":[3.5,8.5,3.875,8.875],"texture":"#0"},"south":{"uv":[3.875,8.5,4.25,8.875],"texture":"#0"},"west":{"uv":[4.25,8.5,4.625,8.875],"texture":"#0"},"up":{"uv":[5,8.875,4.625,8.5],"texture":"#0"},"down":{"uv":[5.375,8.5,5,8.875],"texture":"#0"}}},{"from":[-2.5,5.9,-1],"to":[18.5,8.9,-1],"rotation":{"angle":22.5,"axis":"x","origin":[7.5,8.9,17]},"faces":{"north":{"uv":[1.75,6.875,4.375,7.25],"texture":"#0"},"east":{"uv":[0,0,0,0.375],"texture":"#0"},"south":{"uv":[1.75,7.25,4.375,7.625],"texture":"#0"},"west":{"uv":[0,0,0,0.375],"texture":"#0"},"up":{"uv":[2.625,0,0,0],"texture":"#0"},"down":{"uv":[2.625,0,0,0],"texture":"#0"}}},{"from":[-3,5.9,-1],"to":[-3,8.9,17],"rotation":{"angle":22.5,"axis":"x","origin":[8,8.9,17]},"faces":{"north":{"uv":[0,0,0,0.375],"texture":"#0"},"east":{"uv":[7.25,4.25,9.5,4.625],"texture":"#0"},"south":{"uv":[0,0,0,0.375],"texture":"#0"},"west":{"uv":[4.375,7.25,6.625,7.625],"texture":"#0"},"up":{"uv":[0,2.25,0,0],"texture":"#0"},"down":{"uv":[0,0,0,2.25],"texture":"#0"}}},{"from":[19,5.9,-1],"to":[19,8.9,17],"rotation":{"angle":22.5,"axis":"x","origin":[8,8.9,17]},"faces":{"north":{"uv":[0,0,0,0.375],"texture":"#0"},"east":{"uv":[7.25,4.625,9.5,5],"texture":"#0"},"south":{"uv":[0,0,0,0.375],"texture":"#0"},"west":{"uv":[7.25,5,9.5,5.375],"texture":"#0"},"up":{"uv":[0,2.25,0,0],"texture":"#0"},"down":{"uv":[0,0,0,2.25],"texture":"#0"}}},{"from":[-3,9,0],"to":[19,10,0],"rotation":{"angle":0,"axis":"x","origin":[-14,9,16.16667]},"faces":{"north":{"uv":[7.25,6.125,10,6.25],"texture":"#0"},"east":{"uv":[0,0,0,0.125],"texture":"#0"},"south":{"uv":[7.75,3.125,10.5,3.25],"texture":"#0"},"west":{"uv":[0,0,0,0.125],"texture":"#0"},"up":{"uv":[2.75,0,0,0],"texture":"#0"},"down":{"uv":[2.75,0,0,0],"texture":"#0"}}},{"from":[18,9,-1],"to":[18,10,17],"rotation":{"angle":0,"axis":"x","origin":[7,9,15.16667]},"faces":{"north":{"uv":[0,0,0,0.125],"texture":"#0"},"east":{"uv":[7.75,3.25,10,3.375],"texture":"#0"},"south":{"uv":[0,0,0,0.125],"texture":"#0"},"west":{"uv":[7.75,3.375,10,3.5],"texture":"#0"},"up":{"uv":[0,2.25,0,0],"texture":"#0"},"down":{"uv":[0,0,0,2.25],"texture":"#0"}}},{"from":[-2.95,7,-0.975],"to":[18.95,9,16.975],"rotation":{"angle":0,"axis":"x","origin":[8,7,15.16667]},"faces":{"north":{"uv":[7.25,5.375,10,5.625],"texture":"#0"},"east":{"uv":[7.25,5.875,9.5,6.125],"texture":"#0"},"south":{"uv":[7.25,5.625,10,5.875],"texture":"#0"},"west":{"uv":[6.625,7.25,8.875,7.5],"texture":"#0"},"up":{"uv":[2.75,2.25,0,0],"texture":"#0"},"down":{"uv":[2.75,2.25,0,4.5],"texture":"#0"}}},{"from":[-2,9,-1],"to":[-2,10,17],"rotation":{"angle":0,"axis":"x","origin":[-13,9,15.16667]},"faces":{"north":{"uv":[0,0,0,0.125],"texture":"#0"},"east":{"uv":[7.75,3.5,10,3.625],"texture":"#0"},"south":{"uv":[0,0,0,0.125],"texture":"#0"},"west":{"uv":[7.75,3.625,10,3.75],"texture":"#0"},"up":{"uv":[0,2.25,0,0],"texture":"#0"},"down":{"uv":[0,0,0,2.25],"texture":"#0"}}},{"from":[-2,0,0],"to":[2,7,4],"faces":{"north":{"uv":[4.5,6.375,5,7.25],"texture":"#0"},"east":{"uv":[0,7.375,0.5,8.25],"texture":"#0"},"south":{"uv":[0.5,7.375,1,8.25],"texture":"#0"},"west":{"uv":[1,7.375,1.5,8.25],"texture":"#0"},"up":{"uv":[8.125,8.625,7.625,8.125],"texture":"#0"},"down":{"uv":[8.625,8.125,8.125,8.625],"texture":"#0"}}},{"from":[-2,0,12],"to":[2,7,16],"faces":{"north":{"uv":[6.625,7.5,7.125,8.375],"texture":"#0"},"east":{"uv":[7.125,7.5,7.625,8.375],"texture":"#0"},"south":{"uv":[1.5,7.625,2,8.5],"texture":"#0"},"west":{"uv":[2,7.625,2.5,8.5],"texture":"#0"},"up":{"uv":[0.5,8.75,0,8.25],"texture":"#0"},"down":{"uv":[1,8.25,0.5,8.75],"texture":"#0"}}},{"from":[14,0,0],"to":[18,7,4],"faces":{"north":{"uv":[2.5,7.625,3,8.5],"texture":"#0"},"east":{"uv":[3,7.625,3.5,8.5],"texture":"#0"},"south":{"uv":[3.5,7.625,4,8.5],"texture":"#0"},"west":{"uv":[4,7.625,4.5,8.5],"texture":"#0"},"up":{"uv":[1.5,8.75,1,8.25],"texture":"#0"},"down":{"uv":[8.75,3.75,8.25,4.25],"texture":"#0"}}},{"from":[14,0,12],"to":[18,7,16],"faces":{"north":{"uv":[4.5,7.625,5,8.5],"texture":"#0"},"east":{"uv":[5,7.625,5.5,8.5],"texture":"#0"},"south":{"uv":[5.5,7.625,6,8.5],"texture":"#0"},"west":{"uv":[6,7.625,6.5,8.5],"texture":"#0"},"up":{"uv":[8.75,8,8.25,7.5],"texture":"#0"},"down":{"uv":[8.875,0,8.375,0.5],"texture":"#0"}}},{"from":[-1,0.025,1],"to":[17,8.025,15],"faces":{"north":{"uv":[5.5,1.75,7.75,2.75],"texture":"#0"},"east":{"uv":[5,6.25,6.75,7.25],"texture":"#0"},"south":{"uv":[5.5,2.75,7.75,3.75],"texture":"#0"},"west":{"uv":[0,6.375,1.75,7.375],"texture":"#0"},"up":{"uv":[7.25,6.25,5,4.5],"texture":"#0"},"down":{"uv":[7.75,0,5.5,1.75],"texture":"#0"}}},{"from":[-3,0.025,10],"to":[-1,3.025,10],"rotation":{"angle":0,"axis":"x","origin":[0,0,2]},"faces":{"north":{"uv":[8.75,2.25,9,2.625],"texture":"#0"},"east":{"uv":[0,0,0,0.375],"texture":"#0"},"south":{"uv":[8.75,3.75,9,4.125],"texture":"#0"},"west":{"uv":[0,0,0,0.375],"texture":"#0"},"up":{"uv":[0.25,0,0,0],"texture":"#0"},"down":{"uv":[0.25,0,0,0],"texture":"#0"}}},{"from":[-3,0.025,6],"to":[-1,3.025,6],"rotation":{"angle":0,"axis":"x","origin":[0,0,-2]},"faces":{"north":{"uv":[8.75,7.5,9,7.875],"texture":"#0"},"east":{"uv":[0,0,0,0.375],"texture":"#0"},"south":{"uv":[8.625,8.75,8.875,9.125],"texture":"#0"},"west":{"uv":[0,0,0,0.375],"texture":"#0"},"up":{"uv":[0.25,0,0,0],"texture":"#0"},"down":{"uv":[0.25,0,0,0],"texture":"#0"}}},{"from":[17,0.025,10],"to":[19,3.025,10],"rotation":{"angle":0,"axis":"x","origin":[20,0,2]},"faces":{"north":{"uv":[8.875,0.75,9.125,1.125],"texture":"#0"},"east":{"uv":[0,0,0,0.375],"texture":"#0"},"south":{"uv":[8.875,1.125,9.125,1.5],"texture":"#0"},"west":{"uv":[0,0,0,0.375],"texture":"#0"},"up":{"uv":[0.25,0,0,0],"texture":"#0"},"down":{"uv":[0.25,0,0,0],"texture":"#0"}}},{"from":[17,0.025,6],"to":[19,3.025,6],"rotation":{"angle":0,"axis":"x","origin":[20,0,-2]},"faces":{"north":{"uv":[8.875,0,9.125,0.375],"texture":"#0"},"east":{"uv":[0,0,0,0.375],"texture":"#0"},"south":{"uv":[8.875,0.375,9.125,0.75],"texture":"#0"},"west":{"uv":[0,0,0,0.375],"texture":"#0"},"up":{"uv":[0.25,0,0,0],"texture":"#0"},"down":{"uv":[0.25,0,0,0],"texture":"#0"}}},{"from":[8,0.025,-1],"to":[8,3.025,1],"faces":{"north":{"uv":[0,0,0,0.375],"texture":"#0"},"east":{"uv":[8.625,8,8.875,8.375],"texture":"#0"},"south":{"uv":[0,0,0,0.375],"texture":"#0"},"west":{"uv":[8.125,8.625,8.375,9],"texture":"#0"},"up":{"uv":[0,0.25,0,0],"texture":"#0"},"down":{"uv":[0,0,0,0.25],"texture":"#0"}}},{"from":[12,0.025,-1],"to":[12,3.025,1],"rotation":{"angle":0,"axis":"x","origin":[4,0,0]},"faces":{"north":{"uv":[0,0,0,0.375],"texture":"#0"},"east":{"uv":[8.375,8.625,8.625,9],"texture":"#0"},"south":{"uv":[0,0,0,0.375],"texture":"#0"},"west":{"uv":[8.625,8.375,8.875,8.75],"texture":"#0"},"up":{"uv":[0,0.25,0,0],"texture":"#0"},"down":{"uv":[0,0,0,0.25],"texture":"#0"}}},{"from":[4,0.025,-1],"to":[4,3.025,1],"rotation":{"angle":0,"axis":"x","origin":[-4,0,0]},"faces":{"north":{"uv":[0,0,0,0.375],"texture":"#0"},"east":{"uv":[0,8.75,0.25,9.125],"texture":"#0"},"south":{"uv":[0,0,0,0.375],"texture":"#0"},"west":{"uv":[0.25,8.75,0.5,9.125],"texture":"#0"},"up":{"uv":[0,0.25,0,0],"texture":"#0"},"down":{"uv":[0,0,0,0.25],"texture":"#0"}}},{"from":[4,0.025,15],"to":[4,3.025,17],"rotation":{"angle":0,"axis":"x","origin":[-4,0,16]},"faces":{"north":{"uv":[0,0,0,0.375],"texture":"#0"},"east":{"uv":[8.75,1.5,9,1.875],"texture":"#0"},"south":{"uv":[0,0,0,0.375],"texture":"#0"},"west":{"uv":[8.75,1.875,9,2.25],"texture":"#0"},"up":{"uv":[0,0.25,0,0],"texture":"#0"},"down":{"uv":[0,0,0,0.25],"texture":"#0"}}},{"from":[8,0.025,15],"to":[8,3.025,17],"rotation":{"angle":0,"axis":"x","origin":[0,0,16]},"faces":{"north":{"uv":[0,0,0,0.375],"texture":"#0"},"east":{"uv":[1,8.75,1.25,9.125],"texture":"#0"},"south":{"uv":[0,0,0,0.375],"texture":"#0"},"west":{"uv":[1.25,8.75,1.5,9.125],"texture":"#0"},"up":{"uv":[0,0.25,0,0],"texture":"#0"},"down":{"uv":[0,0,0,0.25],"texture":"#0"}}},{"from":[12,0.025,15],"to":[12,3.025,17],"rotation":{"angle":0,"axis":"x","origin":[4,0,16]},"faces":{"north":{"uv":[0,0,0,0.375],"texture":"#0"},"east":{"uv":[0.5,8.75,0.75,9.125],"texture":"#0"},"south":{"uv":[0,0,0,0.375],"texture":"#0"},"west":{"uv":[0.75,8.75,1,9.125],"texture":"#0"},"up":{"uv":[0,0.25,0,0],"texture":"#0"},"down":{"uv":[0,0,0,0.25],"texture":"#0"}}}],"gui_light":"front","display":{"thirdperson_righthand":{"rotation":[59.45,15.87,2.22],"translation":[0,4.25,0],"scale":[0.5,0.5,0.5]},"thirdperson_lefthand":{"rotation":[59.45,15.87,2.22],"translation":[0,4.25,0],"scale":[0.5,0.5,0.5]},"firstperson_righthand":{"rotation":[-167.36,55.77,164.26],"translation":[2,2,0],"scale":[0.4,0.4,0.4]},"firstperson_lefthand":{"rotation":[-167.36,55.77,164.26],"translation":[2,2,0],"scale":[0.4,0.4,0.4]},"ground":{"translation":[0,2.5,0],"scale":[0.5,0.5,0.5]},"gui":{"rotation":[0,-180,0],"translation":[0,-2.25,0],"scale":[0.7,0.7,0.7]},"head":{"translation":[0,-30.45,0],"scale":[1.6,1.6,1.6]},"fixed":{"rotation":[-90,-180,0],"translation":[0,0,-17],"scale":[2,2,2]}},"groups":[{"name":"group","origin":[0,0,0],"color":0,"children":[{"name":"top","origin":[8,10,15.16667],"color":0,"children":[0,1,2,3,4,{"name":"group","origin":[8,9,17],"color":0,"children":[5,6,7,8,9,10]},{"name":"teeth","origin":[8,9,17],"color":0,"children":[11,12,13]}]},{"name":"bottom","origin":[-13,9,15.16667],"color":0,"children":[14,15,16,17]}]},{"name":"group","origin":[0,0,0],"color":0,"children":[18,19,20,21,22,23,24,25,26,27,28,29,30,31,32]}]}