{"credit":"MadewithBlockbench","texture_size":[64,64],"textures":{"0":"jeqo:dragon_set/purple/purple_dragon_hoe"},"elements":[{"from":[6,1,6],"to":[10,5,10],"rotation":{"angle":-45,"axis":"x","origin":[8,3,8]},"faces":{"north":{"uv":[0,6.5,1,7.5],"texture":"#0"},"east":{"uv":[6.5,0,7.5,1],"texture":"#0"},"south":{"uv":[2.5,6.75,3.5,7.75],"texture":"#0"},"west":{"uv":[6.75,3.75,7.75,4.75],"texture":"#0"},"up":{"uv":[7.75,5.75,6.75,4.75],"texture":"#0"},"down":{"uv":[8,1,7,2],"texture":"#0"}}},{"from":[7,5,7],"to":[9,19,9],"rotation":{"angle":0,"axis":"y","origin":[7,14,16]},"faces":{"north":{"uv":[4.5,0,5,3.5],"texture":"#0"},"east":{"uv":[1,4.5,1.5,8],"texture":"#0"},"south":{"uv":[1.5,4.5,2,8],"texture":"#0"},"west":{"uv":[2,4.5,2.5,8],"texture":"#0"},"up":{"uv":[7,1.5,6.5,1],"texture":"#0"},"down":{"uv":[4,6.75,3.5,7.25],"texture":"#0"}}},{"from":[6.75,7,6.75],"to":[9.25,16,9.25],"rotation":{"angle":0,"axis":"y","origin":[7,14,16]},"faces":{"north":{"uv":[2.5,4.5,3.25,6.75],"texture":"#0"},"east":{"uv":[3.25,4.5,4,6.75],"texture":"#0"},"south":{"uv":[5,0,5.75,2.25],"texture":"#0"},"west":{"uv":[5,2.25,5.75,4.5],"texture":"#0"},"up":{"uv":[6.5,4.5,5.75,3.75],"texture":"#0"},"down":{"uv":[8,8,7.25,8.75],"texture":"#0"}}},{"from":[5.5,19,6],"to":[10.5,23,10],"rotation":{"angle":45,"axis":"x","origin":[8,21,8]},"faces":{"north":{"uv":[5.75,1.75,7,2.75],"texture":"#0"},"east":{"uv":[7,2,8,3],"texture":"#0"},"south":{"uv":[5.75,2.75,7,3.75],"texture":"#0"},"west":{"uv":[4.75,7,5.75,8],"texture":"#0"},"up":{"uv":[6,7,4.75,6],"texture":"#0"},"down":{"uv":[7.25,6,6,7],"texture":"#0"}}},{"from":[6,21,4],"to":[10,25,12],"rotation":{"angle":0,"axis":"y","origin":[7,22,16]},"faces":{"north":{"uv":[5.75,7,6.75,8],"texture":"#0"},"east":{"uv":[0,3.5,2,4.5],"texture":"#0"},"south":{"uv":[6.75,7,7.75,8],"texture":"#0"},"west":{"uv":[2,3.5,4,4.5],"texture":"#0"},"up":{"uv":[5,5.5,4,3.5],"texture":"#0"},"down":{"uv":[1,4.5,0,6.5],"texture":"#0"}}},{"from":[6.5,20,0],"to":[9.5,23,7],"rotation":{"angle":0,"axis":"z","origin":[6.5,12,4]},"faces":{"north":{"uv":[8,8,8.75,8.75],"texture":"#0"},"east":{"uv":[5,4.5,6.75,5.25],"texture":"#0"},"south":{"uv":[8.25,3,9,3.75],"texture":"#0"},"west":{"uv":[5,5.25,6.75,6],"texture":"#0"},"up":{"uv":[4.75,7.25,4,5.5],"texture":"#0"},"down":{"uv":[6.5,0,5.75,1.75],"texture":"#0"}}},{"from":[7,18.8934,1.32843],"to":[9,20.8934,8.32843],"rotation":{"angle":-45,"axis":"x","origin":[7,11.3934,2.82843]},"faces":{"north":{"uv":[2,8.5,2.5,9],"texture":"#0"},"east":{"uv":[7.75,7,9.5,7.5],"texture":"#0"},"south":{"uv":[8.5,4.5,9,5],"texture":"#0"},"west":{"uv":[7.75,7.5,9.5,8],"texture":"#0"},"up":{"uv":[1.25,9.75,0.75,8],"texture":"#0"},"down":{"uv":[8.5,0.75,8,2.5],"texture":"#0"}}},{"from":[7.5,18.73223,-4.81802],"to":[8.5,21.73223,-3.81802],"rotation":{"angle":-45,"axis":"x","origin":[7,20.23223,3.18198]},"faces":{"north":{"uv":[6.5,3.75,6.75,4.5],"texture":"#0"},"east":{"uv":[6,8.5,6.25,9.25],"texture":"#0"},"south":{"uv":[8.5,6,8.75,6.75],"texture":"#0"},"west":{"uv":[6.25,8.5,6.5,9.25],"texture":"#0"},"up":{"uv":[5,5.75,4.75,5.5],"texture":"#0"},"down":{"uv":[5,5.75,4.75,6],"texture":"#0"}}},{"from":[6.5,18.88686,8.4312],"to":[9.5,21.88686,13.4312],"rotation":{"angle":0,"axis":"y","origin":[8,19.38686,10.9312]},"faces":{"north":{"uv":[8.5,0.75,9.25,1.5],"texture":"#0"},"east":{"uv":[7,3,8.25,3.75],"texture":"#0"},"south":{"uv":[1.25,8.5,2,9.25],"texture":"#0"},"west":{"uv":[3.5,7.25,4.75,8],"texture":"#0"},"up":{"uv":[8,7,7.25,5.75],"texture":"#0"},"down":{"uv":[0.75,7.5,0,8.75],"texture":"#0"}}},{"from":[7.25,19.38686,13.4312],"to":[8.75,21.38686,18.4312],"rotation":{"angle":0,"axis":"y","origin":[8,19.38686,10.9312]},"faces":{"north":{"uv":[5,8.5,5.5,9],"texture":"#0"},"east":{"uv":[1.25,8,2.5,8.5],"texture":"#0"},"south":{"uv":[8.5,5,9,5.5],"texture":"#0"},"west":{"uv":[8,2.5,9.25,3],"texture":"#0"},"up":{"uv":[3.75,9.25,3.25,8],"texture":"#0"},"down":{"uv":[4.25,8,3.75,9.25],"texture":"#0"}}},{"from":[6.5,23.03387,9.19761],"to":[9.5,26.03387,14.19761],"rotation":{"angle":-22.5,"axis":"x","origin":[8,23.53387,11.69761]},"faces":{"north":{"uv":[8.5,1.5,9.25,2.25],"texture":"#0"},"east":{"uv":[7.5,0,8.75,0.75],"texture":"#0"},"south":{"uv":[4.25,8.5,5,9.25],"texture":"#0"},"west":{"uv":[7.75,3.75,9,4.5],"texture":"#0"},"up":{"uv":[3.25,9,2.5,7.75],"texture":"#0"},"down":{"uv":[8.5,4.5,7.75,5.75],"texture":"#0"}}},{"from":[7,23.53387,14.19761],"to":[9,25.53387,19.19761],"rotation":{"angle":-22.5,"axis":"x","origin":[8,23.53387,11.69761]},"faces":{"north":{"uv":[5.5,8.5,6,9],"texture":"#0"},"east":{"uv":[4.25,8,5.5,8.5],"texture":"#0"},"south":{"uv":[8.5,5.5,9,6],"texture":"#0"},"west":{"uv":[5.5,8,6.75,8.5],"texture":"#0"},"up":{"uv":[8.5,7,8,5.75],"texture":"#0"},"down":{"uv":[7.25,8,6.75,9.25],"texture":"#0"}}},{"from":[5,21,8],"to":[5,28,15],"rotation":{"angle":-22.5,"axis":"y","origin":[5,23,11.5]},"faces":{"north":{"uv":[0,0,0,1.75],"texture":"#0"},"east":{"uv":[2.75,0,4.5,1.75],"texture":"#0"},"south":{"uv":[0,0,0,1.75],"texture":"#0"},"west":{"uv":[2.75,1.75,4.5,3.5],"texture":"#0"},"up":{"uv":[0,1.75,0,0],"texture":"#0"},"down":{"uv":[0,0,0,1.75],"texture":"#0"}}},{"from":[8,24,2],"to":[8,31,13],"rotation":{"angle":0,"axis":"y","origin":[7,27,16]},"faces":{"north":{"uv":[0,0,0,1.75],"texture":"#0"},"east":{"uv":[0,0,2.75,1.75],"texture":"#0"},"south":{"uv":[0,0,0,1.75],"texture":"#0"},"west":{"uv":[0,1.75,2.75,3.5],"texture":"#0"},"up":{"uv":[0,2.75,0,0],"texture":"#0"},"down":{"uv":[0,0,0,2.75],"texture":"#0"}}}],"gui_light":"front","display":{"thirdperson_righthand":{"rotation":[0,-1,0],"translation":[0,-4.25,2],"scale":[0.75,0.75,0.75]},"thirdperson_lefthand":{"rotation":[0,-1,0],"translation":[0,-4.25,2],"scale":[0.75,0.75,0.75]},"firstperson_righthand":{"rotation":[7.52,0,-4.53],"translation":[2.5,-0.5,0],"scale":[0.5,0.5,0.5]},"firstperson_lefthand":{"rotation":[7.52,0,-4.53],"translation":[2.5,-0.5,0],"scale":[0.5,0.5,0.5]},"ground":{"rotation":[45,0,0],"translation":[0,2,0],"scale":[0.4,0.4,0.4]},"gui":{"rotation":[90,45,-90],"translation":[-4.5,-4,0],"scale":[0.6,0.6,0.6]},"fixed":{"rotation":[90,-45,90],"translation":[2,-3.25,-0.5],"scale":[0.7,0.7,0.7]}}}